2021-01-01,2459215.549848,2459216.024046,5,16,7,26,4,8,0,34,2459215.669349,2459216.115551
2021-01-02,2459216.550110,2459217.024437,6,17,8,0,6,8,0,34,2459216.652994,2459217.116715
2021-01-03,2459217.550362,2459218.024829,0,18,9,1,1,8,0,34,2459217.620055,2459218.102635
2021-01-04,2459218.550604,2459219.025221,1,19,10,2,3,8,0,34,2459218.572469,2459219.075135
2021-01-05,2459219.550837,2459220.025614,2,21,11,4,6,8,0,34,2459220.440343,2459220.035885
2021-01-06,2459220.551058,2459221.026008,3,22,12,5,1,8,0,34,2459221.358985,2459220.986447
2021-01-07,2459221.551270,2459222.026400,4,23,13,6,3,8,0,34,2459222.269578,2459221.928400
2021-01-08,2459222.551470,2459223.026793,5,24,14,7,5,8,0,34,2459223.174017,2459222.863529
2021-01-09,2459223.551659,2459224.027184,6,25,15,8,0,8,0,34,2459224.074654,2459223.794037
2021-01-10,2459224.551837,2459225.027574,0,26,16,9,3,8,0,34,2459224.974456,2459224.722735
2021-01-11,2459225.552003,2459226.027962,1,27,17,10,5,8,0,34,2459225.877075,2459225.653145
2021-01-12,2459226.552158,2459227.028348,2,28,18,12,7,8,0,34,2459226.786815,2459226.589492
2021-01-13,2459227.552300,2459228.028732,3,29,20,13,9,8,0,34,2459227.708490,2459228.499431
2021-01-14,2459228.552431,2459229.029113,4,0,21,14,0,9,0,33,2459228.647164,2459229.483041
2021-01-15,2459229.552549,2459230.029490,5,1,22,15,2,9,0,33,2459229.607758,2459230.491650
2021-01-16,2459230.552656,2459231.029865,6,2,23,16,4,9,0,33,2459230.594508,2459231.528120
2021-01-17,2459231.552749,2459232.030236,0,3,24,17,6,9,0,33,2459231.610265,2459232.593137
2021-01-18,2459232.552831,2459233.030602,1,4,24,18,1,9,0,33,2459232.655687,2459232.593137
2021-01-19,2459233.552899,2459234.030965,2,5,25,19,3,9,0,33,2459233.728505,2459233.684518
2021-01-20,2459234.552955,2459235.031323,3,6,26,20,5,9,0,33,2459234.823126,2459234.796870
2021-01-21,2459235.552998,2459236.031677,4,7,0,21,0,9,0,33,2459235.930920,2459235.921910
2021-01-22,2459236.553029,2459237.032025,5,8,1,22,2,9,0,33,2459237.041321,2459237.049518
2021-01-23,2459237.553047,2459238.032369,6,9,2,23,3,9,0,33,2459238.143486,2459238.169311
2021-01-24,2459238.553051,2459239.032707,0,10,3,24,5,9,0,33,2459239.228017,2459239.272262
2021-01-25,2459239.553044,2459240.033039,1,11,4,25,0,9,0,33,2459240.288208,2459240.351895
2021-01-26,2459240.553023,2459241.033366,2,12,5,26,2,9,0,33,2459241.320589,2459241.404835
2021-01-27,2459241.552989,2459242.033687,3,13,6,0,4,9,0,33,2459242.324770,2459242.430715
2021-01-28,2459242.552943,2459243.034002,4,14,7,1,6,9,0,33,2459243.302831,2459243.431612
2021-01-29,2459243.552885,2459244.034310,5,15,8,2,1,9,0,33,2459244.258517,2459244.411272
2021-01-30,2459244.552813,2459245.034613,6,16,9,3,3,9,0,33,2459245.196463,2459245.374331
2021-01-31,2459245.552729,2459246.034909,0,17,10,4,5,9,0,33,2459246.121546,2459246.325656
2021-02-01,2459246.552633,2459247.035198,1,18,11,5,0,9,0,33,2459247.038409,2459247.269835
2021-02-02,2459247.552524,2459248.035481,2,19,12,6,3,9,0,33,2459247.951118,2459248.210819
2021-02-03,2459248.552403,2459249.035757,3,20,13,8,5,9,0,33,2459248.862950,2459249.151714
2021-02-04,2459249.552270,2459250.036027,4,21,14,9,0,9,0,33,2459249.776321,2459250.094720
2021-02-05,2459250.552125,2459251.036289,5,22,15,10,2,9,0,33,2459250.692845,2459251.041255
2021-02-06,2459251.551968,2459252.036545,6,23,16,11,4,9,0,33,2459251.613556,2459251.992235
2021-02-07,2459252.551800,2459253.036794,0,25,17,12,0,9,0,33,2459253.470842,2459252.948474
2021-02-08,2459253.551619,2459254.037036,1,26,18,13,2,9,0,33,2459254.409782,2459253.911092
2021-02-09,2459254.551428,2459255.037272,2,27,19,14,4,9,0,33,2459255.358205,2459254.881838
2021-02-10,2459255.551225,2459256.037500,3,28,20,15,6,9,0,33,2459256.318992,2459255.863224
2021-02-11,2459256.551011,2459257.037721,4,29,21,17,8,9,0,33,2459257.295592,2459256.858445
2021-02-12,2459257.550786,2459258.037936,5,0,22,18,10,10,0,33,2459258.291635,2459257.871054
2021-02-13,2459258.550551,2459259.038144,6,1,23,19,1,10,0,33,2459259.310337,2459258.904429
2021-02-14,2459259.550305,2459260.038345,0,2,24,20,3,10,0,33,2459260.353724,2459259.961040
2021-02-15,2459260.550049,2459261.038540,1,3,25,21,5,10,0,33,2459261.421749,2459261.041594
2021-02-16,2459261.549783,2459262.038728,2,4,26,22,0,10,0,33,2459262.511487,2459262.144211
2021-02-17,2459262.549506,2459263.038909,3,5,0,23,2,10,0,33,2459263.616706,2459263.263881
2021-02-18,2459263.549221,2459264.039084,4,5,1,24,3,10,0,33,2459263.616706,2459264.392535
2021-02-19,2459264.548925,2459265.039252,5,6,2,25,5,10,0,33,2459264.728166,2459265.519914
2021-02-20,2459265.548621,2459266.039415,6,7,3,26,0,10,0,33,2459265.834779,2459266.635132
2021-02-21,2459266.548308,2459267.039571,0,8,3,0,2,10,0,33,2459266.925423,2459266.635132
2021-02-22,2459267.547986,2459268.039721,1,9,4,1,4,10,0,33,2459267.990809,2459267.728507
2021-02-23,2459268.547655,2459269.039865,2,10,5,2,6,10,0,33,2459269.024823,2459268.793057
2021-02-24,2459269.547316,2459270.040003,3,11,6,3,1,10,0,33,2459270.025037,2459269.825303
2021-02-25,2459270.546970,2459271.040135,4,12,7,4,3,10,0,33,2459270.992443,2459270.825286
2021-02-26,2459271.546615,2459272.040262,5,13,8,5,5,10,0,33,2459271.930709,2459271.796002
2021-02-27,2459272.546253,2459273.040384,6,14,9,6,0,10,0,33,2459272.845278,2459272.742544
2021-02-28,2459273.545884,2459274.040500,0,15,10,7,2,10,0,33,2459273.742540,2459273.671226
2021-03-01,2459274.545508,2459275.040612,1,16,11,8,4,10,0,33,2459274.629158,2459274.588824
2021-03-02,2459275.545125,2459276.040718,2,18,13,9,0,10,0,33,2459276.395615,2459276.416705
2021-03-03,2459276.544736,2459277.040819,3,19,14,11,2,10,0,33,2459277.286181,2459277.338056
2021-03-04,2459277.544341,2459278.040916,4,20,15,12,4,10,0,33,2459278.187027,2459278.269822
2021-03-05,2459278.543940,2459279.041009,5,21,16,13,6,10,0,33,2459279.100648,2459279.214436
2021-03-06,2459279.543533,2459280.041097,6,22,17,14,1,10,0,33,2459280.028350,2459280.173076
2021-03-07,2459280.543120,2459281.041181,0,23,18,15,4,10,0,33,2459280.970508,2459281.145983
2021-03-08,2459281.542703,2459282.041261,1,24,19,16,6,10,0,33,2459281.926978,2459282.132925
2021-03-09,2459282.542281,2459283.041338,2,25,20,17,1,10,0,33,2459282.897553,2459283.133694
2021-03-10,2459283.541854,2459284.041410,3,26,21,18,3,10,0,33,2459283.882354,2459284.148480
2021-03-11,2459284.541423,2459285.041480,4,27,22,19,5,10,0,33,2459284.882046,2459285.178053
2021-03-12,2459285.540988,2459286.041546,5,28,23,20,7,10,0,33,2459285.897850,2459286.223695
2021-03-13,2459286.540550,2459287.041610,6,29,24,21,9,10,0,33,2459286.931293,2459287.286855
2021-03-14,2459287.540108,2459288.041670,0,0,25,22,0,11,0,33,2459287.983703,2459288.368553
2021-03-15,2459288.539662,2459289.041728,1,1,26,23,2,11,0,33,2459289.055486,2459289.468599
2021-03-16,2459289.539214,2459290.041784,2,2,0,24,3,11,0,33,2459290.145303,2459290.584799
2021-03-17,2459290.538764,2459291.041837,3,3,0,25,5,11,0,33,2459291.249346,2459290.584799
2021-03-18,2459291.538311,2459292.041889,4,4,1,26,0,11,0,33,2459292.361021,2459291.712379
2021-03-19,2459292.537856,2459293.041938,5,5,2,0,2,11,0,33,2459293.471283,2459292.843917
2021-03-20,2459293.537399,2459294.041986,6,6,3,1,4,11,0,33,2459294.569734,2459293.969969
2021-03-21,2459294.536940,2459295.042033,0,6,4,2,5,11,0,33,2459294.569734,2459295.080373
2021-03-22,2459295.536481,2459296.042078,1,7,5,3,0,11,0,33,2459295.646265,2459296.165904
2021-03-23,2459296.536020,2459297.042122,2,8,6,4,2,11,0,33,2459296.692727,2459297.219765
2021-03-24,2459297.535559,2459298.042166,3,9,7,5,4,11,0,33,2459297.704117,2459298.238505
2021-03-25,2459298.535097,2459299.042209,4,10,8,6,6,11,0,33,2459298.678997,2459299.222187
2021-03-26,2459299.534636,2459300.042251,5,11,9,7,1,11,0,33,2459299.619208,2459300.173941
2021-03-27,2459300.534174,2459301.042293,6,13,10,9,4,11,0,33,2459301.414890,2459301.099166
2021-03-28,2459301.533713,2459302.042335,0,14,11,10,6,11,0,33,2459302.283461,2459302.004677
2021-03-29,2459302.533252,2459303.042377,1,15,12,11,1,11,0,33,2459303.142198,2459302.897967
2021-03-30,2459303.532793,2459304.042420,2,16,13,12,3,11,0,33,2459303.998339,2459303.786631
2021-03-31,2459304.532335,2459305.042463,3,17,14,13,6,11,0,33,2459304.858677,2459304.677909
2021-04-01,2459305.531878,2459306.042506,4,18,15,15,1,11,0,33,2459305.729269,2459305.578312
2021-04-02,2459306.531423,2459307.042551,5,19,17,16,3,11,0,33,2459306.615160,2459307.426889
2021-04-03,2459307.530970,2459308.042596,6,21,18,17,6,11,0,33,2459308.446665,2459308.381728
2021-04-04,2459308.530519,2459309.042643,0,22,19,18,1,11,0,33,2459309.395785,2459309.358905
2021-04-05,2459309.530071,2459310.042691,1,23,20,19,3,11,0,33,2459310.367450,2459310.358305
2021-04-06,2459310.529625,2459311.042741,2,24,21,20,5,11,0,33,2459311.360782,2459311.378952
2021-04-07,2459311.529183,2459312.042792,3,25,22,21,0,11,0,33,2459312.374439,2459312.419409
2021-04-08,2459312.528744,2459313.042846,4,26,23,22,2,11,0,33,2459313.406954,2459313.478132
2021-04-09,2459313.528308,2459314.042901,5,27,24,23,4,11,0,33,2459314.456969,2459314.553720
2021-04-10,2459314.527877,2459315.042958,6,28,24,24,6,11,0,33,2459315.523287,2459314.553720
2021-04-11,2459315.527449,2459316.043018,0,29,25,25,8,11,0,33,2459316.604653,2459315.644938
2021-04-12,2459316.527026,2459317.043080,1,29,26,26,9,11,0,33,2459316.604653,2459316.750475
2021-04-13,2459317.526607,2459318.043145,2,0,0,0,0,0,0,34,2459317.699267,2459317.868427
2021-04-14,2459318.526193,2459319.043213,3,1,1,1,2,0,0,34,2459318.804195,2459318.995710
2021-04-15,2459319.525784,2459320.043283,4,2,2,2,4,0,0,34,2459319.914892,2459320.127621
2021-04-16,2459320.525380,2459321.043356,5,3,3,3,6,0,0,34,2459321.025045,2459321.257747
2021-04-17,2459321.524982,2459322.043433,6,4,4,4,0,0,0,34,2459322.126875,2459322.378323
2021-04-18,2459322.524590,2459323.043512,0,5,5,5,2,0,0,34,2459323.211910,2459323.481048
2021-04-19,2459323.524203,2459324.043595,1,6,6,6,4,0,0,34,2459324.272144,2459324.558263
2021-04-20,2459324.523823,2459325.043681,2,7,6,7,6,0,0,34,2459325.301259,2459324.558263
2021-04-21,2459325.523448,2459326.043771,3,8,7,8,1,0,0,34,2459326.295530,2459325.604137
2021-04-22,2459326.523081,2459327.043865,4,9,8,9,3,0,0,34,2459327.254185,2459326.615529
2021-04-23,2459327.522720,2459328.043962,5,10,9,10,5,0,0,34,2459328.179215,2459327.592288
2021-04-24,2459328.522367,2459329.044062,6,11,10,11,0,0,0,34,2459329.074829,2459328.537024
2021-04-25,2459329.522020,2459330.044167,0,12,12,12,3,0,0,34,2459329.946787,2459330.351144
2021-04-26,2459330.521681,2459331.044275,1,13,13,14,5,0,0,34,2459330.801781,2459331.234019
2021-04-27,2459331.521349,2459332.044387,2,14,14,15,0,0,0,34,2459331.646948,2459332.110716
2021-04-28,2459332.521025,2459333.044504,3,16,15,16,3,0,0,34,2459333.336501,2459332.988758
2021-04-29,2459333.520709,2459334.044624,4,17,16,17,5,0,0,34,2459334.194534,2459333.875316
2021-04-30,2459334.520402,2459335.044748,5,18,17,18,0,0,0,34,2459335.069543,2459334.776895
2021-05-01,2459335.520102,2459336.044876,6,19,18,20,3,0,0,34,2459335.966521,2459335.699015
2021-05-02,2459336.519811,2459337.045008,0,20,19,21,5,0,0,34,2459336.889252,2459336.645911
2021-05-03,2459337.519528,2459338.045144,1,21,20,22,0,0,0,34,2459337.840098,2459337.620286
2021-05-04,2459338.519254,2459339.045284,2,22,21,23,2,0,0,34,2459338.819868,2459338.623183
2021-05-05,2459339.518989,2459340.045428,3,23,22,24,4,0,0,34,2459339.827812,2459339.653995
2021-05-06,2459340.518733,2459341.045576,4,24,23,25,6,0,0,34,2459340.861758,2459340.710623
2021-05-07,2459341.518486,2459342.045728,5,25,24,26,1,0,0,34,2459341.918422,2459341.789813
2021-05-08,2459342.518249,2459343.045883,6,26,25,0,3,0,0,34,2459342.993866,2459342.887630
2021-05-09,2459343.518020,2459344.046043,0,27,26,1,4,0,0,34,2459344.083941,2459343.999938
2021-05-10,2459344.517802,2459345.046206,1,28,0,2,6,0,0,34,2459345.184517,2459345.122653
2021-05-11,2459345.517592,2459346.046373,2,29,1,3,8,0,0,34,2459346.291428,2459346.251697
2021-05-12,2459346.517393,2459347.046543,3,0,2,4,10,1,0,34,2459347.400275,2459347.382791
2021-05-13,2459347.517203,2459348.046717,4,1,3,5,1,1,0,34,2459348.506264,2459348.511275
2021-05-14,2459348.517023,2459349.046895,5,2,4,6,3,1,0,34,2459349.604176,2459349.632050
2021-05-15,2459349.516852,2459350.047075,6,2,4,7,4,1,0,34,2459349.604176,2459349.632050
2021-05-16,2459350.516692,2459351.047259,0,3,5,8,6,1,0,34,2459350.688446,2459350.739644
2021-05-17,2459351.516541,2459352.047446,1,4,6,9,1,1,0,34,2459351.753444,2459351.828468
2021-05-18,2459352.516401,2459353.047635,2,5,7,10,3,1,0,34,2459352.793985,2459352.893337
2021-05-19,2459353.516270,2459354.047827,3,6,8,11,5,1,0,34,2459353.806001,2459353.930160
2021-05-20,2459354.516150,2459355.048022,4,7,9,12,0,1,0,34,2459354.787119,2459354.936562
2021-05-21,2459355.516039,2459356.048219,5,8,10,13,2,1,0,34,2459355.736957,2459355.912220
2021-05-22,2459356.515939,2459357.048419,6,9,11,14,4,1,0,34,2459356.657106,2459356.858873
2021-05-23,2459357.515848,2459358.048620,0,10,12,15,6,1,0,34,2459357.550875,2459357.780080
2021-05-24,2459358.515768,2459359.048824,1,12,13,16,2,1,0,34,2459359.278894,2459358.680849
2021-05-25,2459359.515697,2459360.049028,2,13,14,17,4,1,0,34,2459360.125043,2459359.567227
2021-05-26,2459360.515637,2459361.049235,3,14,16,19,6,1,0,34,2459360.967994,2459361.323997
2021-05-27,2459361.515586,2459362.049442,4,15,17,20,2,1,0,34,2459361.814492,2459362.208554
2021-05-28,2459362.515545,2459363.049651,5,16,18,21,4,1,0,34,2459362.671206,2459363.106488
2021-05-29,2459363.515514,2459364.049860,6,17,19,22,6,1,0,34,2459363.544502,2459364.024165
2021-05-30,2459364.515492,2459365.050070,0,19,20,23,2,1,0,34,2459365.363083,2459364.967060
2021-05-31,2459365.515480,2459366.050280,1,20,21,24,4,1,0,34,2459366.316796,2459365.939340
2021-06-01,2459366.515477,2459367.050490,2,21,22,26,6,1,0,34,2459367.303106,2459366.943424
2021-06-02,2459367.515483,2459368.050700,3,22,23,0,1,1,0,34,2459368.321683,2459367.979591
2021-06-03,2459368.515499,2459369.050909,4,23,24,1,3,1,0,34,2459369.369891,2459369.045773
2021-06-04,2459369.515523,2459370.051118,5,24,25,2,5,1,0,34,2459370.442972,2459370.137680
2021-06-05,2459370.515557,2459371.051325,6,25,26,3,0,1,0,34,2459371.534656,2459371.249350
2021-06-06,2459371.515599,2459372.051531,0,25,0,4,1,1,0,34,2459371.534656,2459372.373998
2021-06-07,2459372.515650,2459373.051736,1,26,1,5,3,1,0,34,2459372.638009,2459373.504834
2021-06-08,2459373.515709,2459374.051938,2,27,2,6,5,1,0,34,2459373.746209,2459374.635618
2021-06-09,2459374.515776,2459375.052139,3,28,2,6,7,1,0,34,2459374.853046,2459374.635618
2021-06-10,2459375.515852,2459376.052337,4,29,3,7,9,1,0,34,2459375.953187,2459375.760941
2021-06-11,2459376.515935,2459377.052532,5,0,4,8,0,2,0,34,2459377.042268,2459376.876337
2021-06-12,2459377.516025,2459378.052724,6,1,5,9,1,2,0,34,2459378.116818,2459377.978230
2021-06-13,2459378.516123,2459379.052913,0,2,6,10,3,2,0,34,2459379.174029,2459379.063715
2021-06-14,2459379.516228,2459380.053098,1,3,7,11,5,2,0,34,2459380.211510,2459380.130308
2021-06-15,2459380.516340,2459381.053279,2,4,8,12,0,2,0,34,2459381.227221,2459381.175841
2021-06-16,2459381.516459,2459382.053456,3,5,9,13,2,2,0,34,2459382.219594,2459382.198591
2021-06-17,2459382.516584,2459383.053629,4,6,10,14,4,2,0,34,2459383.187770,2459383.197529
2021-06-18,2459383.516715,2459384.053797,5,7,11,16,6,2,0,34,2459384.131791,2459384.172562
2021-06-19,2459384.516852,2459385.053960,6,8,12,17,1,2,0,34,2459385.052719,2459385.124680
2021-06-20,2459385.516995,2459386.054117,0,9,13,18,4,2,0,34,2459385.952666,2459386.056020
2021-06-21,2459386.517143,2459387.054269,1,10,14,19,6,2,0,34,2459386.834765,2459386.969857
2021-06-22,2459387.517296,2459388.054415,2,11,15,20,1,2,0,34,2459387.703095,2459387.870526
2021-06-23,2459388.517454,2459389.054554,3,12,16,21,3,2,0,34,2459388.562552,2459388.763274
2021-06-24,2459389.517616,2459390.054687,4,14,17,22,6,2,0,34,2459390.277562,2459389.654071
2021-06-25,2459390.517783,2459391.054814,5,15,18,24,1,2,0,34,2459391.145484,2459390.549377
2021-06-26,2459391.517953,2459392.054934,6,16,20,25,3,2,0,34,2459392.028837,2459392.380149
2021-06-27,2459392.518127,2459393.055046,0,17,21,26,6,2,0,34,2459392.933738,2459393.328272
2021-06-28,2459393.518305,2459394.055151,1,18,22,0,1,2,0,34,2459393.865631,2459394.305275
2021-06-29,2459394.518486,2459395.055249,2,19,23,1,3,2,0,34,2459394.828744,2459395.314514
2021-06-30,2459395.518669,2459396.055338,3,20,24,2,5,2,0,34,2459395.825436,2459396.356989
2021-07-01,2459396.518855,2459397.055419,4,21,25,3,0,2,0,34,2459396.855544,2459397.430823
2021-07-02,2459397.519043,2459398.055493,5,22,26,4,2,2,0,34,2459397.915954,2459398.531129
2021-07-03,2459398.519233,2459399.055557,6,23,26,5,4,2,0,34,2459399.000643,2459398.531129
2021-07-04,2459399.519425,2459400.055613,0,24,0,6,5,2,0,34,2459400.101385,2459399.650498
2021-07-05,2459400.519618,2459401.055660,1,25,1,7,0,2,0,34,2459401.208951,2459400.780063
2021-07-06,2459401.519812,2459402.055698,2,26,2,8,2,2,0,34,2459402.314425,2459401.910818
2021-07-07,2459402.520007,2459403.055727,3,27,3,9,4,2,0,34,2459403.410274,2459403.034778
2021-07-08,2459403.520202,2459404.055746,4,28,4,10,6,2,0,34,2459404.490980,2459404.145765
2021-07-09,2459404.520398,2459405.055756,5,29,5,11,8,2,0,34,2459405.553206,2459405.239734
2021-07-10,2459405.520593,2459406.055756,6,29,6,12,9,2,0,34,2459405.553206,2459406.314670
2021-07-11,2459406.520789,2459407.055747,0,0,7,13,0,3,0,34,2459406.595538,2459407.370123
2021-07-12,2459407.520983,2459408.055727,1,1,8,14,2,3,0,34,2459407.617943,2459408.406593
2021-07-13,2459408.521177,2459409.055698,2,2,9,15,4,3,0,34,2459408.621149,2459409.424983
2021-07-14,2459409.521370,2459410.055659,3,3,10,16,6,3,0,34,2459409.606164,2459410.426245
2021-07-15,2459410.521562,2459411.055609,4,4,11,17,1,3,0,34,2459410.573984,2459411.411247
2021-07-16,2459411.521752,2459412.055549,5,5,12,18,3,3,0,34,2459411.525508,2459412.380791
2021-07-17,2459412.521941,2459413.055479,6,7,13,19,6,3,0,34,2459413.383088,2459413.335749
2021-07-18,2459413.522127,2459414.055398,0,8,14,21,1,3,0,34,2459414.291244,2459414.277277
2021-07-19,2459414.522312,2459415.055308,1,9,15,22,3,3,0,34,2459415.187733,2459415.207075
2021-07-20,2459415.522494,2459416.055206,2,10,16,23,5,3,0,34,2459416.074959,2459416.127625
2021-07-21,2459416.522674,2459417.055095,3,11,17,24,1,3,0,34,2459416.956178,2459417.042352
2021-07-22,2459417.522851,2459418.054972,4,12,18,25,3,3,0,34,2459417.835524,2459417.955645
2021-07-23,2459418.523025,2459419.054840,5,13,19,26,5,3,0,34,2459418.717929,2459418.872748
2021-07-24,2459419.523196,2459420.054697,6,14,20,0,0,3,0,34,2459419.608949,2459419.799530
2021-07-25,2459420.523364,2459421.054543,0,16,21,2,3,3,0,34,2459421.440463,2459420.742137
2021-07-26,2459421.523529,2459422.054380,1,17,22,3,5,3,0,34,2459422.392241,2459421.706524
2021-07-27,2459422.523690,2459423.054205,2,18,23,4,0,3,0,34,2459423.374038,2459422.697842
2021-07-28,2459423.523847,2459424.054021,3,19,24,5,2,3,0,34,2459424.388094,2459423.719679
2021-07-29,2459424.524001,2459425.053826,4,20,25,6,4,3,0,34,2459425.433882,2459424.773230
2021-07-30,2459425.524151,2459426.053621,5,21,26,7,6,3,0,34,2459426.507542,2459425.856586
2021-07-31,2459426.524297,2459427.053406,6,22,0,8,1,3,0,34,2459427.601887,2459426.964433
2021-08-01,2459427.524439,2459428.053181,0,22,1,9,2,3,0,34,2459427.601887,2459428.088433
2021-08-02,2459428.524578,2459429.052946,1,23,2,10,4,3,0,34,2459428.707194,2459429.218378
2021-08-03,2459429.524711,2459430.052701,2,24,3,11,6,3,0,34,2459429.812684,2459430.343823
2021-08-04,2459430.524841,2459431.052447,3,25,4,12,1,3,0,34,2459430.908264,2459431.455713
2021-08-05,2459431.524966,2459432.052182,4,26,5,13,3,3,0,34,2459431.985981,2459432.547546
2021-08-06,2459432.525088,2459433.051909,5,27,5,14,5,3,0,34,2459433.040826,2459432.547546
2021-08-07,2459433.525204,2459434.051626,6,28,6,15,6,3,0,34,2459434.070814,2459433.615838
2021-08-08,2459434.525317,2459435.051333,0,29,7,16,8,3,0,34,2459435.076501,2459434.659938
2021-08-09,2459435.525425,2459436.051032,1,0,8,17,10,4,0,34,2459436.060216,2459435.681392
2021-08-10,2459436.525528,2459437.050722,2,1,9,18,1,4,0,34,2459437.025253,2459436.683124
2021-08-11,2459437.525627,2459438.050402,3,2,10,19,4,4,0,34,2459437.975183,2459437.668653
2021-08-12,2459438.525722,2459439.050075,4,3,11,20,6,4,0,34,2459438.913346,2459438.641468
2021-08-13,2459439.525813,2459440.049738,5,4,12,21,1,4,0,34,2459439.842539,2459439.604604
2021-08-14,2459440.525899,2459441.049394,6,5,13,22,3,4,0,34,2459440.764878,2459440.560417
2021-08-15,2459441.525981,2459442.049041,0,6,15,23,5,4,0,34,2459441.681839,2459442.456185
2021-08-16,2459442.526058,2459443.048680,1,7,16,25,0,4,0,34,2459442.594454,2459443.398211
2021-08-17,2459443.526131,2459444.048312,2,9,17,26,3,4,0,34,2459444.410547,2459444.337793
2021-08-18,2459444.526201,2459445.047936,3,10,18,0,5,4,0,34,2459445.316940,2459445.276675
2021-08-19,2459445.526266,2459446.047553,4,11,19,1,0,4,0,34,2459446.225385,2459446.217462
2021-08-20,2459446.526327,2459447.047162,5,12,20,2,2,4,0,34,2459447.139340,2459447.163706
2021-08-21,2459447.526384,2459448.046765,6,13,21,3,4,4,0,34,2459448.063063,2459448.119794
2021-08-22,2459448.526437,2459449.046361,0,14,22,4,6,4,0,34,2459449.001365,2459449.090655
2021-08-23,2459449.526486,2459450.045950,1,15,23,5,2,4,0,34,2459449.959215,2459450.081296
2021-08-24,2459450.526532,2459451.045533,2,16,24,6,4,4,0,34,2459450.941174,2459451.096151
2021-08-25,2459451.526574,2459452.045110,3,17,25,8,6,4,0,34,2459451.950664,2459452.138282
2021-08-26,2459452.526613,2459453.044681,4,18,26,9,1,4,0,34,2459452.989103,2459453.208491
2021-08-27,2459453.526648,2459454.044246,5,19,0,10,3,4,0,34,2459454.055063,2459454.304550
2021-08-28,2459454.526680,2459455.043806,6,20,1,11,4,4,0,34,2459455.143723,2459455.420825
2021-08-29,2459455.526709,2459456.043361,0,21,2,11,6,4,0,34,2459456.246943,2459456.548598
2021-08-30,2459456.526736,2459457.042911,1,22,2,12,1,4,0,34,2459457.354161,2459456.548598
2021-08-31,2459457.526759,2459458.042456,2,23,3,13,3,4,0,34,2459458.454027,2459457.677178
2021-09-01,2459458.526779,2459459.041997,3,24,4,14,5,4,0,34,2459459.536306,2459458.795619
2021-09-02,2459459.526797,2459460.041533,4,24,5,15,6,4,0,34,2459459.536306,2459459.894533
2021-09-03,2459460.526813,2459461.041066,5,25,6,16,1,4,0,34,2459460.593448,2459460.967440
2021-09-04,2459461.526826,2459462.040594,6,26,7,17,3,4,0,34,2459461.621361,2459462.011336
2021-09-05,2459462.526838,2459463.040120,0,27,8,18,5,4,0,34,2459462.619368,2459463.026485
2021-09-06,2459463.526847,2459464.039642,1,28,9,19,7,4,0,34,2459463.589563,2459464.015709
2021-09-07,2459464.526855,2459465.039161,2,29,10,21,9,4,0,34,2459464.535948,2459464.983504
2021-09-08,2459465.526861,2459466.038677,3,1,11,22,1,5,0,34,2459466.377806,2459465.935193
2021-09-09,2459466.526866,2459467.038191,4,2,12,23,3,5,0,34,2459467.283831,2459466.876221
2021-09-10,2459467.526869,2459468.037703,5,3,13,24,5,5,0,34,2459468.186206,2459467.811613
2021-09-11,2459468.526871,2459469.037213,6,4,14,25,0,5,0,34,2459469.088637,2459468.745606
2021-09-12,2459469.526873,2459470.036721,0,5,15,26,2,5,0,34,2459469.993861,2459469.681430
2021-09-13,2459470.526874,2459471.036227,1,6,16,0,5,5,0,34,2459470.903715,2459470.621301
2021-09-14,2459471.526874,2459472.035733,2,7,17,2,0,5,0,34,2459471.819353,2459471.566606
2021-09-15,2459472.526874,2459473.035238,3,8,19,3,2,5,0,34,2459472.741603,2459473.477069
2021-09-16,2459473.526874,2459474.034742,4,9,20,4,4,5,0,34,2459473.671342,2459474.444236
2021-09-17,2459474.526874,2459475.034245,5,10,21,5,6,5,0,34,2459474.609826,2459475.421481
2021-09-18,2459475.526874,2459476.033749,6,11,22,6,1,5,0,34,2459475.558892,2459476.411176
2021-09-19,2459476.526875,2459477.033253,0,13,23,7,4,5,0,34,2459477.499090,2459477.416214
2021-09-20,2459477.526876,2459478.032757,1,14,24,8,6,5,0,34,2459478.496317,2459478.439693
2021-09-21,2459478.526879,2459479.032262,2,15,25,9,1,5,0,34,2459479.515502,2459479.484387
2021-09-22,2459479.526882,2459480.031769,3,16,26,10,3,5,0,34,2459480.558449,2459480.552028
2021-09-23,2459480.526887,2459481.031276,4,16,26,11,4,5,0,34,2459480.558449,2459480.552028
2021-09-24,2459481.526893,2459482.030785,5,17,0,12,6,5,0,34,2459481.625120,2459481.642480
2021-09-25,2459482.526900,2459483.030296,6,18,1,13,1,5,0,34,2459482.712869,2459482.753010
2021-09-26,2459483.526910,2459484.029809,0,19,2,14,3,5,0,34,2459483.816029,2459483.877929
2021-09-27,2459484.526921,2459485.029324,1,20,3,15,5,5,0,34,2459484.926103,2459485.008844
2021-09-28,2459485.526935,2459486.028842,2,21,4,16,0,5,0,34,2459486.032688,2459486.135595
2021-09-29,2459486.526952,2459487.028363,3,22,5,17,1,5,0,34,2459487.125002,2459487.247751
2021-09-30,2459487.526971,2459488.027887,4,23,6,18,3,5,0,34,2459488.193633,2459488.336287
2021-10-01,2459488.526992,2459489.027415,5,24,7,19,5,5,0,34,2459489.231958,2459489.394948
2021-10-02,2459489.527017,2459490.026946,6,25,8,20,0,5,0,34,2459490.236831,2459490.420912
2021-10-03,2459490.527045,2459491.026481,0,26,9,21,2,5,0,34,2459491.208475,2459491.414687
2021-10-04,2459491.527077,2459492.026021,1,27,10,22,4,5,0,34,2459492.149833,2459492.379484
2021-10-05,2459492.527112,2459493.025565,2,28,11,23,6,5,0,34,2459493.065729,2459493.320384
2021-10-06,2459493.527151,2459494.025114,3,29,12,24,9,5,0,34,2459493.962069,2459494.243530
2021-10-07,2459494.527194,2459495.024669,4,0,13,26,0,6,0,34,2459494.845203,2459495.155466
2021-10-08,2459495.527241,2459496.024228,5,1,14,0,2,6,0,34,2459495.721442,2459496.062619
2021-10-09,2459496.527293,2459497.023794,6,2,15,1,4,6,0,34,2459496.596704,2459496.970900
2021-10-10,2459497.527349,2459498.023365,0,4,16,2,0,6,0,34,2459498.364411,2459497.885401
2021-10-11,2459498.527410,2459499.022942,1,5,17,3,2,6,0,34,2459499.264625,2459498.810192
2021-10-12,2459499.527476,2459500.022526,2,6,18,4,4,6,0,34,2459500.179288,2459499.748247
2021-10-13,2459500.527546,2459501.022117,3,7,19,5,6,6,0,34,2459501.109959,2459500.701522
2021-10-14,2459501.527622,2459502.021715,4,8,20,7,1,6,0,34,2459502.057560,2459501.671162
2021-10-15,2459502.527704,2459503.021319,5,9,21,8,3,6,0,34,2459503.022630,2459502.657783
2021-10-16,2459503.527791,2459504.020932,6,10,22,9,6,6,0,34,2459504.005535,2459503.661727
2021-10-17,2459504.527883,2459505.020552,0,11,23,10,1,6,0,34,2459505.006619,2459504.683259
2021-10-18,2459505.527982,2459506.020180,1,12,24,11,3,6,0,34,2459506.026277,2459505.722674
2021-10-19,2459506.528086,2459507.019817,2,13,25,12,4,6,0,34,2459507.064897,2459506.780288
2021-10-20,2459507.528197,2459508.019462,3,14,26,13,6,6,0,34,2459508.122614,2459507.856253
2021-10-21,2459508.528314,2459509.019115,4,15,0,14,1,6,0,34,2459509.198835,2459508.950140
2021-10-22,2459509.528437,2459510.018778,5,16,1,15,3,6,0,34,2459510.291631,2459510.060352
2021-10-23,2459510.528567,2459511.018450,6,17,2,16,5,6,0,34,2459511.397193,2459511.183565
2021-10-24,2459511.528703,2459512.018132,0,18,3,17,0,6,0,34,2459512.509613,2459512.314444
2021-10-25,2459512.528846,2459513.017823,1,19,4,18,2,6,0,34,2459513.621099,2459513.445768
2021-10-26,2459513.528995,2459514.017524,2,19,5,19,3,6,0,34,2459513.621099,2459514.569008
2021-10-27,2459514.529152,2459515.017235,3,20,5,20,5,6,0,34,2459514.722669,2459514.569008
2021-10-28,2459515.529316,2459516.016957,4,21,6,21,0,6,0,34,2459515.805263,2459515.675309
2021-10-29,2459516.529486,2459517.016689,5,22,7,22,2,6,0,34,2459516.861050,2459516.756748
2021-10-30,2459517.529664,2459518.016432,6,23,8,23,4,6,0,34,2459517.884574,2459517.807510
2021-10-31,2459518.529848,2459519.016186,0,24,9,24,6,6,0,34,2459518.873353,2459518.824639
2021-11-01,2459519.530040,2459520.015952,1,25,10,25,1,6,0,34,2459519.827855,2459519.808163
2021-11-02,2459520.530240,2459521.015728,2,26,11,26,3,6,0,34,2459520.751018,2459520.760723
2021-11-03,2459521.530446,2459522.015516,3,27,12,0,5,6,0,34,2459521.647591,2459521.686955
2021-11-04,2459522.530659,2459523.015316,4,29,13,1,8,6,0,34,2459523.385243,2459522.592828
2021-11-05,2459523.530880,2459524.015128,5,0,15,2,10,7,0,34,2459524.239654,2459524.370706
2021-11-06,2459524.531108,2459525.014951,6,1,16,4,1,7,0,34,2459525.093445,2459525.256710
2021-11-07,2459525.531343,2459526.014787,0,2,17,5,4,7,0,34,2459525.953048,2459526.149690
2021-11-08,2459526.531586,2459527.014636,1,3,18,6,6,7,0,34,2459526.824375,2459527.055617
2021-11-09,2459527.531835,2459528.014496,2,4,19,7,1,7,0,34,2459527.712603,2459527.979556
2021-11-10,2459528.532092,2459529.014370,3,5,20,8,3,7,0,34,2459528.621949,2459528.925431
2021-11-11,2459529.532356,2459530.014256,4,6,21,9,5,7,0,34,2459529.555490,2459529.895853
2021-11-12,2459530.532626,2459531.014154,5,8,22,11,1,7,0,34,2459531.501078,2459530.892041
2021-11-13,2459531.532904,2459532.014066,6,9,23,12,3,7,0,34,2459532.512875,2459531.913854
2021-11-14,2459532.533188,2459533.013991,0,10,24,13,5,7,0,34,2459533.548597,2459532.959935
2021-11-15,2459533.533478,2459534.013928,1,10,25,14,6,7,0,34,2459533.548597,2459534.027977
2021-11-16,2459534.533776,2459535.013879,2,11,26,15,1,7,0,34,2459534.605633,2459535.115086
2021-11-17,2459535.534079,2459536.013843,3,12,0,16,3,7,0,34,2459535.680937,2459536.218105
2021-11-18,2459536.534389,2459537.013820,4,13,1,17,5,7,0,34,2459536.771258,2459537.333748
2021-11-19,2459537.534704,2459538.013810,5,14,2,18,0,7,0,34,2459537.873138,2459538.458485
2021-11-20,2459538.535026,2459539.013814,6,15,3,19,2,7,0,34,2459538.982732,2459539.588322
2021-11-21,2459539.535353,2459540.013830,0,16,3,20,3,7,0,34,2459540.095588,2459539.588322
2021-11-22,2459540.535686,2459541.013860,1,17,4,21,5,7,0,34,2459541.206533,2459540.718617
2021-11-23,2459541.536024,2459542.013903,2,18,5,21,0,7,0,34,2459542.309692,2459541.844024
2021-11-24,2459542.536366,2459543.013959,3,19,6,22,2,7,0,34,2459543.398689,2459542.958572
2021-11-25,2459543.536714,2459544.014028,4,20,7,23,4,7,0,34,2459544.467129,2459544.055985
2021-11-26,2459544.537066,2459545.014110,5,21,8,24,6,7,0,34,2459545.509350,2459545.130304
2021-11-27,2459545.537422,2459546.014205,6,22,9,25,1,7,0,34,2459546.521197,2459546.176689
2021-11-28,2459546.537782,2459547.014313,0,23,10,26,3,7,0,34,2459547.500549,2459547.192095
2021-11-29,2459547.538146,2459548.014433,1,24,11,1,5,7,0,34,2459548.447472,2459548.175638
2021-11-30,2459548.538513,2459549.014566,2,25,12,2,0,7,0,34,2459549.364081,2459549.128613
2021-12-01,2459549.538883,2459550.014711,3,26,13,3,2,7,0,34,2459550.254208,2459550.054266
2021-12-02,2459550.539255,2459551.014869,4,27,14,4,4,7,0,34,2459551.123016,2459550.957444
2021-12-03,2459551.539630,2459552.015039,5,28,15,5,6,7,0,34,2459551.976610,2459551.844177
2021-12-04,2459552.540007,2459553.015220,6,29,16,6,9,7,0,34,2459552.821698,2459552.721294
2021-12-05,2459553.540386,2459554.015413,0,0,17,8,0,8,0,34,2459553.665315,2459553.596070
2021-12-06,2459554.540765,2459555.015618,1,2,19,9,3,8,0,34,2459555.376549,2459555.368142
2021-12-07,2459555.541146,2459556.015833,2,3,20,10,5,8,0,34,2459556.257776,2459556.279496
2021-12-08,2459556.541527,2459557.016060,3,4,21,11,0,8,0,34,2459557.164129,2459557.215878
2021-12-09,2459557.541909,2459558.016297,4,5,22,12,2,8,0,34,2459558.100267,2459558.181791
2021-12-10,2459558.542290,2459559.016545,5,6,23,13,4,8,0,34,2459559.069160,2459559.179860
2021-12-11,2459559.542670,2459560.016803,6,7,24,14,6,8,0,34,2459560.071645,2459560.210434
2021-12-12,2459560.543049,2459561.017071,0,8,25,16,1,8,0,34,2459561.106175,2459561.271445
2021-12-13,2459561.543427,2459562.017349,1,9,26,17,3,8,0,34,2459562.168909,2459562.358635
2021-12-14,2459562.543803,2459563.017635,2,10,0,18,5,8,0,34,2459563.254214,2459563.466188
2021-12-15,2459563.544177,2459564.017931,3,11,1,19,0,8,0,34,2459564.355488,2459564.587589
2021-12-16,2459564.544548,2459565.018235,4,12,1,19,2,8,0,34,2459565.466034,2459564.587589
2021-12-17,2459565.544916,2459566.018547,5,13,2,20,4,8,0,34,2459566.579714,2459565.716447
2021-12-18,2459566.545280,2459567.018867,6,13,3,21,5,8,0,34,2459566.579714,2459566.847055
2021-12-19,2459567.545640,2459568.019194,0,14,4,22,0,8,0,34,2459567.691297,2459567.974624
2021-12-20,2459568.545996,2459569.019529,1,15,5,23,2,8,0,34,2459568.796502,2459569.095254
2021-12-21,2459569.546347,2459570.019870,2,16,6,24,4,8,0,34,2459569.891797,2459570.205670
2021-12-22,2459570.546693,2459571.020218,3,17,7,25,6,8,0,34,2459570.974031,2459571.302841
2021-12-23,2459571.547034,2459572.020571,4,18,8,26,1,8,0,34,2459572.040087,2459572.383674
2021-12-24,2459572.547368,2459573.020930,5,19,9,0,2,8,0,34,2459573.086772,2459573.444991
2021-12-25,2459573.547696,2459574.021295,6,20,10,1,4,8,0,34,2459574.111004,2459574.483785
2021-12-26,2459574.548018,2459575.021663,0,21,11,2,6,8,0,34,2459575.110188,2459575.497632
2021-12-27,2459575.548332,2459576.022036,1,22,12,3,1,8,0,34,2459576.082604,2459576.485083
2021-12-28,2459576.548639,2459577.022413,2,23,13,4,3,8,0,34,2459577.027717,2459577.445989
2021-12-29,2459577.548937,2459578.022794,3,24,14,6,6,8,0,34,2459577.946400,2459578.381732
2021-12-30,2459578.549228,2459579.023177,4,25,15,7,1,8,0,34,2459578.841030,2459579.295311
2021-12-31,2459579.549510,2459580.023563,5,26,16,8,3,8,0,34,2459579.715443,2459580.191253
2022-01-01,2459580.549784,2459581.023952,6,27,17,9,5,8,0,35,2459580.574755,2459581.075378
2022-01-02,2459581.550048,2459582.024342,0,29,18,10,8,8,0,35,2459582.273290,2459581.954477
2022-01-03,2459582.550302,2459583.024733,1,0,19,12,10,9,0,34,2459583.126666,2459582.835973
2022-01-04,2459583.550547,2459584.025126,2,1,20,13,1,9,0,34,2459583.992697,2459583.727583
2022-01-05,2459584.550782,2459585.025519,3,2,21,14,4,9,0,34,2459584.878720,2459584.636929
2022-01-06,2459585.551006,2459586.025912,4,3,22,15,6,9,0,34,2459585.791490,2459585.571068
2022-01-07,2459586.551220,2459587.026305,5,4,24,16,1,9,0,34,2459586.736574,2459587.535207
2022-01-08,2459587.551423,2459588.026698,6,5,25,17,3,9,0,34,2459587.717606,2459588.570329
2022-01-09,2459588.551615,2459589.027089,0,6,25,18,5,9,0,34,2459588.735523,2459588.570329
2022-01-10,2459589.551796,2459590.027479,1,7,26,19,0,9,0,34,2459589.788019,2459589.639224
2022-01-11,2459590.551965,2459591.027868,2,8,0,20,2,9,0,34,2459590.869518,2459590.736671
2022-01-12,2459591.552122,2459592.028255,3,9,1,21,4,9,0,34,2459591.971844,2459591.854888
2022-01-13,2459592.552268,2459593.028639,4,10,2,22,6,9,0,34,2459593.085481,2459592.984755
2022-01-14,2459593.552401,2459594.029021,5,11,3,23,0,9,0,34,2459594.201090,2459594.117249
2022-01-15,2459594.552523,2459595.029399,6,12,4,24,2,9,0,34,2459595.310781,2459595.244683
2022-01-16,2459595.552632,2459596.029774,0,13,5,25,4,9,0,34,2459596.408854,2459596.361435
2022-01-17,2459596.552729,2459597.030146,1,14,6,26,6,9,0,34,2459597.491900,2459597.464082
2022-01-18,2459597.552813,2459598.030514,2,15,7,0,1,9,0,34,2459598.558376,2459598.551024
2022-01-19,2459598.552885,2459599.030878,3,15,8,1,2,9,0,34,2459598.558376,2459599.621807
2022-01-20,2459599.552944,2459600.031237,4,16,8,2,4,9,0,34,2459599.607896,2459599.621807
2022-01-21,2459600.552990,2459601.031592,5,17,9,3,6,9,0,34,2459600.640507,2459600.676406
2022-01-22,2459601.553023,2459602.031941,6,18,10,4,1,9,0,34,2459601.656174,2459601.714712
2022-01-23,2459602.553044,2459603.032286,0,19,11,5,3,9,0,34,2459602.654533,2459602.736280
2022-01-24,2459603.553052,2459604.032625,1,20,12,6,5,9,0,34,2459603.634906,2459603.740347
2022-01-25,2459604.553048,2459605.032959,2,21,13,7,0,9,0,34,2459604.596488,2459604.726036
2022-01-26,2459605.553030,2459606.033288,3,23,14,8,3,9,0,34,2459606.461487,2459605.692710
2022-01-27,2459606.553000,2459607.033610,4,24,15,10,5,9,0,34,2459607.365949,2459606.640427
2022-01-28,2459607.552957,2459608.033926,5,25,16,11,0,9,0,34,2459608.254400,2459607.570380
2022-01-29,2459608.552901,2459609.034236,6,26,18,12,2,9,0,34,2459609.130564,2459609.388989
2022-01-30,2459609.552833,2459610.034540,0,27,19,13,4,9,0,34,2459609.999444,2459610.287231
2022-01-31,2459610.552752,2459611.034838,1,28,20,14,7,9,0,34,2459610.867082,2459611.186431
2022-02-01,2459611.552658,2459612.035129,2,29,21,16,9,9,0,34,2459611.740258,2459612.093769
2022-02-02,2459612.552553,2459613.035414,3,0,22,17,0,10,0,34,2459612.626160,2459613.016663
2022-02-03,2459613.552435,2459614.035691,4,2,23,18,3,10,0,34,2459614.464376,2459613.962238
2022-02-04,2459614.552304,2459615.035962,5,3,24,19,5,10,0,34,2459615.428801,2459614.936652
2022-02-05,2459615.552162,2459616.036227,6,4,25,20,0,10,0,34,2459616.428608,2459615.944259
2022-02-06,2459616.552008,2459617.036484,0,5,26,21,2,10,0,34,2459617.464166,2459616.986722
2022-02-07,2459617.551842,2459618.036735,1,6,0,22,4,10,0,34,2459618.532211,2459618.062273
2022-02-08,2459618.551665,2459619.036979,2,7,1,23,6,10,0,34,2459619.625797,2459619.165482
2022-02-09,2459619.551476,2459620.037216,3,7,2,24,0,10,0,34,2459619.625797,2459620.287761
2022-02-10,2459620.551276,2459621.037446,4,8,3,25,2,10,0,34,2459620.735091,2459621.418661
2022-02-11,2459621.551065,2459622.037669,5,9,4,26,4,10,0,34,2459621.848948,2459622.547631
2022-02-12,2459622.550843,2459623.037885,6,10,5,0,6,10,0,34,2459622.956813,2459623.665698
2022-02-13,2459623.550610,2459624.038095,0,11,5,1,1,10,0,34,2459624.050311,2459623.665698
2022-02-14,2459624.550366,2459625.038298,1,12,6,2,2,10,0,34,2459625.124103,2459624.766572
2022-02-15,2459625.550113,2459626.038494,2,13,7,3,4,10,0,34,2459626.175895,2459625.846963
2022-02-16,2459626.549849,2459627.038683,3,14,8,4,6,10,0,34,2459627.205859,2459626.906228
2022-02-17,2459627.549575,2459628.038866,4,15,9,5,1,10,0,34,2459628.215759,2459627.945606
2022-02-18,2459628.549292,2459629.039043,5,16,10,6,3,10,0,34,2459629.208096,2459628.967345
2022-02-19,2459629.548999,2459630.039213,6,17,11,7,5,10,0,34,2459630.185413,2459629.973941
2022-02-20,2459630.548697,2459631.039377,0,18,12,8,0,10,0,34,2459631.149822,2459630.967578
2022-02-21,2459631.548385,2459632.039534,1,19,13,9,2,10,0,34,2459632.102775,2459631.949817
2022-02-22,2459632.548065,2459633.039686,2,20,14,10,4,10,0,34,2459633.045060,2459632.921528
2022-02-23,2459633.547737,2459634.039831,3,21,15,11,0,10,0,34,2459633.976999,2459633.883060
2022-02-24,2459634.547400,2459635.039971,4,22,16,13,2,10,0,34,2459634.898812,2459634.834605
2022-02-25,2459635.547055,2459636.040105,5,23,17,14,4,10,0,34,2459635.811068,2459635.776671
2022-02-26,2459636.546703,2459637.040233,6,24,18,15,6,10,0,34,2459636.715098,2459636.710550
2022-02-27,2459637.546343,2459638.040356,0,25,19,16,1,10,0,34,2459637.613280,2459637.638643
2022-02-28,2459638.545975,2459639.040473,1,27,20,17,4,10,0,34,2459639.407256,2459638.564574
2022-03-01,2459639.545601,2459640.040586,2,28,22,18,6,10,0,34,2459640.313059,2459640.429812
2022-03-02,2459640.545220,2459641.040693,3,29,23,19,8,10,0,34,2459641.232485,2459641.380808
2022-03-03,2459641.544832,2459642.040796,4,0,24,21,10,11,0,34,2459642.171541,2459642.352095
2022-03-04,2459642.544438,2459643.040894,5,1,25,22,1,11,0,34,2459643.135730,2459643.348953
2022-03-05,2459643.544038,2459644.040988,6,2,26,23,3,11,0,34,2459644.129310,2459644.375121
2022-03-06,2459644.543633,2459645.041077,0,3,0,24,5,11,0,34,2459645.154438,2459645.431929
2022-03-07,2459645.543222,2459646.041162,1,4,1,25,0,11,0,34,2459646.210325,2459646.517548
2022-03-08,2459646.542806,2459647.041243,2,5,2,26,2,11,0,34,2459647.292674,2459647.626662
2022-03-09,2459647.542385,2459648.041320,3,6,2,0,4,11,0,34,2459648.393733,2459647.626662
2022-03-10,2459648.541959,2459649.041394,4,7,3,1,6,11,0,34,2459649.503168,2459648.750812
2022-03-11,2459649.541529,2459650.041465,5,8,4,2,1,11,0,34,2459650.609681,2459649.879526
2022-03-12,2459650.541095,2459651.041532,6,8,5,3,2,11,0,34,2459650.609681,2459651.002018
2022-03-13,2459651.540657,2459652.041596,0,9,6,4,4,11,0,34,2459651.702903,2459652.108940
2022-03-14,2459652.540216,2459653.041657,1,10,7,5,6,11,0,34,2459652.774953,2459653.193672
2022-03-15,2459653.539772,2459654.041716,2,11,8,6,1,11,0,34,2459653.821221,2459654.252823
2022-03-16,2459654.539324,2459655.041772,3,12,9,7,3,11,0,34,2459654.840333,2459655.286016
2022-03-17,2459655.538874,2459656.041826,4,13,10,8,5,11,0,34,2459655.833543,2459656.295211
2022-03-18,2459656.538422,2459657.041878,5,14,11,9,0,11,0,34,2459656.803890,2459657.283861
2022-03-19,2459657.537967,2459658.041928,6,15,12,10,2,11,0,34,2459657.755376,2459658.256119
2022-03-20,2459658.537511,2459659.041976,0,16,13,11,4,11,0,34,2459658.692272,2459659.216196
2022-03-21,2459659.537053,2459660.042023,1,17,14,12,6,11,0,34,2459659.618622,2459660.167898
2022-03-22,2459660.536593,2459661.042069,2,18,15,13,1,11,0,34,2459660.537912,2459661.114365
2022-03-23,2459661.536133,2459662.042113,3,20,16,14,4,11,0,34,2459662.365743,2459662.057990
2022-03-24,2459662.535672,2459663.042157,4,21,17,15,6,11,0,34,2459663.277920,2459663.000532
2022-03-25,2459663.535210,2459664.042200,5,22,18,17,1,11,0,34,2459664.190741,2459663.943363
2022-03-26,2459664.534749,2459665.042242,6,23,19,18,3,11,0,34,2459665.105535,2459664.887804
2022-03-27,2459665.534287,2459666.042284,0,24,20,19,5,11,0,34,2459666.023965,2459665.835453
2022-03-28,2459666.533826,2459667.042326,1,25,21,20,1,11,0,34,2459666.948226,2459666.788421
2022-03-29,2459667.533365,2459668.042369,2,26,22,21,3,11,0,34,2459667.881123,2459667.749453
2022-03-30,2459668.532905,2459669.042411,3,27,23,22,5,11,0,34,2459668.826025,2459668.721882
2022-03-31,2459669.532447,2459670.042454,4,28,24,23,7,11,0,34,2459669.786666,2459669.709433
2022-04-01,2459670.531989,2459671.042497,5,29,25,24,9,11,0,34,2459670.766815,2459670.715865
2022-04-02,2459671.531534,2459672.042542,6,0,26,25,0,0,0,35,2459671.769769,2459671.744449
2022-04-03,2459672.531080,2459673.042587,0,1,0,26,2,0,0,35,2459672.797714,2459672.797296
2022-04-04,2459673.530629,2459674.042634,1,2,1,0,4,0,0,35,2459673.850992,2459673.874637
2022-04-05,2459674.530180,2459675.042681,2,3,2,1,6,0,0,35,2459674.927449,2459674.974201
2022-04-06,2459675.529734,2459676.042731,3,4,3,2,1,0,0,35,2459676.022074,2459676.090914
2022-04-07,2459676.529291,2459677.042782,4,5,4,3,2,0,0,35,2459677.127143,2459677.217106
2022-04-08,2459677.528851,2459678.042834,5,6,5,4,4,0,0,35,2459678.232995,2459678.343316
2022-04-09,2459678.528415,2459679.042889,6,7,6,5,6,0,0,35,2459679.329359,2459679.459600
2022-04-10,2459679.527982,2459680.042946,0,8,7,6,1,0,0,35,2459680.406941,2459680.557051
2022-04-11,2459680.527554,2459681.043005,1,9,7,7,3,0,0,35,2459681.458762,2459680.557051
2022-04-12,2459681.527129,2459682.043067,2,10,8,8,5,0,0,35,2459682.480878,2459681.629075
2022-04-13,2459682.526709,2459683.043131,3,11,9,9,0,0,0,35,2459683.472386,2459682.672066
2022-04-14,2459683.526294,2459684.043198,4,12,10,10,2,0,0,35,2459684.434933,2459683.685402
2022-04-15,2459684.525884,2459685.043268,5,13,11,11,4,0,0,35,2459685.372013,2459684.670971
2022-04-16,2459685.525479,2459686.043340,6,14,12,13,6,0,0,35,2459686.288276,2459685.632484
2022-04-17,2459686.525079,2459687.043416,0,15,13,14,1,0,0,35,2459687.188940,2459686.574783
2022-04-18,2459687.524686,2459688.043495,1,16,15,15,3,0,0,35,2459688.079347,2459688.423326
2022-04-19,2459688.524297,2459689.043577,2,17,16,16,6,0,0,35,2459688.964632,2459689.340193
2022-04-20,2459689.523916,2459690.043663,3,18,17,17,1,0,0,35,2459689.849508,2459690.258509
2022-04-21,2459690.523540,2459691.043752,4,19,18,18,3,0,0,35,2459690.738114,2459691.182283
2022-04-22,2459691.523171,2459692.043844,5,20,19,19,5,0,0,35,2459691.633959,2459692.114820
2022-04-23,2459692.522809,2459693.043940,6,21,20,21,0,0,0,35,2459692.539916,2459693.058756
2022-04-24,2459693.522453,2459694.044040,0,23,21,22,3,0,0,35,2459694.390892,2459694.016142
2022-04-25,2459694.522105,2459695.044144,1,24,22,23,5,0,0,35,2459695.339195,2459694.988575
2022-04-26,2459695.521764,2459696.044251,2,25,23,24,0,0,0,35,2459696.304396,2459695.977317
2022-04-27,2459696.521430,2459697.044362,3,26,24,25,2,0,0,35,2459697.287536,2459696.983413
2022-04-28,2459697.521105,2459698.044478,4,27,25,26,4,0,0,35,2459698.289530,2459698.007759
2022-04-29,2459698.520787,2459699.044597,5,28,26,0,6,0,0,35,2459699.311109,2459699.051081
2022-04-30,2459699.520477,2459700.044720,6,29,0,1,8,0,0,35,2459700.352609,2459700.113766
2022-05-01,2459700.520175,2459701.044847,0,0,1,2,10,1,0,35,2459701.413588,2459701.195519
2022-05-02,2459701.519882,2459702.044978,1,1,2,3,1,1,0,35,2459702.492380,2459702.294914
2022-05-03,2459702.519598,2459703.045113,2,2,3,4,3,1,0,35,2459703.585696,2459703.408994
2022-05-04,2459703.519322,2459704.045252,3,2,4,5,4,1,0,35,2459703.585696,2459704.533048
2022-05-05,2459704.519055,2459705.045396,4,3,4,6,6,1,0,35,2459704.688442,2459704.533048
2022-05-06,2459705.518796,2459706.045543,5,4,5,7,1,1,0,35,2459705.793810,2459705.660662
2022-05-07,2459706.518547,2459707.045694,6,5,6,8,3,1,0,35,2459706.893708,2459706.784077
2022-05-08,2459707.518307,2459708.045848,0,6,7,9,5,1,0,35,2459707.979599,2459707.894939
2022-05-09,2459708.518077,2459709.046007,1,7,8,10,0,1,0,35,2459709.043641,2459708.985386
2022-05-10,2459709.517856,2459710.046169,2,8,9,11,1,1,0,35,2459710.079790,2459710.049175
2022-05-11,2459710.517644,2459711.046335,3,9,10,12,3,1,0,35,2459711.084492,2459711.082457
2022-05-12,2459711.517442,2459712.046505,4,10,11,13,5,1,0,35,2459712.056825,2459712.084031
2022-05-13,2459712.517250,2459713.046678,5,11,12,14,0,1,0,35,2459712.998227,2459713.055146
2022-05-14,2459713.517067,2459714.046855,6,12,13,15,3,1,0,35,2459713.912026,2459713.999082
2022-05-15,2459714.516895,2459715.047034,0,13,14,16,5,1,0,35,2459714.802919,2459714.920631
2022-05-16,2459715.516732,2459716.047217,1,14,15,17,0,1,0,35,2459715.676505,2459715.825602
2022-05-17,2459716.516579,2459717.047403,2,15,16,19,2,1,0,35,2459716.538883,2459716.720373
2022-05-18,2459717.516436,2459718.047592,3,17,17,20,5,1,0,35,2459718.255070,2459717.611526
2022-05-19,2459718.516303,2459719.047784,4,18,19,21,0,1,0,35,2459719.121011,2459719.408474
2022-05-20,2459719.516180,2459720.047978,5,19,20,22,2,1,0,35,2459719.999580,2459720.325794
2022-05-21,2459720.516067,2459721.048175,6,20,21,23,5,1,0,35,2459720.895486,2459721.262023
2022-05-22,2459721.515965,2459722.048374,0,21,22,25,0,1,0,35,2459721.812507,2459722.220551
2022-05-23,2459722.515872,2459723.048575,1,22,23,26,2,1,0,35,2459722.753284,2459723.203434
2022-05-24,2459723.515789,2459724.048778,2,23,24,0,4,1,0,35,2459723.719185,2459724.211324
2022-05-25,2459724.515716,2459725.048982,3,24,25,1,6,1,0,35,2459724.710272,2459725.243542
2022-05-26,2459725.515653,2459726.049188,4,25,26,2,1,1,0,35,2459725.725429,2459726.298336
2022-05-27,2459726.515600,2459727.049396,5,26,0,3,3,1,0,35,2459726.762642,2459727.373242
2022-05-28,2459727.515557,2459728.049604,6,27,1,4,5,1,0,35,2459727.819329,2459728.465420
2022-05-29,2459728.515523,2459729.049813,0,28,2,5,7,1,0,35,2459728.892592,2459729.571812
2022-05-30,2459729.515499,2459730.050023,1,29,2,6,9,1,0,35,2459729.979293,2459729.571812
2022-05-31,2459730.515484,2459731.050233,2,0,3,7,10,2,0,35,2459731.075968,2459730.689109
2022-06-01,2459731.515479,2459732.050443,3,1,4,8,1,2,0,35,2459732.178693,2459731.813626
2022-06-02,2459732.515484,2459733.050653,4,2,5,9,3,2,0,35,2459733.282942,2459732.941142
2022-06-03,2459733.515497,2459734.050862,5,3,6,10,5,2,0,35,2459734.383453,2459734.066751
2022-06-04,2459734.515520,2459735.051071,6,4,7,11,0,2,0,35,2459735.474218,2459735.184767
2022-06-05,2459735.515551,2459736.051279,0,5,8,12,2,2,0,35,2459736.548785,2459736.288899
2022-06-06,2459736.515591,2459737.051485,1,5,9,13,3,2,0,35,2459736.548785,2459737.372818
2022-06-07,2459737.515640,2459738.051690,2,6,10,14,5,2,0,35,2459737.600947,2459738.430996
2022-06-08,2459738.515697,2459739.051894,3,7,11,15,0,2,0,35,2459738.625579,2459739.459482
2022-06-09,2459739.515762,2459740.052095,4,8,12,16,2,2,0,35,2459739.619309,2459740.456363
2022-06-10,2459740.515836,2459741.052293,5,9,13,17,4,2,0,35,2459740.580841,2459741.421923
2022-06-11,2459741.515917,2459742.052489,6,11,14,18,0,2,0,35,2459742.412467,2459742.358544
2022-06-12,2459742.516006,2459743.052682,0,12,15,19,2,2,0,35,2459743.289638,2459743.270449
2022-06-13,2459743.516102,2459744.052872,1,13,16,20,4,2,0,35,2459744.148070,2459744.163309
2022-06-14,2459744.516205,2459745.053058,2,14,17,21,6,2,0,35,2459744.994183,2459745.043817
2022-06-15,2459745.516316,2459746.053240,3,15,18,23,2,2,0,35,2459745.834902,2459745.919280
2022-06-16,2459746.516433,2459747.053418,4,16,19,24,4,2,0,35,2459746.677374,2459746.797263
2022-06-17,2459747.516556,2459748.053592,5,17,20,25,6,2,0,35,2459747.528715,2459747.685256
2022-06-18,2459748.516686,2459749.053761,6,19,21,26,2,2,0,35,2459749.284633,2459748.590316
2022-06-19,2459749.516822,2459750.053925,0,20,22,0,4,2,0,35,2459750.200521,2459749.518644
2022-06-20,2459750.516963,2459751.054084,1,21,24,1,6,2,0,35,2459751.146999,2459751.462637
2022-06-21,2459751.517110,2459752.054237,2,22,25,2,1,2,0,35,2459752.125679,2459752.482010
2022-06-22,2459752.517262,2459753.054384,3,23,26,4,3,2,0,35,2459753.135922,2459753.531558
2022-06-23,2459753.517419,2459754.054526,4,24,26,5,5,2,0,35,2459754.174895,2459753.531558
2022-06-24,2459754.517580,2459755.054660,5,25,0,6,0,2,0,35,2459755.238012,2459754.607534
2022-06-25,2459755.517746,2459756.054789,6,26,1,7,2,2,0,35,2459756.319666,2459755.704747
2022-06-26,2459756.517915,2459757.054910,0,27,2,8,4,2,0,35,2459757.414013,2459756.817386
2022-06-27,2459757.518089,2459758.055024,1,28,3,8,6,2,0,35,2459758.515582,2459757.939767
2022-06-28,2459758.518265,2459759.055131,2,29,4,9,8,2,0,35,2459759.619598,2459759.066808
2022-06-29,2459759.518445,2459760.055230,3,29,5,10,9,2,0,35,2459759.619598,2459760.194184
2022-06-30,2459760.518628,2459761.055322,4,0,6,11,0,3,0,35,2459760.722009,2459761.318213
2022-07-01,2459761.518813,2459762.055405,5,1,7,12,2,3,0,35,2459761.819257,2459762.435501
2022-07-02,2459762.519001,2459763.055480,6,2,8,13,4,3,0,35,2459762.907885,2459763.542504
2022-07-03,2459763.519191,2459764.055547,0,3,8,14,6,3,0,35,2459763.984138,2459763.542504
2022-07-04,2459764.519382,2459765.055605,1,4,9,15,1,3,0,35,2459765.043842,2459764.635237
2022-07-05,2459765.519575,2459766.055654,2,5,10,16,2,3,0,35,2459766.082644,2459765.709344
2022-07-06,2459766.519769,2459767.055694,3,6,11,17,4,3,0,35,2459767.096537,2459766.760535
2022-07-07,2459767.519963,2459768.055725,4,7,12,18,6,3,0,35,2459768.082438,2459767.785192
2022-07-08,2459768.520159,2459769.055747,5,8,13,19,1,3,0,35,2459769.038664,2459768.780941
2022-07-09,2459769.520354,2459770.055759,6,9,14,20,4,3,0,35,2459769.965264,2459769.747102
2022-07-10,2459770.520550,2459771.055762,0,10,15,22,6,3,0,35,2459770.864138,2459770.684954
2022-07-11,2459771.520745,2459772.055755,1,11,16,23,1,3,0,35,2459771.738957,2459771.597757
2022-07-12,2459772.520940,2459773.055738,2,12,18,24,3,3,0,35,2459772.594884,2459773.369714
2022-07-13,2459773.521135,2459774.055711,3,14,19,25,6,3,0,35,2459774.275995,2459774.242648
2022-07-14,2459774.521328,2459775.055674,4,15,20,26,1,3,0,35,2459775.115735,2459775.117260
2022-07-15,2459775.521520,2459776.055627,5,16,21,1,3,3,0,35,2459775.965086,2459776.001643
2022-07-16,2459776.521711,2459777.055569,6,17,22,2,6,3,0,35,2459776.831557,2459776.903668
2022-07-17,2459777.521900,2459778.055501,0,18,23,3,1,3,0,35,2459777.722108,2459777.830478
2022-07-18,2459778.522087,2459779.055424,1,19,24,4,3,3,0,35,2459778.642621,2459778.787869
2022-07-19,2459779.522272,2459780.055335,2,20,25,5,5,3,0,35,2459779.597236,2459779.779563
2022-07-20,2459780.522454,2459781.055236,3,21,26,6,0,3,0,35,2459780.587681,2459780.806564
2022-07-21,2459781.522635,2459782.055127,4,22,0,7,2,3,0,35,2459781.612806,2459781.866825
2022-07-22,2459782.522812,2459783.055008,5,23,1,8,4,3,0,35,2459782.668530,2459782.955426
2022-07-23,2459783.522987,2459784.054877,6,24,2,9,6,3,0,35,2459783.748359,2459784.065317
2022-07-24,2459784.523159,2459785.054737,0,25,3,10,1,3,0,35,2459784.844388,2459785.188472
2022-07-25,2459785.523328,2459786.054586,1,26,4,11,3,3,0,35,2459785.948543,2459786.317130
2022-07-26,2459786.523493,2459787.054425,2,27,5,12,5,3,0,35,2459787.053682,2459787.444752
2022-07-27,2459787.523655,2459788.054253,3,28,6,13,6,3,0,35,2459788.154248,2459788.566481
2022-07-28,2459788.523814,2459789.054071,4,29,6,14,8,3,0,35,2459789.246382,2459788.566481
2022-07-29,2459789.523968,2459790.053879,5,0,7,15,10,4,0,35,2459790.327585,2459789.679060
2022-07-30,2459790.524119,2459791.053676,6,1,8,16,1,4,0,35,2459791.396126,2459790.780371
2022-07-31,2459791.524267,2459792.053463,0,2,9,17,3,4,0,35,2459792.450435,2459791.868804
2022-08-01,2459792.524410,2459793.053241,1,3,10,18,5,4,0,35,2459793.488672,2459792.942676
2022-08-02,2459793.524549,2459794.053008,2,4,11,19,0,4,0,35,2459794.508605,2459793.999919
2022-08-03,2459794.524684,2459795.052766,3,5,12,20,2,4,0,35,2459795.507786,2459795.038084
2022-08-04,2459795.524814,2459796.052513,4,6,13,21,4,4,0,35,2459796.483957,2459796.054655
2022-08-05,2459796.524941,2459797.052251,5,7,14,22,6,4,0,35,2459797.435539,2459797.047541
2022-08-06,2459797.525063,2459798.051980,6,8,15,23,1,4,0,35,2459798.362130,2459798.015633
2022-08-07,2459798.525181,2459799.051699,0,9,16,24,3,4,0,35,2459799.264855,2459798.959305
2022-08-08,2459799.525294,2459800.051409,1,10,17,25,5,4,0,35,2459800.146501,2459799.880701
2022-08-09,2459800.525403,2459801.051110,2,11,18,0,0,4,0,35,2459801.011409,2459800.783756
2022-08-10,2459801.525508,2459802.050802,3,12,19,1,3,4,0,35,2459801.865209,2459801.673963
2022-08-11,2459802.525608,2459803.050484,4,13,20,2,5,4,0,35,2459802.714480,2459802.558010
2022-08-12,2459803.525704,2459804.050159,5,14,22,3,0,4,0,35,2459803.566426,2459804.337928
2022-08-13,2459804.525795,2459805.049824,6,16,23,4,3,4,0,35,2459805.308293,2459805.249474
2022-08-14,2459805.525882,2459806.049482,0,17,24,6,5,4,0,35,2459806.212611,2459806.185231
2022-08-15,2459806.525965,2459807.049131,1,18,25,7,0,4,0,35,2459807.147346,2459807.151153
2022-08-16,2459807.526044,2459808.048772,2,19,26,8,2,4,0,35,2459808.116509,2459808.151139
2022-08-17,2459808.526118,2459809.048406,3,20,0,9,4,4,0,35,2459809.121525,2459809.186292
2022-08-18,2459809.526188,2459810.048032,4,21,1,10,6,4,0,35,2459810.160680,2459810.254450
2022-08-19,2459810.526254,2459811.047650,5,22,2,11,1,4,0,35,2459811.229022,2459811.350231
2022-08-20,2459811.526316,2459812.047261,6,23,3,12,3,4,0,35,2459812.318870,2459812.465705
2022-08-21,2459812.526374,2459813.046865,0,24,4,13,5,4,0,35,2459813.420940,2459813.591618
2022-08-22,2459813.526428,2459814.046463,1,25,4,14,0,4,0,35,2459814.525845,2459813.591618
2022-08-23,2459814.526479,2459815.046054,2,26,5,15,2,4,0,35,2459815.625498,2459814.718896
2022-08-24,2459815.526525,2459816.045638,3,26,6,16,3,4,0,35,2459815.625498,2459815.839950
2022-08-25,2459816.526568,2459817.045216,4,27,7,17,5,4,0,35,2459816.713982,2459816.949408
2022-08-26,2459817.526608,2459818.044789,5,28,8,18,7,4,0,35,2459817.787724,2459818.044168
2022-08-27,2459818.526644,2459819.044356,6,29,9,19,9,4,0,35,2459818.845129,2459819.122964
2022-08-28,2459819.526677,2459820.043917,0,0,10,20,0,5,0,35,2459819.885924,2459820.185686
2022-08-29,2459820.526706,2459821.043473,1,1,11,21,2,5,0,35,2459820.910460,2459821.232684
2022-08-30,2459821.526733,2459822.043024,2,2,12,22,4,5,0,35,2459821.919122,2459822.264216
2022-08-31,2459822.526757,2459823.042570,3,3,13,23,6,5,0,35,2459822.911966,2459823.280135
2022-09-01,2459823.526778,2459824.042112,4,4,14,24,1,5,0,35,2459823.888611,2459824.279873
2022-09-02,2459824.526797,2459825.041649,5,5,15,25,3,5,0,35,2459824.848400,2459825.262682
2022-09-03,2459825.526813,2459826.041182,6,6,16,26,5,5,0,35,2459825.790748,2459826.228070
2022-09-04,2459826.526827,2459827.040712,0,7,17,0,0,5,0,35,2459826.715580,2459827.176277
2022-09-05,2459827.526839,2459828.040238,1,8,18,1,2,5,0,35,2459827.623736,2459828.108681
2022-09-06,2459828.526849,2459829.039761,2,10,19,2,5,5,0,35,2459829.399352,2459829.028008
2022-09-07,2459829.526857,2459830.039281,3,11,20,4,0,5,0,35,2459830.274539,2459829.938341
2022-09-08,2459830.526863,2459831.038797,4,12,21,5,2,5,0,35,2459831.148218,2459830.844943
2022-09-09,2459831.526868,2459832.038312,5,13,22,6,4,5,0,35,2459832.026522,2459831.753972
2022-09-10,2459832.526872,2459833.037824,6,14,23,7,0,5,0,35,2459832.915975,2459832.672123
2022-09-11,2459833.526874,2459834.037334,0,15,24,8,2,5,0,35,2459833.823121,2459833.606192
2022-09-12,2459834.526876,2459835.036843,1,16,25,9,4,5,0,35,2459834.754040,2459834.562548
2022-09-13,2459835.526877,2459836.036350,2,17,26,10,6,5,0,35,2459835.713740,2459835.546478
2022-09-14,2459836.526877,2459837.035856,3,18,0,11,1,5,0,35,2459836.705437,2459836.561441
2022-09-15,2459837.526877,2459838.035360,4,19,1,13,3,5,0,35,2459837.729838,2459837.608345
2022-09-16,2459838.526877,2459839.034865,5,20,2,14,5,5,0,35,2459838.784615,2459838.685043
2022-09-17,2459839.526877,2459840.034368,6,21,3,15,0,5,0,35,2459839.864280,2459839.786249
2022-09-18,2459840.526877,2459841.033872,0,22,4,15,2,5,0,35,2459840.960655,2459840.904021
2022-09-19,2459841.526878,2459842.033376,1,23,5,16,4,5,0,35,2459842.063960,2459842.028844
2022-09-20,2459842.526879,2459843.032880,2,24,6,17,5,5,0,35,2459843.164339,2459843.151101
2022-09-21,2459843.526881,2459844.032385,3,25,7,18,0,5,0,35,2459844.253343,2459844.262518
2022-09-22,2459844.526884,2459845.031891,4,26,8,19,2,5,0,35,2459845.324923,2459845.357146
2022-09-23,2459845.526888,2459846.031398,5,27,9,20,4,5,0,35,2459846.375717,2459846.431656
2022-09-24,2459846.526894,2459847.030906,6,28,10,21,6,5,0,35,2459847.404751,2459847.485081
2022-09-25,2459847.526901,2459848.030416,0,29,11,22,8,5,0,35,2459848.412831,2459848.518213
2022-09-26,2459848.526910,2459849.029929,1,0,12,23,10,6,0,35,2459849.401837,2459849.532913
2022-09-27,2459849.526921,2459850.029443,2,1,12,24,1,6,0,35,2459850.374100,2459849.532913
2022-09-28,2459850.526935,2459851.028961,3,2,13,26,3,6,0,35,2459851.331928,2459850.531473
2022-09-29,2459851.526950,2459852.028481,4,3,15,0,5,6,0,35,2459852.277328,2459852.488858
2022-09-30,2459852.526969,2459853.028004,5,4,16,1,0,6,0,35,2459853.211924,2459853.451168
2022-10-01,2459853.526990,2459854.027531,6,5,17,2,2,6,0,35,2459854.137042,2459854.404368
2022-10-02,2459854.527014,2459855.027061,0,6,18,3,4,6,0,35,2459855.053921,2459855.349734
2022-10-03,2459855.527041,2459856.026596,1,7,19,4,0,6,0,35,2459855.963968,2459856.288810
2022-10-04,2459856.527072,2459857.026134,2,8,20,5,2,6,0,35,2459856.868998,2459857.223650
2022-10-05,2459857.527106,2459858.025677,3,9,21,6,4,6,0,35,2459857.771413,2459858.156979
2022-10-06,2459858.527144,2459859.025225,4,10,22,8,6,6,0,35,2459858.674278,2459859.092236
2022-10-07,2459859.527186,2459860.024778,5,11,23,9,1,6,0,35,2459859.581306,2459860.033506
2022-10-08,2459860.527232,2459861.024336,6,13,24,10,4,6,0,35,2459861.425241,2459860.985348
2022-10-09,2459861.527283,2459862.023900,0,14,25,11,6,6,0,35,2459862.371414,2459861.952502
2022-10-10,2459862.527338,2459863.023470,1,15,26,12,1,6,0,35,2459863.339581,2459862.939496
2022-10-11,2459863.527397,2459864.023046,2,16,0,13,3,6,0,35,2459864.333158,2459863.950115
2022-10-12,2459864.527462,2459865.022628,3,17,1,14,5,6,0,35,2459865.354051,2459864.986795
2022-10-13,2459865.527531,2459866.022217,4,18,2,15,0,6,0,35,2459866.402039,2459866.049985
2022-10-14,2459866.527606,2459867.021813,5,19,3,16,2,6,0,35,2459867.474294,2459867.137654
2022-10-15,2459867.527686,2459868.021416,6,20,4,17,4,6,0,35,2459868.565234,2459868.245066
2022-10-16,2459868.527772,2459869.021027,0,20,5,18,5,6,0,35,2459868.565234,2459869.365012
2022-10-17,2459869.527863,2459870.020645,1,21,6,19,0,6,0,35,2459869.666857,2459870.488547
2022-10-18,2459870.527960,2459871.020271,2,22,7,20,2,6,0,35,2459870.769641,2459871.606186
2022-10-19,2459871.528063,2459872.019906,3,23,7,21,4,6,0,35,2459871.863876,2459871.606186
2022-10-20,2459872.528172,2459873.019548,4,24,8,22,6,6,0,35,2459872.941106,2459872.709296
2022-10-21,2459873.528287,2459874.019200,5,25,9,23,1,6,0,35,2459873.995213,2459873.791275
2022-10-22,2459874.528409,2459875.018861,6,26,10,24,3,6,0,35,2459875.022869,2459874.848173
2022-10-23,2459875.528537,2459876.018530,0,27,11,25,5,6,0,35,2459876.023393,2459875.878717
2022-10-24,2459876.528671,2459877.018209,1,28,12,26,7,6,0,35,2459876.998245,2459876.883905
2022-10-25,2459877.528813,2459878.017898,2,29,13,0,9,6,0,35,2459877.950387,2459877.866414
2022-10-26,2459878.528961,2459879.017597,3,0,14,1,0,7,0,35,2459878.883700,2459878.829991
2022-10-27,2459879.529116,2459880.017306,4,1,15,2,2,7,0,35,2459879.802487,2459879.778931
2022-10-28,2459880.529278,2459881.017025,5,2,16,4,4,7,0,35,2459880.711105,2459880.717650
2022-10-29,2459881.529446,2459882.016755,6,3,17,5,6,7,0,35,2459881.613700,2459881.650387
2022-10-30,2459882.529622,2459883.016495,0,5,18,6,2,7,0,35,2459883.415467,2459882.581002
2022-10-31,2459883.529805,2459884.016246,1,6,20,7,4,7,0,35,2459884.320828,2459884.448925
2022-11-01,2459884.529995,2459885.016009,2,7,21,8,6,7,0,35,2459885.232591,2459885.391606
2022-11-02,2459885.530193,2459886.015782,3,8,22,9,1,7,0,35,2459886.152907,2459886.343070
2022-11-03,2459886.530397,2459887.015568,4,9,23,10,3,7,0,35,2459887.083722,2459887.305248
2022-11-04,2459887.530609,2459888.015365,5,10,24,12,5,7,0,35,2459888.026884,2459888.279976
2022-11-05,2459888.530828,2459889.015173,6,11,25,13,1,7,0,35,2459888.984226,2459889.269063
2022-11-06,2459889.531054,2459890.014994,0,12,26,14,3,7,0,35,2459889.957604,2459890.274324
2022-11-07,2459890.531288,2459891.014827,1,13,0,15,5,7,0,35,2459890.948867,2459891.297504
2022-11-08,2459891.531529,2459892.014672,2,14,1,16,0,7,0,35,2459891.959691,2459892.340059
2022-11-09,2459892.531776,2459893.014530,3,15,2,17,2,7,0,35,2459892.991273,2459893.402800
2022-11-10,2459893.532031,2459894.014400,4,16,3,18,4,7,0,35,2459894.043892,2459894.485417
2022-11-11,2459894.532293,2459895.014283,5,17,4,19,5,7,0,35,2459895.116401,2459895.586003
2022-11-12,2459895.532562,2459896.014179,6,18,4,20,0,7,0,35,2459896.205784,2459895.586003
2022-11-13,2459896.532838,2459897.014087,0,19,5,21,2,7,0,35,2459897.306901,2459896.700706
2022-11-14,2459897.533120,2459898.014009,1,20,6,22,4,7,0,35,2459898.412572,2459897.823626
2022-11-15,2459898.533409,2459899.013943,2,21,7,23,6,7,0,35,2459899.514119,2459898.947086
2022-11-16,2459899.533705,2459900.013891,3,22,8,24,1,7,0,35,2459900.602424,2459900.062379
2022-11-17,2459900.534007,2459901.013852,4,22,9,25,2,7,0,35,2459900.602424,2459901.160934
2022-11-18,2459901.534315,2459902.013825,5,23,10,26,4,7,0,35,2459901.669255,2459902.235581
2022-11-19,2459902.534629,2459903.013812,6,24,11,0,6,7,0,35,2459902.708436,2459903.281480
2022-11-20,2459903.534949,2459904.013813,0,25,12,1,1,7,0,35,2459903.716484,2459904.296516
2022-11-21,2459904.535275,2459905.013826,1,26,13,2,3,7,0,35,2459904.692682,2459905.281212
2022-11-22,2459905.535607,2459906.013853,2,27,14,3,5,7,0,35,2459905.638751,2459906.238335
2022-11-23,2459906.535943,2459907.013892,3,28,15,4,7,7,0,35,2459906.558336,2459907.172375
2022-11-24,2459907.536285,2459908.013945,4,0,16,5,10,8,0,35,2459908.338954,2459908.088986
2022-11-25,2459908.536631,2459909.014011,5,1,17,6,1,8,0,35,2459909.212117,2459908.994479
2022-11-26,2459909.536982,2459910.014090,6,2,18,8,3,8,0,35,2459910.082262,2459909.895378
2022-11-27,2459910.537337,2459911.014182,0,3,19,9,6,8,0,35,2459910.955464,2459910.798039
2022-11-28,2459911.537696,2459912.014287,1,4,20,10,1,8,0,35,2459911.837289,2459911.708325
2022-11-29,2459912.538059,2459913.014404,2,5,21,11,3,8,0,35,2459912.732544,2459912.631302
2022-11-30,2459913.538425,2459914.014534,3,6,22,12,5,8,0,35,2459913.645052,2459913.570978
2022-12-01,2459914.538795,2459915.014676,4,7,24,13,0,8,0,35,2459914.577485,2459915.510153
2022-12-02,2459915.539167,2459916.014831,5,9,25,14,3,8,0,35,2459916.506749,2459916.511319
2022-12-03,2459916.539541,2459917.014997,6,10,26,16,5,8,0,35,2459917.503228,2459917.532870
2022-12-04,2459917.539917,2459918.015176,0,11,0,17,0,8,0,35,2459918.519483,2459918.573469
2022-12-05,2459918.540296,2459919.015366,1,12,0,18,2,8,0,35,2459919.554032,2459918.573469
2022-12-06,2459919.540675,2459920.015568,2,12,1,19,3,8,0,35,2459919.554032,2459919.631568
2022-12-07,2459920.541056,2459921.015781,3,13,2,20,5,8,0,35,2459920.605417,2459920.705668
2022-12-08,2459921.541437,2459922.016005,4,14,3,21,0,8,0,35,2459921.672257,2459921.794364
2022-12-09,2459922.541818,2459923.016240,5,15,4,22,2,8,0,35,2459922.753076,2459922.896142
2022-12-10,2459923.542199,2459924.016485,6,16,5,23,4,8,0,35,2459923.845936,2459924.009005
2022-12-11,2459924.542580,2459925.016741,0,17,6,24,6,8,0,35,2459924.947972,2459925.130009
2022-12-12,2459925.542960,2459926.017006,1,18,7,25,1,8,0,35,2459926.054946,2459926.254836
2022-12-13,2459926.543338,2459927.017281,2,19,8,26,2,8,0,35,2459927.160984,2459927.377586
2022-12-14,2459927.543714,2459928.017566,3,20,9,26,4,8,0,35,2459928.258744,2459928.491007
2022-12-15,2459928.544088,2459929.017859,4,21,10,0,6,8,0,35,2459929.340155,2459929.587279
2022-12-16,2459929.544460,2459930.018161,5,22,10,1,1,8,0,35,2459930.397562,2459929.587279
2022-12-17,2459930.544829,2459931.018471,6,23,11,2,3,8,0,35,2459931.424879,2459930.659143
2022-12-18,2459931.545194,2459932.018790,0,24,12,3,5,8,0,35,2459932.418392,2459931.700992
2022-12-19,2459932.545555,2459933.019115,1,25,13,5,0,8,0,35,2459933.377112,2459932.709619
2022-12-20,2459933.545912,2459934.019448,2,26,14,6,2,8,0,35,2459934.302714,2459933.684553
2022-12-21,2459934.546265,2459935.019788,3,27,15,7,4,8,0,35,2459935.199160,2459934.627998
2022-12-22,2459935.546612,2459936.020134,4,28,17,8,6,8,0,35,2459936.072146,2459936.440109
2022-12-23,2459936.546954,2459937.020486,5,29,18,9,9,8,0,35,2459936.928511,2459937.322301
2022-12-24,2459937.547290,2459938.020844,6,0,19,10,0,9,0,35,2459937.775737,2459938.198912
2022-12-25,2459938.547619,2459939.021207,0,1,20,12,2,9,0,35,2459938.621547,2459939.077961
2022-12-26,2459939.547942,2459940.021575,1,3,21,13,5,9,0,35,2459940.339079,2459939.967196
2022-12-27,2459940.548258,2459941.021947,2,4,22,14,0,9,0,35,2459941.224526,2459940.873675
2022-12-28,2459941.548567,2459942.022323,3,5,23,15,2,9,0,35,2459942.135194,2459941.803290
2022-12-29,2459942.548868,2459943.022702,4,6,24,16,4,9,0,35,2459943.074679,2459942.760254
2022-12-30,2459943.549160,2459944.023085,5,7,25,17,6,9,0,35,2459944.044518,2459943.746677
2022-12-31,2459944.549445,2459945.023471,6,8,26,18,2,9,0,35,2459945.044076,2459944.762396
2023-01-01,2459945.549720,2459946.023859,0,9,0,19,3,9,0,35,2459946.070770,2459945.805172
2023-01-02,2459946.549986,2459947.024248,1,10,1,20,5,9,0,35,2459947.120639,2459946.871250
2023-01-03,2459947.550243,2459948.024639,2,11,2,21,0,9,0,35,2459948.189080,2459947.956112
2023-01-04,2459948.550491,2459949.025032,3,12,3,22,2,9,0,35,2459949.271575,2459949.055235
2023-01-05,2459949.550728,2459950.025425,4,13,4,23,4,9,0,35,2459950.364199,2459950.164646
2023-01-06,2459950.550955,2459951.025818,5,14,5,24,6,9,0,35,2459951.463785,2459951.281142
2023-01-07,2459951.551171,2459952.026211,6,15,6,25,1,9,0,35,2459952.567715,2459952.402135
2023-01-08,2459952.551377,2459953.026604,0,15,7,26,2,9,0,35,2459952.567715,2459953.525184
2023-01-09,2459953.551571,2459954.026996,1,16,8,0,4,9,0,35,2459953.673411,2459954.647357
2023-01-10,2459954.551755,2459955.027386,2,17,8,1,6,9,0,35,2459954.777693,2459954.647357
2023-01-11,2459955.551927,2459956.027775,3,18,9,2,1,9,0,35,2459955.876259,2459955.764675
2023-01-12,2459956.552087,2459957.028163,4,19,10,3,3,9,0,35,2459956.963545,2459956.871908
2023-01-13,2459957.552235,2459958.028547,5,20,11,4,5,9,0,35,2459958.033133,2459957.962876
2023-01-14,2459958.552372,2459959.028930,6,21,12,5,6,9,0,35,2459959.078585,2459959.031218
2023-01-15,2459959.552496,2459960.029309,0,22,13,6,1,9,0,35,2459960.094415,2459960.071345
2023-01-16,2459960.552608,2459961.029685,1,23,14,7,3,9,0,35,2459961.076964,2459961.079360
2023-01-17,2459961.552708,2459962.030058,2,24,15,8,5,9,0,35,2459962.024998,2459962.053743
2023-01-18,2459962.552795,2459963.030427,3,25,16,10,1,9,0,35,2459962.939921,2459962.995684
2023-01-19,2459963.552870,2459964.030791,4,26,17,11,3,9,0,35,2459963.825561,2459963.908949
2023-01-20,2459964.552932,2459965.031152,5,27,18,12,5,9,0,35,2459964.687667,2459964.799404
2023-01-21,2459965.552982,2459966.031508,6,29,19,13,8,9,0,35,2459966.370310,2459965.674377
2023-01-22,2459966.553018,2459967.031859,0,0,21,14,10,10,0,35,2459967.206894,2459967.411050
2023-01-23,2459967.553042,2459968.032205,1,1,22,16,1,10,0,35,2459968.051303,2459968.289877
2023-01-24,2459968.553053,2459969.032545,2,2,23,17,4,10,0,35,2459968.911510,2459969.186641
2023-01-25,2459969.553052,2459970.032881,3,3,24,18,6,10,0,35,2459969.794814,2459970.108455
2023-01-26,2459970.553037,2459971.033210,4,4,25,19,1,10,0,35,2459970.707306,2459971.060817
2023-01-27,2459971.553010,2459972.033534,5,5,26,20,3,10,0,35,2459971.653229,2459972.046941
2023-01-28,2459972.552970,2459973.033852,6,6,0,21,5,10,0,35,2459972.634385,2459973.067286
2023-01-29,2459973.552917,2459974.034164,0,7,1,22,0,10,0,35,2459973.649802,2459974.119481
2023-01-30,2459974.552852,2459975.034469,1,8,2,23,2,10,0,35,2459974.695846,2459975.198755
2023-01-31,2459975.552774,2459976.034768,2,9,3,24,4,10,0,35,2459975.766800,2459976.298770
2023-02-01,2459976.552684,2459977.035061,3,10,4,25,6,10,0,35,2459976.855809,2459977.412670
2023-02-02,2459977.552581,2459978.035347,4,11,5,26,1,10,0,35,2459977.955957,2459978.534101
2023-02-03,2459978.552466,2459979.035626,5,12,6,0,3,10,0,35,2459979.061204,2459979.657918
2023-02-04,2459979.552339,2459980.035899,6,13,6,1,4,10,0,35,2459980.166905,2459979.657918
2023-02-05,2459980.552200,2459981.036165,0,14,7,2,6,10,0,35,2459981.269760,2459980.780385
2023-02-06,2459981.552049,2459982.036424,1,15,8,3,1,10,0,35,2459982.367335,2459981.898860
2023-02-07,2459982.551886,2459983.036677,2,16,9,4,3,10,0,35,2459983.457374,2459983.011169
2023-02-08,2459983.551711,2459984.036922,3,17,10,5,5,10,0,35,2459984.537193,2459984.114938
2023-02-09,2459984.551525,2459985.037161,4,18,11,6,0,10,0,35,2459985.603353,2459985.207119
2023-02-10,2459985.551328,2459986.037392,5,18,12,7,1,10,0,35,2459985.603353,2459986.283883
2023-02-11,2459986.551119,2459987.037617,6,19,13,8,3,10,0,35,2459986.651725,2459987.340899
2023-02-12,2459987.550899,2459988.037835,0,20,14,9,5,10,0,35,2459987.677927,2459988.373926
2023-02-13,2459988.550669,2459989.038047,1,21,15,10,0,10,0,35,2459988.677983,2459989.379566
2023-02-14,2459989.550428,2459990.038251,2,22,16,11,2,10,0,35,2459989.649069,2459990.356007
2023-02-15,2459990.550177,2459991.038449,3,23,17,12,4,10,0,35,2459990.590141,2459991.303557
2023-02-16,2459991.549916,2459992.038640,4,25,18,13,0,10,0,35,2459992.388742,2459992.224812
2023-02-17,2459992.549644,2459993.038825,5,26,19,15,2,10,0,35,2459993.254525,2459993.124453
2023-02-18,2459993.549363,2459994.039003,6,27,20,16,4,10,0,35,2459994.106019,2459994.008786
2023-02-19,2459994.549073,2459995.039174,0,28,21,17,7,10,0,35,2459994.950482,2459994.885219
2023-02-20,2459995.548773,2459996.039339,1,29,22,18,9,10,0,35,2459995.795660,2459995.761781
2023-02-21,2459996.548464,2459997.039499,2,0,23,19,0,11,0,35,2459996.649452,2459996.646694
2023-02-22,2459997.548146,2459998.039651,3,2,25,21,3,11,0,35,2459998.413154,2459998.472801
2023-02-23,2459998.547819,2459999.039798,4,3,26,22,5,11,0,35,2459999.336194,2459999.427168
2023-02-24,2459999.547485,2460000.039939,5,4,0,23,0,11,0,35,2460000.292926,2460000.414942
2023-02-25,2460000.547142,2460001.040075,6,5,1,24,2,11,0,35,2460001.285185,2460001.437394
2023-02-26,2460001.546791,2460002.040204,0,6,2,25,4,11,0,35,2460002.311960,2460002.492844
2023-02-27,2460002.546433,2460003.040329,1,7,3,26,6,11,0,35,2460003.369324,2460003.576770
2023-02-28,2460003.546067,2460004.040448,2,8,3,0,1,11,0,35,2460004.450843,2460003.576770
2023-03-01,2460004.545694,2460005.040561,3,9,4,1,3,11,0,35,2460005.548486,2460004.682389
2023-03-02,2460005.545315,2460006.040670,4,9,5,2,4,11,0,35,2460005.548486,2460005.801676
2023-03-03,2460006.544929,2460007.040774,5,10,6,3,6,11,0,35,2460006.653867,2460006.926617
2023-03-04,2460007.544536,2460008.040873,6,11,7,4,1,11,0,35,2460007.759479,2460008.050313
2023-03-05,2460008.544138,2460009.040968,0,12,8,5,3,11,0,35,2460008.859469,2460009.167574
2023-03-06,2460009.543734,2460010.041058,1,13,9,6,5,11,0,35,2460009.949815,2460010.274932
2023-03-07,2460010.543324,2460011.041144,2,14,10,7,0,11,0,35,2460011.028001,2460011.370243
2023-03-08,2460011.542909,2460012.041226,3,15,11,8,1,11,0,35,2460012.092477,2460012.452127
2023-03-09,2460012.542489,2460013.041304,4,16,12,9,3,11,0,35,2460013.142098,2460013.519435
2023-03-10,2460013.542065,2460014.041379,5,17,13,10,5,11,0,35,2460014.175681,2460014.570867
2023-03-11,2460014.541636,2460015.041450,6,18,13,11,0,11,0,35,2460015.191797,2460014.570867
2023-03-12,2460015.541203,2460016.041518,0,19,14,12,2,11,0,35,2460016.188817,2460015.604843
2023-03-13,2460016.540766,2460017.041583,1,20,15,13,4,11,0,35,2460017.165202,2460016.619652
2023-03-14,2460017.540325,2460018.041645,2,21,16,14,6,11,0,35,2460018.119918,2460017.613817
2023-03-15,2460018.539882,2460019.041704,3,22,17,15,1,11,0,35,2460019.052857,2460018.586563
2023-03-16,2460019.539435,2460020.041761,4,23,19,16,4,11,0,35,2460019.965151,2460020.470637
2023-03-17,2460020.538985,2460021.041815,5,24,20,17,6,11,0,35,2460020.859293,2460021.386967
2023-03-18,2460021.538534,2460022.041868,6,25,21,19,1,11,0,35,2460021.739091,2460022.291821
2023-03-19,2460022.538079,2460023.041918,0,26,22,20,3,11,0,35,2460022.609468,2460023.190861
2023-03-20,2460023.537623,2460024.041967,1,28,23,21,6,11,0,35,2460024.345642,2460024.090504
2023-03-21,2460024.537166,2460025.042014,2,29,24,22,8,11,0,35,2460025.224399,2460024.997560
2023-03-22,2460025.536707,2460026.042060,3,0,25,23,10,0,0,36,2460026.119028,2460025.918846
2023-03-23,2460026.536247,2460027.042105,4,1,26,25,1,0,0,36,2460027.035624,2460026.860732
2023-03-24,2460027.535786,2460028.042149,5,2,0,26,4,0,0,36,2460027.979341,2460027.828616
2023-03-25,2460028.535324,2460029.042192,6,3,1,0,6,0,0,36,2460028.953829,2460028.826336
2023-03-26,2460029.534863,2460030.042235,0,4,2,1,1,0,0,36,2460029.960653,2460029.855586
2023-03-27,2460030.534401,2460031.042277,1,5,3,2,3,0,0,36,2460030.998806,2460030.915456
2023-03-28,2460031.533940,2460032.042319,2,6,4,3,5,0,0,36,2460032.064459,2460032.002229
2023-03-29,2460032.533479,2460033.042361,3,7,5,4,6,0,0,36,2460033.151137,2460033.109598
2023-03-30,2460033.533019,2460034.042404,4,8,6,5,1,0,0,36,2460034.250463,2460034.229416
2023-03-31,2460034.532560,2460035.042446,5,9,7,6,3,0,0,36,2460035.353378,2460035.352882
2023-04-01,2460035.532102,2460036.042490,6,10,8,7,5,0,0,36,2460036.451467,2460036.471830
2023-04-02,2460036.531646,2460037.042534,0,11,9,8,0,0,0,36,2460037.537956,2460037.579680
2023-04-03,2460037.531192,2460038.042579,1,11,9,9,1,0,0,36,2460037.537956,2460037.579680
2023-04-04,2460038.530740,2460039.042625,2,12,10,10,3,0,0,36,2460038.608145,2460038.671864
2023-04-05,2460039.530291,2460040.042673,3,13,11,11,5,0,0,36,2460039.659377,2460039.745790
2023-04-06,2460040.529844,2460041.042722,4,14,12,12,0,0,0,36,2460040.690692,2460040.800521
2023-04-07,2460041.529400,2460042.042772,5,15,13,13,2,0,0,36,2460041.702344,2460041.836300
2023-04-08,2460042.528960,2460043.042825,6,16,14,14,4,0,0,36,2460042.695311,2460042.854068
2023-04-09,2460043.528523,2460044.042879,0,17,15,15,6,0,0,36,2460043.670887,2460043.855067
2023-04-10,2460044.528089,2460045.042935,1,18,16,16,1,0,0,36,2460044.630439,2460044.840609
2023-04-11,2460045.527659,2460046.042994,2,19,17,17,3,0,0,36,2460045.575322,2460045.812011
2023-04-12,2460046.527234,2460047.043055,3,21,18,18,6,0,0,36,2460047.426750,2460046.770659
2023-04-13,2460047.526813,2460048.043119,4,22,19,19,1,0,0,36,2460048.336626,2460047.718141
2023-04-14,2460048.526397,2460049.043185,5,23,20,20,3,0,0,36,2460049.238755,2460048.656401
2023-04-15,2460049.525985,2460050.043254,6,24,21,21,5,0,0,36,2460050.135842,2460049.587863
2023-04-16,2460050.525579,2460051.043326,0,25,23,23,0,0,0,36,2460051.031127,2460051.442937
2023-04-17,2460051.525178,2460052.043401,1,26,24,24,3,0,0,36,2460051.928376,2460052.374234
2023-04-18,2460052.524783,2460053.043479,2,27,25,25,5,0,0,36,2460052.831799,2460053.313922
2023-04-19,2460053.524394,2460054.043560,3,28,26,26,7,0,0,36,2460053.745913,2460054.266710
2023-04-20,2460054.524010,2460055.043645,4,29,0,0,9,0,0,36,2460054.675324,2460055.237193
2023-04-21,2460055.523633,2460056.043733,5,0,1,1,0,1,0,36,2460055.624423,2460056.229461
2023-04-22,2460056.523262,2460057.043825,6,1,2,2,2,1,0,36,2460056.596996,2460057.246621
2023-04-23,2460057.522898,2460058.043920,0,2,3,3,4,1,0,36,2460057.595744,2460058.290257
2023-04-24,2460058.522541,2460059.044019,1,3,4,4,6,1,0,36,2460058.621742,2460059.359905
2023-04-25,2460059.522191,2460060.044122,2,4,5,5,1,1,0,36,2460059.673904,2460060.452636
2023-04-26,2460060.521849,2460061.044229,3,5,6,6,3,1,0,36,2460060.748603,2460061.562955
2023-04-27,2460061.521513,2460062.044339,4,6,6,7,5,1,0,36,2460061.839632,2460061.562955
2023-04-28,2460062.521186,2460063.044453,5,7,7,8,0,1,0,36,2460062.938722,2460062.683183
2023-04-29,2460063.520866,2460064.044572,6,8,8,9,2,1,0,36,2460064.036600,2460063.804394
2023-04-30,2460064.520554,2460065.044694,0,9,9,10,3,1,0,36,2460065.124326,2460064.917678
2023-05-01,2460065.520251,2460066.044820,1,10,10,11,5,1,0,36,2460066.194478,2460066.015369
2023-05-02,2460066.519956,2460067.044950,2,11,11,12,0,1,0,36,2460067.241893,2460067.091872
2023-05-03,2460067.519669,2460068.045084,3,12,12,13,2,1,0,36,2460068.263889,2460068.144022
2023-05-04,2460068.519391,2460069.045223,4,13,13,14,4,1,0,36,2460069.260092,2460069.171007
2023-05-05,2460069.519122,2460070.045365,5,14,14,15,6,1,0,36,2460070.232005,2460070.174014
2023-05-06,2460070.518861,2460071.045511,6,15,15,16,1,1,0,36,2460071.182481,2460071.155719
2023-05-07,2460071.518610,2460072.045661,0,16,16,18,3,1,0,36,2460072.115197,2460072.119747
2023-05-08,2460072.518368,2460073.045815,1,17,17,19,5,1,0,36,2460073.034201,2460073.070186
2023-05-09,2460073.518135,2460074.045973,2,18,18,20,1,1,0,36,2460073.943575,2460074.011201
2023-05-10,2460074.517912,2460075.046134,3,19,19,21,3,1,0,36,2460074.847188,2460074.946756
2023-05-11,2460075.517698,2460076.046299,4,20,20,22,5,1,0,36,2460075.748544,2460075.880437
2023-05-12,2460076.517494,2460077.046468,5,21,21,23,0,1,0,36,2460076.650715,2460076.815363
2023-05-13,2460077.517299,2460078.046640,6,22,22,24,2,1,0,36,2460077.556326,2460077.754182
2023-05-14,2460078.517114,2460079.046816,0,24,23,25,5,1,0,36,2460079.386540,2460078.699138
2023-05-15,2460079.516939,2460080.046995,1,25,24,0,0,1,0,36,2460080.314922,2460079.652196
2023-05-16,2460080.516774,2460081.047177,2,26,25,1,2,1,0,36,2460081.254597,2460080.615205
2023-05-17,2460081.516619,2460082.047363,3,27,26,2,4,1,0,36,2460082.207537,2460081.590058
2023-05-18,2460082.516473,2460083.047551,4,28,0,3,6,1,0,36,2460083.175882,2460082.578799
2023-05-19,2460083.516338,2460084.047742,5,29,1,4,8,1,0,36,2460084.161853,2460083.583607
2023-05-20,2460084.516213,2460085.047936,6,0,2,5,10,2,0,36,2460085.167501,2460084.606637
2023-05-21,2460085.516098,2460086.048132,0,1,3,6,1,2,0,36,2460086.194307,2460085.649688
2023-05-22,2460086.515992,2460087.048330,1,2,4,7,3,2,0,36,2460087.242657,2460086.713713
2023-05-23,2460087.515897,2460088.048531,2,3,5,8,5,2,0,36,2460088.311264,2460087.798262
2023-05-24,2460088.515812,2460089.048733,3,4,6,9,0,2,0,36,2460089.396680,2460088.900934
2023-05-25,2460089.515737,2460090.048938,4,5,7,10,2,2,0,36,2460090.493068,2460090.017026
2023-05-26,2460090.515671,2460091.049143,5,6,8,11,4,2,0,36,2460091.592472,2460091.139568
2023-05-27,2460091.515616,2460092.049351,6,6,9,12,5,2,0,36,2460091.592472,2460092.259922
2023-05-28,2460092.515570,2460093.049559,0,7,10,13,0,2,0,36,2460092.685678,2460093.368916
2023-05-29,2460093.515534,2460094.049768,1,8,11,14,2,2,0,36,2460093.763537,2460094.458214
2023-05-30,2460094.515508,2460095.049977,2,9,12,15,4,2,0,36,2460094.818312,2460095.521481
2023-05-31,2460095.515491,2460096.050187,3,10,12,16,6,2,0,36,2460095.844659,2460095.521481
2023-06-01,2460096.515484,2460097.050397,4,11,13,17,1,2,0,36,2460096.840056,2460096.555066
2023-06-02,2460097.515486,2460098.050607,5,12,14,18,3,2,0,36,2460097.804726,2460097.558170
2023-06-03,2460098.515497,2460099.050817,6,13,15,19,5,2,0,36,2460098.741236,2460098.532592
2023-06-04,2460099.515518,2460100.051026,0,14,17,20,0,2,0,36,2460099.653906,2460100.412355
2023-06-05,2460100.515547,2460101.051234,1,15,18,21,2,2,0,36,2460100.548192,2460101.329159
2023-06-06,2460101.515585,2460102.051441,2,17,19,23,5,2,0,36,2460102.305870,2460102.239031
2023-06-07,2460102.515632,2460103.051646,3,18,20,24,0,2,0,36,2460103.181338,2460103.148194
2023-06-08,2460103.515687,2460104.051850,4,19,21,25,2,2,0,36,2460104.061911,2460104.062316
2023-06-09,2460104.515750,2460105.052052,5,20,22,26,5,2,0,36,2460104.952187,2460104.986203
2023-06-10,2460105.515822,2460106.052251,6,21,23,0,0,2,0,36,2460105.855775,2460105.923568
2023-06-11,2460106.515901,2460107.052447,0,22,24,1,2,2,0,36,2460106.775184,2460106.876899
2023-06-12,2460107.515988,2460108.052641,1,23,25,2,4,2,0,36,2460107.711822,2460107.847490
2023-06-13,2460108.516083,2460109.052832,2,24,26,3,6,2,0,36,2460108.666149,2460108.835644
2023-06-14,2460109.516184,2460110.053019,3,25,0,5,1,2,0,36,2460109.637972,2460109.841025
2023-06-15,2460110.516293,2460111.053202,4,26,1,6,3,2,0,36,2460110.626811,2460110.863069
2023-06-16,2460111.516409,2460112.053381,5,27,2,7,5,2,0,36,2460111.632239,2460111.901330
2023-06-17,2460112.516531,2460113.053556,6,28,3,8,7,2,0,36,2460112.654081,2460112.955641
2023-06-18,2460113.516659,2460114.053726,0,29,4,9,9,2,0,36,2460113.692385,2460114.026015
2023-06-19,2460114.516793,2460115.053891,1,0,5,10,0,3,0,36,2460114.747153,2460115.112291
2023-06-20,2460115.516933,2460116.054051,2,1,6,11,2,3,0,36,2460115.817861,2460116.213592
2023-06-21,2460116.517079,2460117.054206,3,2,7,12,4,3,0,36,2460116.902862,2460117.327714
2023-06-22,2460117.517230,2460118.054355,4,3,8,13,6,3,0,36,2460117.998812,2460118.450589
2023-06-23,2460118.517385,2460119.054498,5,4,9,14,0,3,0,36,2460119.100280,2460119.576049
2023-06-24,2460119.517546,2460120.054634,6,5,9,15,2,3,0,36,2460120.199808,2460119.576049
2023-06-25,2460120.517710,2460121.054764,0,6,10,16,4,3,0,36,2460121.288598,2460120.696109
2023-06-26,2460121.517879,2460122.054887,1,7,11,16,6,3,0,36,2460122.357744,2460121.801886
2023-06-27,2460122.518051,2460123.055003,2,8,12,17,1,3,0,36,2460123.399632,2460122.884945
2023-06-28,2460123.518227,2460124.055112,3,9,13,18,3,3,0,36,2460124.409049,2460123.938627
2023-06-29,2460124.518407,2460125.055213,4,10,14,20,5,3,0,36,2460125.383749,2460124.958976
2023-06-30,2460125.518589,2460126.055306,5,11,15,21,0,3,0,36,2460126.324477,2460125.945132
2023-07-01,2460126.518774,2460127.055391,6,12,16,22,2,3,0,36,2460127.234559,2460126.899193
2023-07-02,2460127.518961,2460128.055469,0,13,17,23,4,3,0,36,2460128.119264,2460127.825698
2023-07-03,2460128.519150,2460129.055537,1,14,18,24,6,3,0,36,2460128.985121,2460128.730921
2023-07-04,2460129.519341,2460130.055597,2,15,19,25,2,3,0,36,2460129.839324,2460129.622171
2023-07-05,2460130.519533,2460131.055649,3,16,21,26,4,3,0,36,2460130.689271,2460131.393694
2023-07-06,2460131.519727,2460132.055691,4,17,22,1,6,3,0,36,2460131.542195,2460132.288900
2023-07-07,2460132.519921,2460133.055724,5,19,23,2,2,3,0,36,2460133.283129,2460133.199166
2023-07-08,2460133.520117,2460134.055748,6,20,24,3,4,3,0,36,2460134.181815,2460134.129553
2023-07-09,2460134.520312,2460135.055763,0,21,25,4,6,3,0,36,2460135.104151,2460135.083466
2023-07-10,2460135.520508,2460136.055768,1,22,26,5,1,3,0,36,2460136.051703,2460136.062456
2023-07-11,2460136.520703,2460137.055763,2,23,0,6,3,3,0,36,2460137.024375,2460137.066293
2023-07-12,2460137.520899,2460138.055748,3,24,1,7,6,3,0,36,2460138.020705,2460138.093327
2023-07-13,2460138.521093,2460139.055724,4,25,2,8,0,3,0,36,2460139.038348,2460139.141043
2023-07-14,2460139.521286,2460140.055689,5,26,3,9,2,3,0,36,2460140.074630,2460140.206667
2023-07-15,2460140.521479,2460141.055644,6,27,4,10,4,3,0,36,2460141.127023,2460141.287648
2023-07-16,2460141.521670,2460142.055590,0,28,5,11,6,3,0,36,2460142.193415,2460142.381901
2023-07-17,2460142.521859,2460143.055524,1,29,6,12,8,3,0,36,2460143.272079,2460143.487716
2023-07-18,2460143.522047,2460144.055449,2,0,7,13,10,4,1,36,2460144.361330,2460144.603352
2023-07-19,2460144.522233,2460145.055363,3,1,7,14,1,4,1,36,2460145.458962,2460144.603352
2023-07-20,2460145.522416,2460146.055267,4,2,8,15,3,4,1,36,2460146.561621,2460145.726428
2023-07-21,2460146.522597,2460147.055160,5,2,9,16,4,4,1,36,2460146.561621,2460146.853313
2023-07-22,2460147.522775,2460148.055043,6,3,10,17,6,4,1,36,2460147.664359,2460147.978727
2023-07-23,2460148.522951,2460149.054915,0,4,11,18,1,4,1,36,2460148.760561,2460149.095793
2023-07-24,2460149.523123,2460150.054777,1,5,12,19,3,4,1,36,2460149.842448,2460150.196664
2023-07-25,2460150.523293,2460151.054629,2,6,13,20,5,4,1,36,2460150.902077,2460151.273613
2023-07-26,2460151.523459,2460152.054470,3,7,14,21,0,4,1,36,2460151.932583,2460152.320280
2023-07-27,2460152.523622,2460153.054301,4,8,15,22,2,4,1,36,2460152.929260,2460153.332701
2023-07-28,2460153.523781,2460154.054121,5,9,16,23,4,4,1,36,2460153.890210,2460154.309880
2023-07-29,2460154.523937,2460155.053931,6,10,17,24,6,4,1,36,2460154.816462,2460155.253807
2023-07-30,2460155.524089,2460156.053731,0,11,18,25,1,4,1,36,2460155.711621,2460156.169031
2023-07-31,2460156.524237,2460157.053521,1,12,19,0,3,4,1,36,2460156.581251,2460157.061969
2023-08-01,2460157.524381,2460158.053301,2,14,20,1,6,4,1,36,2460158.272015,2460157.940212
2023-08-02,2460158.524521,2460159.053070,3,15,21,2,1,4,1,36,2460159.108534,2460158.811930
2023-08-03,2460159.524657,2460160.052830,4,16,22,3,3,4,1,36,2460159.949526,2460159.685408
2023-08-04,2460160.524788,2460161.052580,5,17,23,4,6,4,1,36,2460160.802403,2460160.568640
2023-08-05,2460161.524916,2460162.052321,6,18,25,6,1,4,1,36,2460161.673876,2460162.392350
2023-08-06,2460162.525039,2460163.052052,0,19,26,7,3,4,1,36,2460162.569542,2460163.343382
2023-08-07,2460163.525158,2460164.051773,1,21,0,8,6,4,1,36,2460164.447693,2460164.324378
2023-08-08,2460164.525272,2460165.051485,2,22,1,9,1,4,1,36,2460165.432346,2460165.335477
2023-08-09,2460165.525382,2460166.051188,3,23,2,10,3,4,1,36,2460166.445521,2460166.374778
2023-08-10,2460166.525488,2460167.050882,4,24,3,11,5,4,1,36,2460167.483820,2460167.438807
2023-08-11,2460167.525589,2460168.050567,5,25,4,12,0,4,1,36,2460168.542911,2460168.523158
2023-08-12,2460168.525686,2460169.050243,6,25,5,13,1,4,1,36,2460168.542911,2460169.623185
2023-08-13,2460169.525779,2460170.049911,0,26,5,14,3,4,1,36,2460169.618186,2460169.623185
2023-08-14,2460170.525867,2460171.049570,1,27,6,15,5,4,1,36,2460170.705357,2460170.734611
2023-08-15,2460171.525951,2460172.049221,2,28,7,16,7,4,1,36,2460171.800773,2460171.853836
2023-08-16,2460172.526030,2460173.048865,3,29,8,17,9,4,1,36,2460172.901326,2460172.977814
2023-08-17,2460173.526106,2460174.048500,4,0,9,18,0,4,0,36,2460174.004023,2460174.103599
2023-08-18,2460174.526177,2460175.048127,5,1,10,19,1,4,0,36,2460175.105437,2460175.227784
2023-08-19,2460175.526244,2460176.047748,6,2,11,20,3,4,0,36,2460176.201296,2460176.346091
2023-08-20,2460176.526306,2460177.047361,0,3,12,21,5,4,0,36,2460177.286364,2460177.453267
2023-08-21,2460177.526365,2460178.046966,1,4,13,22,0,4,0,36,2460178.354690,2460178.543363
2023-08-22,2460178.526420,2460179.046565,2,5,13,23,2,4,0,36,2460179.400234,2460178.543363
2023-08-23,2460179.526472,2460180.046158,3,6,14,24,4,4,0,36,2460180.417724,2460179.610384
2023-08-24,2460180.526519,2460181.045744,4,7,15,25,6,4,0,36,2460181.403516,2460180.649187
2023-08-25,2460181.526563,2460182.045323,5,8,16,26,1,4,0,36,2460182.356208,2460181.656368
2023-08-26,2460182.526603,2460183.044897,6,9,17,0,3,4,0,36,2460183.276841,2460182.630880
2023-08-27,2460183.526640,2460184.044465,0,10,18,1,5,4,0,36,2460184.168712,2460183.574235
2023-08-28,2460184.526674,2460185.044028,1,11,20,2,0,4,0,36,2460185.036911,2460185.384698
2023-08-29,2460185.526704,2460186.043585,2,12,21,4,3,4,0,36,2460185.887787,2460186.264440
2023-08-30,2460186.526732,2460187.043137,3,13,22,5,5,4,0,36,2460186.728461,2460187.137193
2023-08-31,2460187.526756,2460188.042684,4,14,23,6,0,4,0,36,2460187.566436,2460188.010947
2023-09-01,2460188.526778,2460189.042227,5,16,24,7,3,4,0,36,2460189.264421,2460188.893624
2023-09-02,2460189.526797,2460190.041765,6,17,25,8,5,4,0,36,2460190.138671,2460189.792690
2023-09-03,2460190.526814,2460191.041300,0,18,26,10,0,4,0,36,2460191.037980,2460190.714715
2023-09-04,2460191.526828,2460192.040830,1,19,0,11,3,4,0,36,2460191.966902,2460191.664863
2023-09-05,2460192.526841,2460193.040357,2,20,1,12,5,4,0,36,2460192.928154,2460192.646405
2023-09-06,2460193.526851,2460194.039881,3,21,2,13,0,4,0,36,2460193.922304,2460193.660364
2023-09-07,2460194.526859,2460195.039401,4,22,3,14,2,4,0,36,2460194.947668,2460194.705419
2023-09-08,2460195.526866,2460196.038919,5,23,4,15,4,4,0,36,2460196.000472,2460195.778072
2023-09-09,2460196.526871,2460197.038434,6,24,5,16,5,4,0,36,2460197.075296,2460196.873110
2023-09-10,2460197.526875,2460198.037946,0,25,6,17,0,4,0,36,2460198.165812,2460197.984324
2023-09-11,2460198.526878,2460199.037457,1,26,7,18,2,4,0,36,2460199.265665,2460199.105398
2023-09-12,2460199.526880,2460200.036966,2,27,8,19,4,4,0,36,2460200.369180,2460200.230650
2023-09-13,2460200.526881,2460201.036473,3,28,9,20,6,4,0,36,2460201.471636,2460201.355354
2023-09-14,2460201.526882,2460202.035979,4,29,10,21,8,4,0,36,2460202.569125,2460202.475627
2023-09-15,2460202.526882,2460203.035484,5,29,11,22,9,4,0,36,2460202.569125,2460203.588093
2023-09-16,2460203.526882,2460204.034988,6,0,11,23,0,5,0,36,2460203.658227,2460203.588094
2023-09-17,2460204.526882,2460205.034492,0,1,12,24,2,5,0,36,2460204.735710,2460204.689570
2023-09-18,2460205.526882,2460206.033996,1,2,13,25,4,5,0,36,2460205.798323,2460205.776839
2023-09-19,2460206.526882,2460207.033499,2,3,14,26,6,5,0,36,2460206.842748,2460206.846581
2023-09-20,2460207.526883,2460208.033003,3,4,15,0,1,5,0,36,2460207.865755,2460207.895515
2023-09-21,2460208.526885,2460209.032508,4,5,16,1,3,5,0,36,2460208.864560,2460208.920771
2023-09-22,2460209.526888,2460210.032014,5,6,17,2,5,5,0,36,2460209.837297,2460209.920395
2023-09-23,2460210.526891,2460211.031520,6,7,18,3,0,5,0,36,2460210.783433,2460210.893801
2023-09-24,2460211.526897,2460212.031028,0,8,19,4,2,5,0,36,2460211.703982,2460211.842046
2023-09-25,2460212.526903,2460213.030538,1,9,20,5,4,5,0,36,2460212.601519,2460212.767847
2023-09-26,2460213.526912,2460214.030050,2,11,21,6,0,5,0,36,2460214.344462,2460213.675413
2023-09-27,2460214.526923,2460215.029564,3,12,22,7,2,5,0,36,2460215.200792,2460214.570146
2023-09-28,2460215.526935,2460216.029081,4,13,24,9,4,5,0,36,2460216.055376,2460216.346697
2023-09-29,2460216.526950,2460217.028600,5,14,25,10,0,5,0,36,2460216.914880,2460217.242308
2023-09-30,2460217.526968,2460218.028122,6,15,26,11,2,5,0,36,2460217.785988,2460218.152019
2023-10-01,2460218.526988,2460219.027648,0,16,0,12,4,5,0,36,2460218.675106,2460219.082196
2023-10-02,2460219.527012,2460220.027178,1,17,1,13,6,5,0,36,2460219.588006,2460220.038239
2023-10-03,2460220.527038,2460221.026711,2,18,2,14,1,5,0,36,2460220.529391,2460221.024089
2023-10-04,2460221.527068,2460222.026249,3,20,3,15,4,5,0,36,2460222.508177,2460222.041732
2023-10-05,2460222.527101,2460223.025791,4,21,4,17,6,5,0,36,2460223.545409,2460223.090808
2023-10-06,2460223.527138,2460224.025337,5,21,5,18,0,5,0,36,2460223.545409,2460224.168410
2023-10-07,2460224.527179,2460225.024889,6,22,6,19,2,5,0,36,2460224.610263,2460225.269210
2023-10-08,2460225.527224,2460226.024446,0,23,7,20,4,5,0,36,2460225.696570,2460226.386040
2023-10-09,2460226.527274,2460227.024008,1,24,8,20,6,5,0,36,2460226.796567,2460227.510891
2023-10-10,2460227.527328,2460228.023577,2,25,9,21,1,5,0,36,2460227.902002,2460228.636032
2023-10-11,2460228.527386,2460229.023151,3,26,9,22,3,5,0,36,2460229.005227,2460228.636032
2023-10-12,2460229.527449,2460230.022732,4,27,10,23,4,5,0,36,2460230.099934,2460229.754855
2023-10-13,2460230.527518,2460231.022319,5,28,11,24,6,5,0,36,2460231.181438,2460230.862277
2023-10-14,2460231.527591,2460232.021913,6,29,12,25,8,5,0,36,2460232.246635,2460231.954786
2023-10-15,2460232.527670,2460233.021514,0,0,13,26,10,6,0,36,2460233.293756,2460233.030255
2023-10-16,2460233.527754,2460234.021123,1,1,14,0,1,6,0,36,2460234.322011,2460234.087619
2023-10-17,2460234.527844,2460235.020739,2,2,15,1,3,6,0,36,2460235.331207,2460235.126501
2023-10-18,2460235.527939,2460236.020364,3,3,16,2,5,6,0,36,2460236.321468,2460236.146896
2023-10-19,2460236.528041,2460237.019996,4,4,17,3,0,6,0,36,2460237.293118,2460237.149016
2023-10-20,2460237.528148,2460238.019637,5,5,18,5,2,6,0,36,2460238.246707,2460238.133299
2023-10-21,2460238.528262,2460239.019286,6,6,19,6,4,6,0,36,2460239.183127,2460239.100525
2023-10-22,2460239.528382,2460240.018945,0,7,20,7,6,6,0,36,2460240.103740,2460240.051964
2023-10-23,2460240.528509,2460241.018612,1,8,21,8,1,6,0,36,2460241.010487,2460240.989504
2023-10-24,2460241.528642,2460242.018289,2,9,22,9,4,6,0,36,2460241.905956,2460241.915740
2023-10-25,2460242.528781,2460243.017975,3,10,23,10,6,6,0,36,2460242.793416,2460242.834009
2023-10-26,2460243.528928,2460244.017672,4,11,24,11,1,6,0,36,2460243.676793,2460243.748375
2023-10-27,2460244.529081,2460245.017378,5,12,25,13,3,6,0,36,2460244.560613,2460244.663547
2023-10-28,2460245.529241,2460246.017094,6,14,26,14,6,6,0,36,2460246.349931,2460245.584732
2023-10-29,2460246.529408,2460247.016822,0,15,1,15,1,6,0,36,2460247.266153,2460247.467076
2023-10-30,2460247.529582,2460248.016559,1,16,2,16,3,6,0,36,2460248.203704,2460248.438765
2023-10-31,2460248.529763,2460249.016308,2,17,3,17,5,6,0,36,2460249.167059,2460249.436640
2023-11-01,2460249.529952,2460250.016068,3,18,4,18,0,6,0,36,2460250.159478,2460250.463357
2023-11-02,2460250.530147,2460251.015839,4,19,5,19,2,6,0,36,2460251.182370,2460251.519456
2023-11-03,2460251.530350,2460252.015621,5,20,6,20,4,6,0,36,2460252.234670,2460252.602821
2023-11-04,2460252.530560,2460253.015415,6,21,6,21,6,6,0,36,2460253.312417,2460252.602821
2023-11-05,2460253.530778,2460254.015221,0,22,7,22,1,6,0,36,2460254.408786,2460253.708460
2023-11-06,2460254.531002,2460255.015039,1,23,8,23,3,6,0,36,2460255.514781,2460254.828812
2023-11-07,2460255.531234,2460256.014869,2,24,9,24,5,6,0,36,2460256.620518,2460255.954686
2023-11-08,2460256.531473,2460257.014711,3,24,10,25,6,6,0,36,2460256.620518,2460257.076619
2023-11-09,2460257.531719,2460258.014566,4,25,11,26,1,6,0,36,2460257.716698,2460258.186227
2023-11-10,2460258.531972,2460259.014433,5,26,12,0,3,6,0,36,2460258.795832,2460259.277189
2023-11-11,2460259.532232,2460260.014313,6,27,13,1,5,6,0,36,2460259.852937,2460260.345709
2023-11-12,2460260.532499,2460261.014205,0,28,14,2,7,6,0,36,2460260.885669,2460261.390482
2023-11-13,2460261.532773,2460262.014111,1,29,15,3,9,6,0,36,2460261.894016,2460262.412295
2023-11-14,2460262.533054,2460263.014029,2,0,16,4,0,7,0,36,2460262.879731,2460263.413420
2023-11-15,2460263.533342,2460264.013960,3,1,17,5,2,7,0,36,2460263.845675,2460264.396988
2023-11-16,2460264.533636,2460265.013905,4,2,18,6,4,7,0,36,2460264.795241,2460265.366441
2023-11-17,2460265.533936,2460266.013862,5,3,19,7,6,7,0,36,2460265.731890,2460266.325132
2023-11-18,2460266.534243,2460267.013833,6,4,20,9,1,7,0,36,2460266.658847,2460267.276070
2023-11-19,2460267.534556,2460268.013817,0,5,21,10,3,7,0,36,2460267.578930,2460268.221801
2023-11-20,2460268.534874,2460269.013814,1,7,22,11,6,7,0,36,2460269.407460,2460269.164417
2023-11-21,2460269.535199,2460270.013824,2,8,23,12,1,7,0,36,2460270.319510,2460270.105678
2023-11-22,2460270.535529,2460271.013847,3,9,24,13,3,7,0,36,2460271.232251,2460271.047222
2023-11-23,2460271.535864,2460272.013884,4,10,25,14,5,7,0,36,2460272.147488,2460271.990827
2023-11-24,2460272.536204,2460273.013934,5,11,26,15,0,7,0,36,2460273.067445,2460272.938663
2023-11-25,2460273.536550,2460274.013996,6,12,0,16,3,7,0,36,2460273.994901,2460273.893457
2023-11-26,2460274.536899,2460275.014072,0,13,1,18,5,7,0,36,2460274.933224,2460274.858539
2023-11-27,2460275.537254,2460276.014161,1,14,2,19,0,7,0,36,2460275.886248,2460275.837709
2023-11-28,2460276.537612,2460277.014262,2,15,3,20,2,7,0,36,2460276.857992,2460276.834944
2023-11-29,2460277.537974,2460278.014377,3,16,4,21,4,7,0,36,2460277.852209,2460277.853917
2023-11-30,2460278.538339,2460279.014503,4,17,5,22,6,7,0,36,2460278.871761,2460278.897344
2023-12-01,2460279.538708,2460280.014643,5,18,6,23,1,7,0,36,2460279.917851,2460279.966225
2023-12-02,2460280.539079,2460281.014794,6,19,7,24,3,7,0,36,2460280.989232,2460281.059083
2023-12-03,2460281.539453,2460282.014958,0,20,8,25,5,7,0,36,2460282.081598,2460282.171455
2023-12-04,2460282.539829,2460283.015134,1,21,9,26,6,7,0,36,2460283.187501,2460283.295891
2023-12-05,2460283.540207,2460284.015321,2,22,10,0,1,7,0,36,2460284.297017,2460284.422702
2023-12-06,2460284.540586,2460285.015520,3,23,11,1,3,7,0,36,2460285.399182,2460285.541372
2023-12-07,2460285.540966,2460286.015731,4,24,11,2,5,7,0,36,2460286.483787,2460285.541372
2023-12-08,2460286.541347,2460287.015952,5,25,12,3,0,7,0,36,2460287.542955,2460286.642253
2023-12-09,2460287.541729,2460288.016184,6,25,13,4,1,7,0,36,2460287.542955,2460287.718023
2023-12-10,2460288.542110,2460289.016427,0,26,14,5,3,7,0,36,2460288.572051,2460288.764525
2023-12-11,2460289.542491,2460290.016680,1,27,15,6,5,7,0,36,2460289.569838,2460289.780894
2023-12-12,2460290.542870,2460291.016943,2,29,16,7,8,7,0,36,2460291.480508,2460290.769128
2023-12-13,2460291.543249,2460292.017216,3,0,17,8,10,8,0,36,2460292.402545,2460291.733348
2023-12-14,2460292.543626,2460293.017498,4,1,18,9,1,8,0,36,2460293.310034,2460292.678987
2023-12-15,2460293.544001,2460294.017790,5,2,19,10,3,8,0,36,2460294.208931,2460293.612047
2023-12-16,2460294.544373,2460295.018089,6,3,21,11,5,8,0,36,2460295.104799,2460295.463795
2023-12-17,2460295.544742,2460296.018398,0,4,22,13,0,8,0,36,2460296.002473,2460296.392527
2023-12-18,2460296.545108,2460297.018714,1,5,23,14,3,8,0,36,2460296.905813,2460297.328166
2023-12-19,2460297.545471,2460298.019038,2,6,24,15,5,8,0,36,2460297.817568,2460298.272995
2023-12-20,2460298.545829,2460299.019369,3,7,25,16,0,8,0,36,2460298.739406,2460299.228218
2023-12-21,2460299.546182,2460300.019707,4,8,26,17,2,8,0,36,2460299.672109,2460300.194277
2023-12-22,2460300.546531,2460301.020052,5,9,0,18,4,8,0,36,2460300.615932,2460301.171298
2023-12-23,2460301.546874,2460302.020403,6,10,1,19,6,8,0,36,2460301.571038,2460302.159556
2023-12-24,2460302.547211,2460303.020759,0,12,2,20,2,8,0,36,2460303.517621,2460303.159833
2023-12-25,2460303.547543,2460304.021121,1,13,3,22,4,8,0,36,2460304.511905,2460304.173576
2023-12-26,2460304.547867,2460305.021487,2,14,4,23,6,8,0,36,2460305.522990,2460305.202803
2023-12-27,2460305.548185,2460306.021859,3,15,5,24,1,8,0,36,2460306.553183,2460306.249759
2023-12-28,2460306.548495,2460307.022234,4,15,6,25,2,8,0,36,2460306.553183,2460307.316309
2023-12-29,2460307.548798,2460308.022613,5,16,7,26,4,8,0,36,2460307.604226,2460308.403167
2023-12-30,2460308.549093,2460309.022995,6,17,8,0,6,8,0,36,2460308.676472,2460309.509044
2023-12-31,2460309.549379,2460310.023379,0,18,9,1,1,8,0,36,2460309.768030,2460310.629965
2024-01-01,2460310.549657,2460311.023767,1,19,9,2,3,8,0,37,2460310.874104,2460310.629965
2024-01-02,2460311.549925,2460312.024156,2,20,10,3,5,8,0,37,2460311.986878,2460311.759034
2024-01-03,2460312.550185,2460313.024547,3,21,11,4,0,8,0,37,2460313.096204,2460312.886918
2024-01-04,2460313.550434,2460314.024939,4,22,12,5,1,8,0,37,2460314.191077,2460314.003104
2024-01-05,2460314.550674,2460315.025332,5,23,13,5,3,8,0,37,2460315.261502,2460315.097620
2024-01-06,2460315.550903,2460316.025725,6,24,14,6,5,8,0,37,2460316.300125,2460316.162692
2024-01-07,2460316.551122,2460317.026118,0,25,15,8,0,8,0,37,2460317.303150,2460317.193843
2024-01-08,2460317.551331,2460318.026511,1,26,16,9,2,8,0,37,2460318.270439,2460318.190225
2024-01-09,2460318.551528,2460319.026903,2,27,17,10,4,8,0,37,2460319.204976,2460319.154268
2024-01-10,2460319.551714,2460320.027294,3,28,18,11,6,8,0,37,2460320.112009,2460320.090919
2024-01-11,2460320.551889,2460321.027684,4,29,19,12,8,8,0,37,2460320.998173,2460321.006748
2024-01-12,2460321.552052,2460322.028071,5,0,20,13,0,9,0,36,2460321.870758,2460321.909150
2024-01-13,2460322.552203,2460323.028457,6,1,21,14,2,9,0,36,2460322.737148,2460322.805702
2024-01-14,2460323.552343,2460324.028840,0,2,22,16,4,9,0,36,2460323.604395,2460323.703645
2024-01-15,2460324.552470,2460325.029220,1,4,23,17,0,9,0,36,2460325.365917,2460324.609455
2024-01-16,2460325.552585,2460326.029597,2,5,25,18,2,9,0,36,2460326.269594,2460326.464488
2024-01-17,2460326.552688,2460327.029970,3,6,26,19,4,9,0,36,2460327.192456,2460327.419789
2024-01-18,2460327.552778,2460328.030340,4,7,0,20,6,9,0,36,2460328.135584,2460328.395045
2024-01-19,2460328.552856,2460329.030706,5,8,1,21,1,9,0,36,2460329.098824,2460329.389758
2024-01-20,2460329.552921,2460330.031067,6,9,2,22,3,9,0,36,2460330.081226,2460330.402758
2024-01-21,2460330.552974,2460331.031424,0,10,3,23,5,9,0,36,2460331.081535,2460331.432728
2024-01-22,2460331.553013,2460332.031777,1,11,4,24,0,9,0,36,2460332.098631,2460332.478611
2024-01-23,2460332.553040,2460333.032124,2,12,5,25,2,9,0,36,2460333.131810,2460333.539828
2024-01-24,2460333.553055,2460334.032466,3,13,6,26,4,9,0,36,2460334.180845,2460334.616241
2024-01-25,2460334.553056,2460335.032802,4,14,6,0,6,9,0,36,2460335.245778,2460334.616241
2024-01-26,2460335.553045,2460336.033133,5,15,7,1,1,9,0,36,2460336.326423,2460335.707816
2024-01-27,2460336.553020,2460337.033459,6,16,8,2,3,9,0,36,2460337.421636,2460336.814021
2024-01-28,2460337.552984,2460338.033778,0,17,9,3,5,9,0,36,2460338.528547,2460337.933059
2024-01-29,2460338.552934,2460339.034091,1,18,10,4,0,9,0,36,2460339.642010,2460339.061191
2024-01-30,2460339.552872,2460340.034398,2,18,11,5,1,9,0,36,2460339.642010,2460340.192396
2024-01-31,2460340.552797,2460341.034699,3,19,12,6,3,9,0,36,2460340.754547,2460341.318605
2024-02-01,2460341.552710,2460342.034993,4,20,13,7,5,9,0,36,2460341.856969,2460342.430588
2024-02-02,2460342.552610,2460343.035281,5,21,14,8,0,9,0,36,2460342.939634,2460343.519331
2024-02-03,2460343.552498,2460344.035562,6,22,15,9,2,9,0,36,2460343.993996,2460344.577509
2024-02-04,2460344.552374,2460345.035836,0,23,15,10,4,9,0,36,2460345.013975,2460344.577509
2024-02-05,2460345.552237,2460346.036104,1,24,16,11,6,9,0,36,2460345.996768,2460345.600630
2024-02-06,2460346.552089,2460347.036365,2,25,17,12,1,9,0,36,2460346.942937,2460346.587568
2024-02-07,2460347.551929,2460348.036619,3,26,19,14,3,9,0,36,2460347.855943,2460348.463925
2024-02-08,2460348.551757,2460349.036866,4,27,20,15,5,9,0,36,2460348.741363,2460349.364595
2024-02-09,2460349.551574,2460350.037106,5,28,21,16,7,9,0,36,2460349.606100,2460350.250008
2024-02-10,2460350.551379,2460351.037340,6,0,22,17,10,10,0,36,2460351.303967,2460351.128158
2024-02-11,2460351.551173,2460352.037566,0,1,23,18,1,10,0,36,2460352.152416,2460352.006984
2024-02-12,2460352.550956,2460353.037786,1,2,24,20,3,10,0,36,2460353.010168,2460352.893982
2024-02-13,2460353.550729,2460354.037999,2,3,25,21,6,10,0,36,2460353.883547,2460353.795825
2024-02-14,2460354.550490,2460355.038205,3,4,26,22,1,10,0,36,2460354.777776,2460354.717983
2024-02-15,2460355.550241,2460356.038404,4,5,0,23,3,10,0,36,2460355.696668,2460355.664382
2024-02-16,2460356.549983,2460357.038597,5,6,1,24,5,10,0,36,2460356.642414,2460356.637188
2024-02-17,2460357.549714,2460358.038783,6,7,2,25,0,10,0,36,2460357.615557,2460357.636819
2024-02-18,2460358.549435,2460359.038963,0,8,3,26,2,10,0,36,2460358.615163,2460358.662167
2024-02-19,2460359.549146,2460360.039136,1,9,4,0,4,10,0,36,2460359.639140,2460359.710985
2024-02-20,2460360.548849,2460361.039303,2,10,5,1,6,10,0,36,2460360.684647,2460360.780333
2024-02-21,2460361.548542,2460362.039463,3,11,6,2,1,10,0,36,2460361.748542,2460361.867046
2024-02-22,2460362.548226,2460363.039618,4,12,7,3,3,10,0,36,2460362.827761,2460362.968107
2024-02-23,2460363.547902,2460364.039766,5,13,8,4,5,10,0,36,2460363.919496,2460364.080779
2024-02-24,2460364.547569,2460365.039909,6,14,9,5,0,10,0,36,2460365.021035,2460365.202402
2024-02-25,2460365.547228,2460366.040046,0,15,10,6,1,10,0,36,2460366.129338,2460366.329938
2024-02-26,2460366.546879,2460367.040177,1,16,11,7,3,10,0,36,2460367.240552,2460367.459506
2024-02-27,2460367.546523,2460368.040302,2,17,12,8,5,10,0,36,2460368.349692,2460368.586092
2024-02-28,2460368.546159,2460369.040422,3,18,12,9,0,10,0,36,2460369.450623,2460368.586092
2024-02-29,2460369.545788,2460370.040537,4,19,13,10,2,10,0,36,2460370.536423,2460369.703587
2024-03-01,2460370.545410,2460371.040647,5,20,14,11,4,10,0,36,2460371.600105,2460370.805178
2024-03-02,2460371.545025,2460372.040752,6,20,15,12,5,10,0,36,2460371.600105,2460371.884117
2024-03-03,2460372.544634,2460373.040853,0,21,16,13,0,10,0,36,2460372.635591,2460372.934684
2024-03-04,2460373.544237,2460374.040948,1,22,17,14,2,10,0,36,2460373.638625,2460373.953091
2024-03-05,2460374.543835,2460375.041040,2,23,18,15,4,10,0,36,2460374.607382,2460374.938046
2024-03-06,2460375.543426,2460376.041127,3,25,19,16,0,10,0,36,2460376.447367,2460375.890862
2024-03-07,2460376.543013,2460377.041210,4,26,20,17,2,10,0,36,2460377.326539,2460376.815175
2024-03-08,2460377.542594,2460378.041289,5,27,21,19,4,10,0,36,2460378.186259,2460377.716416
2024-03-09,2460378.542171,2460379.041365,6,28,22,20,6,10,0,36,2460379.033408,2460378.601231
2024-03-10,2460379.541743,2460380.041437,0,29,24,21,9,10,0,36,2460379.875224,2460380.351232
2024-03-11,2460380.541311,2460381.041505,1,0,25,22,0,11,0,36,2460380.719004,2460381.231584
2024-03-12,2460381.540875,2460382.041571,2,1,26,23,2,11,0,36,2460381.571857,2460382.125181
2024-03-13,2460382.540435,2460383.041634,3,3,0,25,5,11,0,36,2460383.330722,2460383.038456
2024-03-14,2460383.539992,2460384.041693,4,4,1,26,0,11,0,36,2460384.247540,2460383.976742
2024-03-15,2460384.539546,2460385.041751,5,5,2,0,2,11,0,36,2460385.194348,2460384.943889
2024-03-16,2460385.539097,2460386.041806,6,6,3,1,4,11,0,36,2460386.172849,2460385.941936
2024-03-17,2460386.538646,2460387.041859,0,7,4,2,6,11,0,36,2460387.182791,2460386.970909
2024-03-18,2460387.538192,2460388.041910,1,8,5,3,1,11,0,36,2460388.221925,2460388.028793
2024-03-19,2460388.537737,2460389.041959,2,9,6,4,3,11,0,36,2460389.286218,2460389.111755
2024-03-20,2460389.537280,2460390.042007,3,10,7,5,5,11,0,36,2460390.370371,2460390.214660
2024-03-21,2460390.536821,2460391.042053,4,11,8,6,0,11,0,36,2460391.468539,2460391.331789
2024-03-22,2460391.536361,2460392.042098,5,12,9,7,2,11,0,36,2460392.574967,2460392.457496
2024-03-23,2460392.535900,2460393.042142,6,12,10,8,3,11,0,36,2460392.574967,2460393.586579
2024-03-24,2460393.535439,2460394.042185,0,13,10,9,5,11,0,36,2460393.684343,2460393.586579
2024-03-25,2460394.534977,2460395.042228,1,14,11,10,0,11,0,36,2460394.791846,2460394.714335
2024-03-26,2460395.534516,2460396.042270,2,15,12,11,2,11,0,36,2460395.893074,2460395.836470
2024-03-27,2460396.534054,2460397.042313,3,16,13,12,4,11,0,36,2460396.983923,2460396.948977
2024-03-28,2460397.533593,2460398.042355,4,17,14,13,6,11,0,36,2460398.060472,2460398.047998
2024-03-29,2460398.533133,2460399.042397,5,18,15,14,0,11,0,36,2460399.118909,2460399.129746
2024-03-30,2460399.532674,2460400.042440,6,19,16,15,2,11,0,36,2460400.155653,2460400.190610
2024-03-31,2460400.532216,2460401.042483,0,20,17,16,4,11,0,36,2460401.167672,2460401.227484
2024-04-01,2460401.531760,2460402.042527,1,21,18,17,6,11,0,36,2460402.152906,2460402.238214
2024-04-02,2460402.531305,2460403.042572,2,22,19,18,1,11,0,36,2460403.110597,2460403.221974
2024-04-03,2460403.530853,2460404.042618,3,23,20,19,3,11,0,36,2460404.041462,2460404.179470
2024-04-04,2460404.530403,2460405.042665,4,24,21,20,6,11,0,36,2460404.947676,2460405.112962
2024-04-05,2460405.529955,2460406.042714,5,25,22,21,1,11,0,36,2460405.832731,2460406.026133
2024-04-06,2460406.529511,2460407.042764,6,26,23,22,3,11,0,36,2460406.701219,2460406.923865
2024-04-07,2460407.529069,2460408.042816,0,27,24,24,5,11,0,36,2460407.558580,2460407.811959
2024-04-08,2460408.528631,2460409.042870,1,29,25,25,8,11,0,36,2460409.264469,2460408.696851
2024-04-09,2460409.528197,2460410.042926,2,0,26,26,10,0,0,37,2460410.125994,2460409.585335
2024-04-10,2460410.527766,2460411.042984,3,1,1,0,1,0,0,37,2460411.001940,2460411.400320
2024-04-11,2460411.527340,2460412.043044,4,2,2,1,4,0,0,37,2460411.898471,2460412.339495
2024-04-12,2460412.526918,2460413.043107,5,3,3,3,6,0,0,37,2460412.821051,2460413.306788
2024-04-13,2460413.526501,2460414.043173,6,4,4,4,1,0,0,37,2460413.773987,2460414.305600
2024-04-14,2460414.526088,2460415.043241,0,5,5,5,3,0,0,37,2460414.759891,2460415.337202
2024-04-15,2460415.525680,2460416.043313,1,6,6,6,5,0,0,37,2460415.779133,2460416.400291
2024-04-16,2460416.525278,2460417.043387,2,7,7,7,0,0,0,37,2460416.829444,2460417.490855
2024-04-17,2460417.524882,2460418.043464,3,8,8,8,2,0,0,37,2460417.905891,2460418.602547
2024-04-18,2460418.524491,2460419.043545,4,9,8,9,4,0,0,37,2460419.001399,2460418.602547
2024-04-19,2460419.524106,2460420.043629,5,10,9,10,5,0,0,37,2460420.107739,2460419.727559
2024-04-20,2460420.523727,2460421.043716,6,11,10,11,0,0,0,37,2460421.216642,2460420.857730
2024-04-21,2460421.523355,2460422.043807,0,12,11,12,2,0,0,37,2460422.320718,2460421.985515
2024-04-22,2460422.522990,2460423.043901,1,13,12,13,4,0,0,37,2460423.414029,2460423.104648
2024-04-23,2460423.522631,2460424.044000,2,14,13,14,6,0,0,37,2460424.492339,2460424.210466
2024-04-24,2460424.522279,2460425.044101,3,15,14,15,1,0,0,37,2460425.553031,2460425.299939
2024-04-25,2460425.521935,2460426.044207,4,15,15,16,2,0,0,37,2460425.553031,2460426.371388
2024-04-26,2460426.521598,2460427.044317,5,16,16,17,4,0,0,37,2460426.594759,2460427.424042
2024-04-27,2460427.521268,2460428.044430,6,17,17,18,6,0,0,37,2460427.616975,2460428.457615
2024-04-28,2460428.520947,2460429.044547,0,18,18,19,1,0,0,37,2460428.619549,2460429.472070
2024-04-29,2460429.520633,2460430.044669,1,19,19,20,3,0,0,37,2460429.602569,2460430.467576
2024-04-30,2460430.520327,2460431.044794,2,20,20,21,5,0,0,37,2460430.566322,2460431.444572
2024-05-01,2460431.520030,2460432.044923,3,22,21,22,1,0,0,37,2460432.438635,2460432.403897
2024-05-02,2460432.519742,2460433.045056,4,23,22,23,3,0,0,37,2460433.349564,2460433.346920
2024-05-03,2460433.519461,2460434.045194,5,24,23,24,5,0,0,37,2460434.246213,2460434.275699
2024-05-04,2460434.519190,2460435.045335,6,25,24,25,0,0,0,37,2460435.131379,2460435.193105
2024-05-05,2460435.518928,2460436.045480,0,26,25,26,2,0,0,37,2460436.008658,2460436.102901
2024-05-06,2460436.518674,2460437.045629,1,27,26,1,5,0,0,37,2460436.882427,2460437.009711
2024-05-07,2460437.518430,2460438.045782,2,28,0,2,7,0,0,37,2460437.757751,2460437.918906
2024-05-08,2460438.518195,2460439.045939,3,29,1,3,9,0,0,37,2460438.640232,2460438.836390
2024-05-09,2460439.517969,2460440.046100,4,0,2,4,0,1,0,37,2460439.535774,2460439.768307
2024-05-10,2460440.517753,2460441.046264,5,2,3,5,3,1,0,37,2460441.389259,2460440.720649
2024-05-11,2460441.517547,2460442.046432,6,3,4,6,5,1,0,37,2460442.357229,2460441.698745
2024-05-12,2460442.517350,2460443.046604,0,4,5,7,0,1,0,37,2460443.357070,2460442.706606
2024-05-13,2460443.517162,2460444.046779,1,5,6,8,2,1,0,37,2460444.389239,2460443.746184
2024-05-14,2460444.516985,2460445.046957,2,6,7,9,4,1,0,37,2460445.451162,2460444.816658
2024-05-15,2460445.516818,2460446.047138,3,7,8,10,6,1,0,37,2460446.537047,2460445.914014
2024-05-16,2460446.516660,2460447.047323,4,7,9,11,0,1,0,37,2460446.537047,2460447.031213
2024-05-17,2460447.516512,2460448.047511,5,8,10,12,2,1,0,37,2460447.638404,2460448.159065
2024-05-18,2460448.516375,2460449.047701,6,9,11,13,4,1,0,37,2460448.745233,2460449.287624
2024-05-19,2460449.516247,2460450.047894,0,10,12,14,6,1,0,37,2460449.847565,2460450.407674
2024-05-20,2460450.516129,2460451.048090,1,11,13,15,1,1,0,37,2460450.936862,2460451.511906
2024-05-21,2460451.516022,2460452.048288,2,12,14,16,3,1,0,37,2460452.006972,2460452.595583
2024-05-22,2460452.515924,2460453.048488,3,13,14,17,4,1,0,37,2460453.054476,2460452.595583
2024-05-23,2460453.515837,2460454.048690,4,14,15,18,6,1,0,37,2460454.078486,2460453.656628
2024-05-24,2460454.515759,2460455.048894,5,15,16,19,1,1,0,37,2460455.080060,2460454.695223
2024-05-25,2460455.515691,2460456.049099,6,16,17,20,3,1,0,37,2460456.061465,2460455.713130
2024-05-26,2460456.515633,2460457.049306,0,17,18,21,5,1,0,37,2460457.025509,2460456.712956
2024-05-27,2460457.515585,2460458.049514,1,18,19,22,1,1,0,37,2460457.975034,2460457.697558
2024-05-28,2460458.515547,2460459.049723,2,19,20,24,3,1,0,37,2460458.912601,2460458.669613
2024-05-29,2460459.515519,2460460.049932,3,20,21,25,5,1,0,37,2460459.840330,2460459.631398
2024-05-30,2460460.515500,2460461.050142,4,21,22,26,0,1,0,37,2460460.759890,2460460.584715
2024-05-31,2460461.515490,2460462.050353,5,22,23,0,2,1,0,37,2460461.672613,2460461.530982
2024-06-01,2460462.515490,2460463.050563,6,23,25,1,4,1,0,37,2460462.579719,2460463.407531
2024-06-02,2460463.515499,2460464.050772,0,25,26,2,0,1,0,37,2460464.383175,2460464.341113
2024-06-03,2460464.515517,2460465.050982,1,26,0,3,2,1,0,37,2460465.284015,2460465.274848
2024-06-04,2460465.515544,2460466.051190,2,27,1,4,4,1,0,37,2460466.188553,2460466.212267
2024-06-05,2460466.515580,2460467.051397,3,28,2,6,6,1,0,37,2460467.100993,2460467.157729
2024-06-06,2460467.515625,2460468.051603,4,29,3,7,8,1,0,37,2460468.026138,2460468.116196
2024-06-07,2460468.515678,2460469.051807,5,0,4,8,0,2,0,37,2460468.969059,2460469.092844
2024-06-08,2460469.515740,2460470.052009,6,1,5,9,2,2,0,37,2460469.934624,2460470.092499
2024-06-09,2460470.515809,2460471.052209,0,2,6,10,4,2,0,37,2460470.926854,2460471.118925
2024-06-10,2460471.515887,2460472.052406,1,3,7,11,6,2,0,37,2460471.948139,2460472.173975
2024-06-11,2460472.515972,2460473.052601,2,4,8,12,1,2,0,37,2460472.998386,2460473.256774
2024-06-12,2460473.516065,2460474.052792,3,5,9,13,2,2,0,37,2460474.074330,2460474.363156
2024-06-13,2460474.516165,2460475.052980,4,6,10,14,4,2,0,37,2460475.169322,2460475.485685
2024-06-14,2460475.516272,2460476.053164,5,7,11,15,6,2,0,37,2460476.273878,2460476.614470
2024-06-15,2460476.516386,2460477.053344,6,8,11,16,1,2,0,37,2460477.377024,2460476.614470
2024-06-16,2460477.516506,2460478.053520,0,9,12,17,3,2,0,37,2460478.468091,2460477.738663
2024-06-17,2460478.516633,2460479.053692,1,10,13,18,5,2,0,37,2460479.538394,2460478.848243
2024-06-18,2460479.516766,2460480.053858,2,10,14,19,6,2,0,37,2460479.538394,2460479.935519
2024-06-19,2460480.516905,2460481.054020,3,11,15,20,1,2,0,37,2460480.582308,2460480.995986
2024-06-20,2460481.517049,2460482.054175,4,12,16,21,3,2,0,37,2460481.597555,2460482.028421
2024-06-21,2460482.517199,2460483.054326,5,13,17,22,5,2,0,37,2460482.584830,2460483.034387
2024-06-22,2460483.517353,2460484.054470,6,14,18,23,0,2,0,37,2460483.547052,2460484.017437
2024-06-23,2460484.517512,2460485.054608,0,16,19,24,3,2,0,37,2460485.414141,2460484.982258
2024-06-24,2460485.517676,2460486.054739,1,17,20,25,5,2,0,37,2460486.328844,2460485.933920
2024-06-25,2460486.517844,2460487.054864,2,18,21,26,0,2,0,37,2460487.237122,2460486.877285
2024-06-26,2460487.518015,2460488.054982,3,19,22,0,2,2,0,37,2460488.142743,2460487.816589
2024-06-27,2460488.518191,2460489.055092,4,20,23,2,4,2,0,37,2460489.048599,2460488.755184
2024-06-28,2460489.518369,2460490.055195,5,21,24,3,0,2,0,37,2460489.956706,2460489.695465
2024-06-29,2460490.518551,2460491.055290,6,22,25,4,2,2,0,37,2460490.868370,2460490.638985
2024-06-30,2460491.518735,2460492.055378,0,23,26,5,4,2,0,37,2460491.784482,2460491.586746
2024-07-01,2460492.518921,2460493.055457,1,24,0,6,6,2,0,37,2460492.705899,2460492.539609
2024-07-02,2460493.519110,2460494.055528,2,25,2,7,1,2,0,37,2460493.633814,2460494.465760
2024-07-03,2460494.519301,2460495.055590,3,26,3,8,3,2,0,37,2460494.570020,2460495.443248
2024-07-04,2460495.519493,2460496.055643,4,28,4,9,6,2,0,37,2460496.477997,2460496.434318
2024-07-05,2460496.519686,2460497.055688,5,29,5,11,8,2,0,37,2460497.456467,2460497.442520
2024-07-06,2460497.519881,2460498.055723,6,0,6,12,10,3,0,37,2460498.455905,2460498.471302
2024-07-07,2460498.520076,2460499.055750,0,1,7,13,1,3,0,37,2460499.479048,2460499.523315
2024-07-08,2460499.520271,2460500.055766,1,2,7,14,3,3,0,37,2460500.527100,2460499.523315
2024-07-09,2460500.520467,2460501.055774,2,2,8,15,4,3,0,37,2460500.527100,2460500.599571
2024-07-10,2460501.520662,2460502.055771,3,3,9,16,6,3,0,37,2460501.598891,2460501.698627
2024-07-11,2460502.520858,2460503.055759,4,4,10,17,1,3,0,37,2460502.690254,2460502.816011
2024-07-12,2460503.521052,2460504.055737,5,5,11,18,3,3,0,37,2460503.793891,2460503.944202
2024-07-13,2460504.521246,2460505.055704,6,6,12,19,5,3,0,37,2460504.899981,2460505.073341
2024-07-14,2460505.521439,2460506.055662,0,7,13,19,0,3,0,37,2460505.997544,2460506.192647
2024-07-15,2460506.521630,2460507.055610,1,8,14,20,1,3,0,37,2460507.076233,2460507.292181
2024-07-16,2460507.521820,2460508.055547,2,9,15,21,3,3,0,37,2460508.128002,2460508.364438
2024-07-17,2460508.522008,2460509.055474,3,10,16,22,5,3,0,37,2460509.148124,2460509.405275
2024-07-18,2460509.522194,2460510.055391,4,11,17,23,0,3,0,37,2460510.135381,2460510.414038
2024-07-19,2460510.522378,2460511.055297,5,12,18,25,2,3,0,37,2460511.091601,2460511.393069
2024-07-20,2460511.522559,2460512.055193,6,13,19,26,4,3,0,37,2460512.020848,2460512.346877
2024-07-21,2460512.522738,2460513.055078,0,14,20,0,0,3,0,37,2460512.928575,2460513.281285
2024-07-22,2460513.522915,2460514.054953,1,15,21,1,2,3,0,37,2460513.820894,2460514.202676
2024-07-23,2460514.523088,2460515.054817,2,16,22,2,4,3,0,37,2460514.704007,2460515.117397
2024-07-24,2460515.523258,2460516.054671,3,17,23,3,6,3,0,37,2460515.583782,2460516.031302
2024-07-25,2460516.523425,2460517.054515,4,19,24,4,2,3,0,37,2460517.353258,2460516.949403
2024-07-26,2460517.523589,2460518.054348,5,20,25,6,4,3,0,37,2460518.250579,2460517.875650
2024-07-27,2460518.523749,2460519.054171,6,21,26,7,6,3,0,37,2460519.159667,2460518.812849
2024-07-28,2460519.523906,2460520.053984,0,22,0,8,1,3,0,37,2460520.081929,2460519.762759
2024-07-29,2460520.524058,2460521.053786,1,23,1,9,3,3,0,37,2460521.018165,2460520.726361
2024-07-30,2460521.524207,2460522.053578,2,24,2,10,6,3,0,37,2460521.968899,2460521.704205
2024-07-31,2460522.524352,2460523.053361,3,25,3,11,1,3,0,37,2460522.934669,2460522.696764
2024-08-01,2460523.524493,2460524.053133,4,26,4,12,3,3,0,37,2460523.916240,2460523.704691
2024-08-02,2460524.524630,2460525.052895,5,27,5,13,5,3,0,37,2460524.914685,2460524.728943
2024-08-03,2460525.524763,2460526.052647,6,28,6,14,7,3,0,37,2460525.931304,2460525.770737
2024-08-04,2460526.524891,2460527.052390,0,29,7,15,9,3,0,37,2460526.967346,2460526.831283
2024-08-05,2460527.525016,2460528.052123,1,0,8,16,0,4,0,37,2460528.023493,2460527.911294
2024-08-06,2460528.525135,2460529.051847,2,1,9,17,1,4,0,37,2460529.099170,2460529.010292
2024-08-07,2460529.525251,2460530.051561,3,2,10,18,3,4,0,37,2460530.191845,2460530.125904
2024-08-08,2460530.525362,2460531.051266,4,3,11,19,5,4,0,37,2460531.296558,2460531.253386
2024-08-09,2460531.525469,2460532.050962,5,4,12,20,0,4,0,37,2460532.405933,2460532.385613
2024-08-10,2460532.525571,2460533.050649,6,5,13,21,2,4,0,37,2460533.510759,2460533.513626
2024-08-11,2460533.525669,2460534.050328,0,6,14,22,4,4,0,37,2460534.601138,2460534.627728
2024-08-12,2460534.525763,2460535.049997,1,6,14,23,5,4,0,37,2460534.601138,2460534.627728
2024-08-13,2460535.525852,2460536.049659,2,7,15,24,0,4,0,37,2460535.667965,2460535.718926
2024-08-14,2460536.525937,2460537.049312,3,8,16,25,2,4,0,37,2460536.704336,2460536.780337
2024-08-15,2460537.526017,2460538.048957,4,9,17,26,4,4,0,37,2460537.706441,2460537.808136
2024-08-16,2460538.526093,2460539.048594,5,10,18,0,6,4,0,37,2460538.673734,2460538.801786
2024-08-17,2460539.526166,2460540.048223,6,11,19,1,1,4,0,37,2460539.608506,2460539.763670
2024-08-18,2460540.526234,2460541.047845,0,13,20,2,4,4,0,37,2460541.399488,2460540.698380
2024-08-19,2460541.526297,2460542.047460,1,14,21,4,6,4,0,37,2460542.267963,2460541.611950
2024-08-20,2460542.526357,2460543.047067,2,15,23,5,1,4,0,37,2460543.127329,2460543.403096
2024-08-21,2460543.526413,2460544.046668,3,16,24,6,3,4,0,37,2460543.984205,2460544.294552
2024-08-22,2460544.526465,2460545.046262,4,17,25,7,6,4,0,37,2460544.844817,2460545.191886
2024-08-23,2460545.526514,2460546.045849,5,18,26,8,1,4,0,37,2460545.714767,2460546.100642
2024-08-24,2460546.526558,2460547.045431,6,19,0,9,3,4,0,37,2460546.598829,2460547.025342
2024-08-25,2460547.526599,2460548.045006,0,21,1,11,6,4,0,37,2460548.423339,2460547.969336
2024-08-26,2460548.526637,2460549.044575,1,22,2,12,1,4,0,37,2460549.368138,2460548.934773
2024-08-27,2460549.526672,2460550.044139,2,23,3,13,3,4,0,37,2460550.335856,2460549.922682
2024-08-28,2460550.526703,2460551.043697,3,24,4,14,5,4,0,37,2460551.326345,2460550.933139
2024-08-29,2460551.526731,2460552.043251,4,25,5,15,0,4,0,37,2460552.338813,2460551.965468
2024-08-30,2460552.526756,2460553.042799,5,26,6,16,2,4,0,37,2460553.372024,2460553.018462
2024-08-31,2460553.526779,2460554.042343,6,27,7,17,4,4,0,37,2460554.424485,2460554.090607
2024-09-01,2460554.526798,2460555.041882,0,28,8,18,6,4,0,37,2460555.494523,2460555.180224
2024-09-02,2460555.526816,2460556.041417,1,29,9,19,8,4,0,37,2460556.580125,2460556.285389
2024-09-03,2460556.526830,2460557.040949,2,29,10,20,9,4,0,37,2460556.580125,2460557.403612
2024-09-04,2460557.526843,2460558.040476,3,0,11,21,0,5,0,37,2460557.678561,2460558.531396
2024-09-05,2460558.526854,2460559.040001,4,1,11,22,2,5,0,37,2460558.785961,2460558.531396
2024-09-06,2460559.526863,2460560.039522,5,2,12,23,4,5,0,37,2460559.897078,2460559.663943
2024-09-07,2460560.526870,2460561.039040,6,3,13,24,6,5,0,37,2460561.005354,2460560.795130
2024-09-08,2460561.526875,2460562.038556,0,4,14,25,0,5,0,37,2460562.103294,2460561.917800
2024-09-09,2460562.526880,2460563.038069,1,5,15,26,2,5,0,37,2460563.183137,2460563.024336
2024-09-10,2460563.526883,2460564.037580,2,6,16,0,4,5,0,37,2460564.237798,2460564.107537
2024-09-11,2460564.526885,2460565.037089,3,7,17,1,6,5,0,37,2460565.261866,2460565.161633
2024-09-12,2460565.526886,2460566.036597,4,8,18,2,1,5,0,37,2460566.252323,2460566.183115
2024-09-13,2460566.526887,2460567.036103,5,9,19,3,3,5,0,37,2460567.208777,2460567.171116
2024-09-14,2460567.526887,2460568.035608,6,10,20,4,5,5,0,37,2460568.133236,2460568.127309
2024-09-15,2460568.526887,2460569.035112,0,11,21,5,0,5,0,37,2460569.029626,2460569.055475
2024-09-16,2460569.526887,2460570.034616,1,12,22,6,3,5,0,37,2460569.903241,2460569.960958
2024-09-17,2460570.526887,2460571.034120,2,13,23,7,5,5,0,37,2460570.760250,2460570.850131
2024-09-18,2460571.526887,2460572.033624,3,14,24,9,0,5,0,37,2460571.607302,2460571.729948
2024-09-19,2460572.526888,2460573.033127,4,16,25,10,3,5,0,37,2460573.298827,2460572.607584
2024-09-20,2460573.526889,2460574.032632,5,17,0,11,5,5,0,37,2460574.156623,2460574.384380
2024-09-21,2460574.526892,2460575.032137,6,18,1,12,0,5,0,37,2460575.030675,2460575.296403
2024-09-22,2460575.526895,2460576.031644,0,19,2,13,3,5,0,37,2460575.926299,2460576.231366
2024-09-23,2460576.526900,2460577.031151,1,20,3,15,5,5,0,37,2460576.847781,2460577.193134
2024-09-24,2460577.526906,2460578.030661,2,21,4,16,0,5,0,37,2460577.798079,2460578.183998
2024-09-25,2460578.526915,2460579.030172,3,22,5,17,2,5,0,37,2460578.778567,2460579.204475
2024-09-26,2460579.526925,2460580.029685,4,23,6,18,4,5,0,37,2460579.788877,2460580.253263
2024-09-27,2460580.526937,2460581.029201,5,24,7,19,6,5,0,37,2460580.826913,2460581.327409
2024-09-28,2460581.526951,2460582.028720,6,25,8,20,1,5,0,37,2460581.889105,2460582.422739
2024-09-29,2460582.526968,2460583.028242,0,26,9,21,3,5,0,37,2460582.970897,2460583.534435
2024-09-30,2460583.526988,2460584.027767,1,27,9,22,5,5,0,37,2460584.067312,2460583.534435
2024-10-01,2460584.527010,2460585.027295,2,28,10,23,6,5,0,37,2460585.173347,2460584.657550
2024-10-02,2460585.527036,2460586.026827,3,29,11,24,8,5,0,37,2460586.284122,2460585.787262
2024-10-03,2460586.527065,2460587.026364,4,0,12,25,10,6,0,37,2460587.394849,2460586.918894
2024-10-04,2460587.527097,2460588.025905,5,1,13,26,1,6,0,37,2460588.500783,2460588.047842
2024-10-05,2460588.527133,2460589.025450,6,2,14,0,3,6,0,37,2460589.597161,2460589.169503
2024-10-06,2460589.527173,2460590.025001,0,2,15,0,4,6,0,37,2460589.597161,2460590.279202
2024-10-07,2460590.527217,2460591.024556,1,3,16,1,6,6,0,37,2460590.679162,2460591.372192
2024-10-08,2460591.527266,2460592.024117,2,4,17,2,1,6,0,37,2460591.741990,2460592.443867
2024-10-09,2460592.527318,2460593.023684,3,5,18,3,3,6,0,37,2460592.781199,2460593.490232
2024-10-10,2460593.527376,2460594.023257,4,6,19,5,5,6,0,37,2460593.793215,2460594.508455
2024-10-11,2460594.527438,2460595.022836,5,7,20,6,0,6,0,37,2460594.775817,2460595.497288
2024-10-12,2460595.527505,2460596.022422,6,8,21,7,2,6,0,37,2460595.728441,2460596.457245
2024-10-13,2460596.527577,2460597.022014,0,9,22,8,4,6,0,37,2460596.652231,2460597.390586
2024-10-14,2460597.527654,2460598.021614,1,10,23,9,6,6,0,37,2460597.549922,2460598.301137
2024-10-15,2460598.527737,2460599.021221,2,12,24,10,2,6,0,37,2460599.284540,2460599.194033
2024-10-16,2460599.527826,2460600.020835,3,13,25,11,4,6,0,37,2460600.132699,2460600.075409
2024-10-17,2460600.527920,2460601.020457,4,14,26,13,6,6,0,37,2460600.976687,2460600.952093
2024-10-18,2460601.528020,2460602.020088,5,15,0,14,2,6,0,37,2460601.823428,2460601.831317
2024-10-19,2460602.528126,2460603.019726,6,16,1,15,4,6,0,37,2460602.679965,2460602.720433
2024-10-20,2460603.528238,2460604.019374,0,17,2,16,6,6,0,37,2460603.553212,2460603.626589
2024-10-21,2460604.528357,2460605.019030,1,19,3,17,2,6,0,37,2460605.374789,2460604.556329
2024-10-22,2460605.528481,2460606.018695,2,20,5,18,4,6,0,37,2460606.332820,2460606.506586
2024-10-23,2460606.528613,2460607.018370,3,21,6,19,6,6,0,37,2460607.325806,2460607.532257
2024-10-24,2460607.528751,2460608.018054,4,22,6,21,1,6,0,37,2460608.353269,2460607.532257
2024-10-25,2460608.528896,2460609.017748,5,23,7,22,3,6,0,37,2460609.411947,2460608.590819
2024-10-26,2460609.529047,2460610.017451,6,24,8,23,5,6,0,37,2460610.496050,2460609.678238
2024-10-27,2460610.529206,2460611.017165,0,25,9,24,0,6,0,37,2460611.598048,2460610.788203
2024-10-28,2460611.529371,2460612.016890,1,25,10,24,1,6,0,37,2460611.598048,2460611.913058
2024-10-29,2460612.529543,2460613.016625,2,26,11,25,3,6,0,37,2460612.709787,2460613.044926
2024-10-30,2460613.529723,2460614.016371,3,27,12,26,5,6,0,37,2460613.823561,2460614.176668
2024-10-31,2460614.529910,2460615.016128,4,28,13,0,7,6,0,37,2460614.932863,2460615.302464
2024-11-01,2460615.530103,2460616.015896,5,29,14,1,9,6,0,37,2460616.032733,2460616.418011
2024-11-02,2460616.530304,2460617.015676,6,0,15,2,10,7,0,37,2460617.119706,2460617.520361
2024-11-03,2460617.530513,2460618.015467,0,1,16,3,1,7,0,37,2460618.191470,2460618.607511
2024-11-04,2460618.530728,2460619.015270,1,2,16,4,3,7,0,37,2460619.246358,2460618.607511
2024-11-05,2460619.530951,2460620.015085,2,3,17,5,5,7,0,37,2460620.282915,2460619.677896
2024-11-06,2460620.531181,2460621.014912,3,4,18,6,0,7,0,37,2460621.299693,2460620.730029
2024-11-07,2460621.531418,2460622.014751,4,5,19,7,2,7,0,37,2460622.295304,2460621.762411
2024-11-08,2460622.531662,2460623.014603,5,6,20,8,4,7,0,37,2460623.268635,2460622.773659
2024-11-09,2460623.531914,2460624.014467,6,7,21,9,6,7,0,37,2460624.219109,2460623.762776
2024-11-10,2460624.532172,2460625.014344,0,8,22,11,1,7,0,37,2460625.146968,2460624.729448
2024-11-11,2460625.532438,2460626.014233,1,9,23,12,3,7,0,37,2460626.053500,2460625.674344
2024-11-12,2460626.532710,2460627.014136,2,10,24,13,6,7,0,37,2460626.941208,2460626.599366
2024-11-13,2460627.532989,2460628.014051,3,11,26,14,1,7,0,37,2460627.813840,2460628.404146
2024-11-14,2460628.533275,2460629.013979,4,12,0,15,3,7,0,37,2460628.676292,2460629.294227
2024-11-15,2460629.533568,2460630.013920,5,13,1,16,5,7,0,37,2460629.534416,2460630.184636
2024-11-16,2460630.533866,2460631.013874,6,15,2,18,1,7,0,37,2460631.264432,2460631.082563
2024-11-17,2460631.534172,2460632.013842,0,16,3,19,3,7,0,37,2460632.150530,2460631.995398
2024-11-18,2460632.534483,2460633.013822,1,17,4,20,5,7,0,37,2460633.060009,2460632.930273
2024-11-19,2460633.534800,2460634.013816,2,18,5,21,1,7,0,37,2460633.998999,2460633.893464
2024-11-20,2460634.535123,2460635.013823,3,19,6,22,3,7,0,37,2460634.972107,2460634.889637
2024-11-21,2460635.535452,2460636.013843,4,20,7,23,5,7,0,37,2460635.981570,2460635.921007
2024-11-22,2460636.535786,2460637.013877,5,21,8,24,0,7,0,37,2460637.026482,2460636.986615
2024-11-23,2460637.536125,2460638.013923,6,22,9,25,1,7,0,37,2460638.102384,2460638.082004
2024-11-24,2460638.536469,2460639.013983,0,23,10,26,3,7,0,37,2460639.201535,2460639.199574
2024-11-25,2460639.536818,2460640.014056,1,24,11,0,5,7,0,37,2460640.313978,2460640.329678
2024-11-26,2460640.537171,2460641.014141,2,25,12,1,0,7,0,37,2460641.429163,2460641.462189
2024-11-27,2460641.537528,2460642.014240,3,26,13,2,2,7,0,37,2460642.537629,2460642.588082
2024-11-28,2460642.537889,2460643.014351,4,27,13,3,4,7,0,37,2460643.632210,2460642.588082
2024-11-29,2460643.538254,2460644.014475,5,27,14,4,5,7,0,37,2460643.632210,2460643.700559
2024-11-30,2460644.538622,2460645.014611,6,28,15,5,7,7,0,37,2460644.708534,2460644.795500
2024-12-01,2460645.538992,2460646.014760,0,29,16,6,9,7,0,37,2460645.764827,2460645.871264
2024-12-02,2460646.539366,2460647.014920,1,0,17,7,0,8,0,37,2460646.801256,2460646.928064
2024-12-03,2460647.539741,2460648.015093,2,1,18,8,2,8,0,37,2460647.819105,2460647.967152
2024-12-04,2460648.540118,2460649.015278,3,2,19,9,4,8,0,37,2460648.820027,2460648.990092
2024-12-05,2460649.540497,2460650.015474,4,3,20,10,6,8,0,37,2460649.805501,2460649.998236
2024-12-06,2460650.540877,2460651.015682,5,4,21,11,1,8,0,37,2460650.776542,2460650.992446
2024-12-07,2460651.541258,2460652.015900,6,5,22,12,3,8,0,37,2460651.733636,2460651.973070
2024-12-08,2460652.541640,2460653.016130,0,6,23,14,5,8,0,37,2460652.676888,2460652.940119
2024-12-09,2460653.542021,2460654.016370,1,7,24,15,0,8,0,37,2460653.606321,2460653.893622
2024-12-10,2460654.542402,2460655.016621,2,9,25,16,3,8,0,37,2460655.425917,2460654.834090
2024-12-11,2460655.542782,2460656.016882,3,10,26,17,5,8,0,37,2460656.319380,2460655.762953
2024-12-12,2460656.543161,2460657.017152,4,11,0,18,0,8,0,37,2460657.206089,2460656.682865
2024-12-13,2460657.543538,2460658.017432,5,12,1,19,2,8,0,37,2460658.090625,2460657.597793
2024-12-14,2460658.543913,2460659.017721,6,13,3,20,5,8,0,37,2460658.978560,2460659.434283
2024-12-15,2460659.544286,2460660.018019,0,14,4,22,0,8,0,37,2460659.876179,2460660.368568
2024-12-16,2460660.544656,2460661.018325,1,15,5,23,2,8,0,37,2460660.790102,2460661.322437
2024-12-17,2460661.545023,2460662.018640,2,16,6,24,4,8,0,37,2460661.726811,2460662.301974
2024-12-18,2460662.545386,2460663.018962,3,17,7,25,6,8,0,37,2460662.692006,2460663.311872
2024-12-19,2460663.545746,2460664.019291,4,18,8,26,1,8,0,37,2460663.689781,2460664.354513
2024-12-20,2460664.546100,2460665.019628,5,19,9,0,3,8,0,37,2460664.721683,2460665.429104
2024-12-21,2460665.546450,2460666.019971,6,20,10,1,5,8,0,37,2460665.785859,2460666.531174
2024-12-22,2460666.546795,2460667.020320,0,21,11,2,0,8,0,37,2460666.876630,2460667.652747
2024-12-23,2460667.547133,2460668.020675,1,22,11,3,2,8,0,37,2460667.984851,2460667.652747
2024-12-24,2460668.547466,2460669.021036,2,23,12,4,4,8,0,37,2460669.099194,2460668.783373
2024-12-25,2460669.547792,2460670.021401,3,24,13,5,5,8,0,37,2460670.208074,2460669.911840
2024-12-26,2460670.548112,2460671.021771,4,25,14,6,0,8,0,37,2460671.301606,2460671.028072
2024-12-27,2460671.548424,2460672.022146,5,26,15,7,2,8,0,37,2460672.372956,2460672.124605
2024-12-28,2460672.548729,2460673.022523,6,27,16,8,4,8,0,37,2460673.418771,2460673.197279
2024-12-29,2460673.549025,2460674.022905,0,28,17,9,6,8,0,37,2460674.438826,2460674.245102
2024-12-30,2460674.549314,2460675.023289,1,29,18,10,8,8,0,37,2460675.435195,2460675.269588
2024-12-31,2460675.549593,2460676.023676,2,0,19,11,10,9,0,37,2460676.411324,2460676.273847
2025-01-01,2460676.549864,2460677.024065,3,1,20,12,1,9,0,37,2460677.371184,2460677.261716
2025-01-02,2460677.550126,2460678.024455,4,2,21,13,3,9,0,37,2460678.318623,2460678.237043
2025-01-03,2460678.550378,2460679.024847,5,3,22,14,5,9,0,37,2460679.256916,2460679.203163
2025-01-04,2460679.550620,2460680.025240,6,4,23,15,0,9,0,37,2460680.188528,2460680.162610
2025-01-05,2460680.550852,2460681.025633,0,5,24,16,2,9,0,37,2460681.115074,2460681.117048
2025-01-06,2460681.551073,2460682.026026,1,6,25,18,4,9,0,37,2460682.037492,2460682.067430
2025-01-07,2460682.551284,2460683.026419,2,7,26,19,0,9,0,37,2460682.956373,2460683.014354
2025-01-08,2460683.551484,2460684.026811,3,8,0,20,2,9,0,37,2460683.872398,2460683.958530
2025-01-09,2460684.551673,2460685.027203,4,9,1,21,4,9,0,37,2460684.786757,2460684.901222
2025-01-10,2460685.551850,2460686.027593,5,10,2,22,6,9,0,37,2460685.701454,2460685.844575
2025-01-11,2460686.552016,2460687.027981,6,11,3,23,1,9,0,37,2460686.619452,2460686.791735
2025-01-12,2460687.552170,2460688.028367,0,13,4,24,4,9,0,37,2460688.481612,2460687.746781
2025-01-13,2460688.552313,2460689.028750,1,14,5,25,6,9,0,37,2460689.435394,2460688.714470
2025-01-14,2460689.552443,2460690.029131,2,15,6,0,1,9,0,37,2460690.410887,2460689.699816
2025-01-15,2460690.552561,2460691.029509,3,16,7,1,3,9,0,37,2460691.412242,2460690.707511
2025-01-16,2460691.552667,2460692.029883,4,17,8,2,5,9,0,37,2460692.442030,2460691.741178
2025-01-17,2460692.552760,2460693.030254,5,18,9,3,0,9,0,37,2460693.500360,2460692.802513
2025-01-18,2460693.552841,2460694.030621,6,19,10,4,2,9,0,37,2460694.584141,2460693.890462
2025-01-19,2460694.552909,2460695.030983,0,19,11,5,3,9,0,37,2460694.584141,2460695.000684
2025-01-20,2460695.552965,2460696.031341,1,20,12,6,5,9,0,37,2460695.686798,2460696.125602
2025-01-21,2460696.553008,2460697.031695,2,21,13,7,0,9,0,37,2460696.798758,2460697.255200
2025-01-22,2460697.553038,2460698.032043,3,22,14,8,2,9,0,37,2460697.908745,2460698.378521
2025-01-23,2460698.553055,2460699.032386,4,23,15,9,4,9,0,37,2460699.005630,2460699.485469
2025-01-24,2460699.553060,2460700.032724,5,24,16,10,6,9,0,37,2460700.080266,2460700.568371
2025-01-25,2460700.553051,2460701.033057,6,25,16,11,0,9,0,37,2460701.126706,2460700.568371
2025-01-26,2460701.553030,2460702.033383,0,26,17,12,2,9,0,37,2460702.142552,2460701.622851
2025-01-27,2460702.552996,2460703.033704,1,27,18,13,4,9,0,37,2460703.128557,2460702.647894
2025-01-28,2460703.552950,2460704.034019,2,28,19,14,6,9,0,37,2460704.087825,2460703.645307
2025-01-29,2460704.552891,2460705.034327,3,29,20,15,8,9,0,37,2460705.024929,2460704.618895
2025-01-30,2460705.552819,2460706.034630,4,0,21,16,0,10,0,37,2460705.945142,2460705.573621
2025-01-31,2460706.552735,2460707.034926,5,1,23,17,2,10,0,37,2460706.853834,2460707.447942
2025-02-01,2460707.552638,2460708.035215,6,2,24,18,4,10,0,37,2460707.756038,2460708.377545
2025-02-02,2460708.552529,2460709.035498,0,3,25,19,6,10,0,37,2460708.656151,2460709.307645
2025-02-03,2460709.552407,2460710.035774,1,4,26,21,1,10,0,37,2460709.557773,2460710.241317
2025-02-04,2460710.552274,2460711.036043,2,6,0,22,4,10,0,37,2460711.375871,2460711.180810
2025-02-05,2460711.552129,2460712.036305,3,7,1,23,6,10,0,37,2460712.295881,2460712.127751
2025-02-06,2460712.551971,2460713.036561,4,8,2,24,1,10,0,37,2460713.224950,2460713.083429
2025-02-07,2460713.551802,2460714.036810,5,9,3,25,3,10,0,37,2460714.164343,2460714.049090
2025-02-08,2460714.551622,2460715.037052,6,10,4,26,5,10,0,37,2460715.115547,2460715.026172
2025-02-09,2460715.551430,2460716.037287,0,11,5,0,0,10,0,37,2460716.080379,2460716.016435
2025-02-10,2460716.551227,2460717.037515,1,12,6,1,2,10,0,37,2460717.060983,2460717.021957
2025-02-11,2460717.551012,2460718.037737,2,13,7,2,4,10,0,37,2460718.059683,2460718.044990
2025-02-12,2460718.550787,2460719.037951,3,14,8,3,6,10,0,37,2460719.078668,2460719.087632
2025-02-13,2460719.550552,2460720.038159,4,15,9,4,1,10,0,37,2460720.119493,2460720.151321
2025-02-14,2460720.550305,2460721.038360,5,16,10,5,3,10,0,37,2460721.182433,2460721.236184
2025-02-15,2460721.550049,2460722.038554,6,17,11,6,5,10,0,37,2460722.265811,2460722.340403
2025-02-16,2460722.549782,2460723.038742,0,18,12,7,0,10,0,37,2460723.365516,2460723.459781
2025-02-17,2460723.549506,2460724.038923,1,19,13,8,2,10,0,37,2460724.474901,2460724.587710
2025-02-18,2460724.549220,2460725.039098,2,20,13,9,4,10,0,37,2460725.585220,2460724.587710
2025-02-19,2460725.548924,2460726.039266,3,20,14,10,5,10,0,37,2460725.585220,2460725.715640
2025-02-20,2460726.548620,2460727.039428,4,21,15,11,0,10,0,37,2460726.686621,2460726.834061
2025-02-21,2460727.548306,2460728.039584,5,22,16,12,2,10,0,37,2460727.769557,2460727.933868
2025-02-22,2460728.547984,2460729.039734,6,23,17,13,4,10,0,37,2460728.826240,2460729.007728
2025-02-23,2460729.547653,2460730.039878,0,24,18,14,6,10,0,37,2460729.851669,2460730.051051
2025-02-24,2460730.547314,2460731.040016,1,25,19,15,1,10,0,37,2460730.843972,2460731.062304
2025-02-25,2460731.546967,2460732.040149,2,26,20,16,3,10,0,37,2460731.804134,2460732.042750
2025-02-26,2460732.546613,2460733.040276,3,27,21,18,5,10,0,37,2460732.735381,2460732.995869
2025-02-27,2460733.546250,2460734.040397,4,28,22,19,7,10,0,37,2460733.642491,2460733.926669
2025-02-28,2460734.545881,2460735.040513,5,0,23,20,10,11,0,37,2460735.407491,2460734.841067
2025-03-01,2460735.545505,2460736.040625,6,1,24,21,1,11,0,37,2460736.277646,2460735.745365
2025-03-02,2460736.545122,2460737.040731,0,2,25,22,3,11,0,37,2460737.147535,2460736.645847
2025-03-03,2460737.544733,2460738.040832,1,3,26,23,5,11,0,37,2460738.022610,2460737.548465
2025-03-04,2460738.544337,2460739.040929,2,4,1,25,1,11,0,37,2460738.907690,2460739.380804
2025-03-05,2460739.543936,2460740.041022,3,5,2,26,3,11,0,37,2460739.806825,2460740.318794
2025-03-06,2460740.543529,2460741.041110,4,6,3,0,5,11,0,37,2460740.723200,2460741.275249
2025-03-07,2460741.543116,2460742.041194,5,7,4,1,0,11,0,37,2460741.659096,2460742.251877
2025-03-08,2460742.542699,2460743.041274,6,8,5,2,2,11,0,37,2460742.615901,2460743.249471
2025-03-09,2460743.542277,2460744.041350,0,9,6,3,4,11,0,37,2460743.594182,2460744.268038
2025-03-10,2460744.541850,2460745.041423,1,10,7,4,6,11,0,37,2460744.593810,2460745.306990
2025-03-11,2460745.541419,2460746.041493,2,11,8,5,1,11,0,37,2460745.614137,2460746.365337
2025-03-12,2460746.540984,2460747.041559,3,12,9,6,3,11,0,37,2460746.654162,2460747.441821
2025-03-13,2460747.540545,2460748.041622,4,13,10,7,5,11,0,37,2460747.712610,2460748.534863
2025-03-14,2460748.540103,2460749.041683,5,14,11,8,0,11,0,37,2460748.787818,2460749.642332
2025-03-15,2460749.539658,2460750.041741,6,15,11,9,2,11,0,37,2460749.877470,2460749.642332
2025-03-16,2460750.539209,2460751.041797,0,16,12,10,4,11,0,37,2460750.978284,2460750.761234
2025-03-17,2460751.538759,2460752.041850,1,17,13,11,6,11,0,37,2460752.085789,2460751.887470
2025-03-18,2460752.538306,2460753.041901,2,18,14,12,0,11,0,37,2460753.194254,2460753.015725
2025-03-19,2460753.537851,2460754.041951,3,19,15,13,2,11,0,37,2460754.296825,2460754.139542
2025-03-20,2460754.537394,2460755.041999,4,20,16,14,4,11,0,37,2460755.385975,2460755.251683
2025-03-21,2460755.536935,2460756.042046,5,21,17,15,6,11,0,37,2460756.454337,2460756.344859
2025-03-22,2460756.536476,2460757.042091,6,22,18,16,1,11,0,37,2460757.495711,2460757.412716
2025-03-23,2460757.536015,2460758.042135,0,23,19,17,3,11,0,37,2460758.505890,2460758.450717
2025-03-24,2460758.535554,2460759.042179,1,24,20,18,5,11,0,37,2460759.483057,2460759.456654
2025-03-25,2460759.535092,2460760.042222,2,25,21,19,0,11,0,37,2460760.427766,2460760.430737
2025-03-26,2460760.534631,2460761.042264,3,26,22,20,2,11,0,37,2460761.342651,2460761.375383
2025-03-27,2460761.534169,2460762.042307,4,27,23,21,4,11,0,37,2460762.232005,2460762.294836
2025-03-28,2460762.533708,2460763.042349,5,28,24,23,6,11,0,37,2460763.101330,2460763.194707
2025-03-29,2460763.533248,2460764.042391,6,29,25,24,9,11,0,37,2460763.956912,2460764.081518
2025-03-30,2460764.532788,2460765.042434,0,0,26,25,0,0,0,38,2460764.805471,2460764.962295
2025-03-31,2460765.532330,2460766.042477,1,1,0,26,2,0,0,38,2460765.653874,2460765.844223
2025-04-01,2460766.531874,2460767.042521,2,3,1,0,5,0,0,38,2460767.376994,2460766.734335
2025-04-02,2460767.531419,2460768.042565,3,4,2,2,0,0,0,38,2460768.264010,2460767.639209
2025-04-03,2460768.530966,2460769.042611,4,5,3,3,2,0,0,38,2460769.174878,2460768.564619
2025-04-04,2460769.530515,2460770.042658,5,6,5,4,4,0,0,38,2460770.113251,2460770.493876
2025-04-05,2460770.530067,2460771.042706,6,7,6,5,6,0,0,38,2460771.081166,2460771.501944
2025-04-06,2460771.529622,2460772.042756,0,8,7,6,1,0,0,38,2460772.078815,2460772.538591
2025-04-07,2460772.529180,2460773.042808,1,9,7,7,3,0,0,38,2460773.104543,2460772.538591
2025-04-08,2460773.528741,2460774.042861,2,10,8,8,5,0,0,38,2460774.155122,2460773.601260
2025-04-09,2460774.528306,2460775.042916,3,11,9,9,0,0,0,38,2460775.226263,2460774.686072
2025-04-10,2460775.527874,2460776.042974,4,12,10,10,2,0,0,38,2460776.313196,2460775.788425
2025-04-11,2460776.527447,2460777.043034,5,13,11,11,4,0,0,38,2460777.411123,2460776.903547
2025-04-12,2460777.527024,2460778.043096,6,14,12,12,6,0,0,38,2460778.515461,2460778.026831
2025-04-13,2460778.526605,2460779.043161,0,15,13,13,1,0,0,38,2460779.621908,2460779.153966
2025-04-14,2460779.526191,2460780.043229,1,15,14,14,2,0,0,38,2460779.621908,2460780.280897
2025-04-15,2460780.525783,2460781.043300,2,16,15,15,4,0,0,38,2460780.726353,2460781.403634
2025-04-16,2460781.525379,2460782.043373,3,17,16,16,6,0,0,38,2460781.824643,2460782.517969
2025-04-17,2460782.524981,2460783.043450,4,18,17,17,1,0,0,38,2460782.912319,2460783.619269
2025-04-18,2460783.524589,2460784.043530,5,19,17,18,3,0,0,38,2460783.984533,2460783.619269
2025-04-19,2460784.524203,2460785.043613,6,20,18,19,5,0,0,38,2460785.036333,2460784.702606
2025-04-20,2460785.523823,2460786.043700,0,21,19,20,6,0,0,38,2460786.063228,2460785.763231
2025-04-21,2460786.523449,2460787.043790,1,22,20,21,1,0,0,38,2460787.061788,2460786.797212
2025-04-22,2460787.523082,2460788.043883,2,23,21,22,3,0,0,38,2460788.030083,2460787.801970
2025-04-23,2460788.522721,2460789.043981,3,24,22,23,6,0,0,38,2460788.967936,2460788.776655
2025-04-24,2460789.522368,2460790.044082,4,25,23,24,1,0,0,38,2460789.877001,2460789.722327
2025-04-25,2460790.522022,2460791.044186,5,26,24,25,3,0,0,38,2460790.760667,2460790.641971
2025-04-26,2460791.521683,2460792.044295,6,27,25,26,5,0,0,38,2460791.623805,2460791.540288
2025-04-27,2460792.521352,2460793.044407,0,29,0,1,8,0,0,38,2460793.313312,2460793.298220
2025-04-28,2460793.521028,2460794.044524,1,0,1,2,10,1,0,38,2460794.153732,2460794.172498
2025-04-29,2460794.520713,2460795.044644,2,1,2,3,1,1,0,38,2460795.001133,2460795.054034
2025-04-30,2460795.520405,2460796.044769,3,2,3,4,4,1,0,38,2460795.862880,2460795.950530
2025-05-01,2460796.520106,2460797.044897,4,3,4,5,6,1,0,38,2460796.745925,2460796.869123
2025-05-02,2460797.519815,2460798.045029,5,4,5,7,1,1,0,38,2460797.656355,2460797.815852
2025-05-03,2460798.519533,2460799.045166,6,5,6,8,3,1,0,38,2460798.598824,2460798.795014
2025-05-04,2460799.519260,2460800.045306,0,6,7,9,5,1,0,38,2460799.575927,2460799.808542
2025-05-05,2460800.518995,2460801.045450,1,7,8,10,0,1,0,38,2460800.587676,2460800.855581
2025-05-06,2460801.518740,2460802.045598,2,8,9,11,2,1,0,38,2460801.631305,2460801.932481
2025-05-07,2460802.518493,2460803.045751,3,9,10,12,4,1,0,38,2460802.701558,2460803.033326
2025-05-08,2460803.518256,2460804.045906,4,10,11,13,6,1,0,38,2460803.791471,2460804.150880
2025-05-09,2460804.518028,2460805.046066,5,11,12,14,1,1,0,38,2460804.893441,2460805.277687
2025-05-10,2460805.517810,2460806.046230,6,12,13,15,3,1,0,38,2460806.000252,2460806.407010
2025-05-11,2460806.517601,2460807.046397,0,13,14,16,4,1,0,38,2460807.105812,2460807.533391
2025-05-12,2460807.517402,2460808.046568,1,14,14,17,6,1,0,38,2460808.205469,2460807.533391
2025-05-13,2460808.517212,2460809.046742,2,15,15,18,1,1,0,38,2460809.295905,2460808.652804
2025-05-14,2460809.517032,2460810.046919,3,16,16,18,3,1,0,38,2460810.374702,2460809.762392
2025-05-15,2460810.516862,2460811.047100,4,17,17,19,5,1,0,38,2460811.439766,2460810.859949
2025-05-16,2460811.516703,2460812.047284,5,18,18,20,0,1,0,38,2460812.488880,2460811.943349
2025-05-17,2460812.516553,2460813.047471,6,19,19,21,2,1,0,38,2460813.519548,2460813.010206
2025-05-18,2460813.516412,2460814.047661,0,19,20,22,3,1,0,38,2460813.519548,2460814.057866
2025-05-19,2460814.516282,2460815.047853,1,20,21,23,5,1,0,38,2460814.529154,2460815.083675
2025-05-20,2460815.516162,2460816.048048,2,22,22,25,1,1,0,38,2460816.476278,2460816.085402
2025-05-21,2460816.516052,2460817.048246,3,23,23,26,3,1,0,38,2460817.411378,2460817.061708
2025-05-22,2460817.515952,2460818.048445,4,24,24,0,5,1,0,38,2460818.321350,2460818.012594
2025-05-23,2460818.515862,2460819.048647,5,25,25,1,0,1,0,38,2460819.208543,2460818.939734
2025-05-24,2460819.515782,2460820.048850,6,26,26,2,2,1,0,38,2460820.076882,2460819.846582
2025-05-25,2460820.515712,2460821.049056,0,27,0,3,5,1,0,38,2460820.931657,2460820.738215
2025-05-26,2460821.515652,2460822.049262,1,28,1,4,7,1,0,38,2460821.779203,2460821.621018
2025-05-27,2460822.515602,2460823.049470,2,29,3,6,9,1,0,38,2460822.626569,2460823.389811
2025-05-28,2460823.515561,2460824.049678,3,1,4,7,1,2,0,38,2460824.350644,2460824.291515
2025-05-29,2460824.515530,2460825.049888,4,2,5,8,3,2,0,38,2460825.242101,2460825.214931
2025-05-30,2460825.515509,2460826.050098,5,3,6,9,5,2,0,38,2460826.161968,2460826.166623
2025-05-31,2460826.515497,2460827.050308,6,4,7,10,0,2,0,38,2460827.115124,2460827.151438
2025-06-01,2460827.515495,2460828.050518,0,5,8,11,2,2,0,38,2460828.104179,2460828.171715
2025-06-02,2460828.515502,2460829.050728,1,6,9,12,4,2,0,38,2460829.128784,2460829.226656
2025-06-03,2460829.515518,2460830.050937,2,7,10,13,6,2,0,38,2460830.185316,2460830.312136
2025-06-04,2460830.515543,2460831.051146,3,8,11,14,1,2,0,38,2460831.267137,2460831.421138
2025-06-05,2460831.515577,2460832.051353,4,9,12,15,3,2,0,38,2460832.365529,2460832.544834
2025-06-06,2460832.515620,2460833.051560,5,10,12,16,5,2,0,38,2460833.471096,2460832.544834
2025-06-07,2460833.515671,2460834.051764,6,11,13,17,0,2,0,38,2460834.575210,2460833.674018
2025-06-08,2460834.515730,2460835.051967,0,11,14,18,1,2,0,38,2460834.575210,2460834.800499
2025-06-09,2460835.515798,2460836.052167,1,12,15,19,3,2,0,38,2460835.671075,2460835.918025
2025-06-10,2460836.515874,2460837.052365,2,13,16,20,5,2,0,38,2460836.754151,2460837.022580
2025-06-11,2460837.515957,2460838.052560,3,14,17,21,0,2,0,38,2460837.821998,2460838.112125
2025-06-12,2460838.516048,2460839.052752,4,15,18,22,2,2,0,38,2460838.873711,2460839.185984
2025-06-13,2460839.516146,2460840.052941,5,16,19,23,4,2,0,38,2460839.909213,2460840.244127
2025-06-14,2460840.516252,2460841.053126,6,17,20,24,6,2,0,38,2460840.928609,2460841.286552
2025-06-15,2460841.516364,2460842.053308,0,18,21,25,1,2,0,38,2460841.931757,2460842.312918
2025-06-16,2460842.516483,2460843.053485,1,19,22,26,3,2,0,38,2460842.918104,2460843.322461
2025-06-17,2460843.516608,2460844.053657,2,20,23,0,5,2,0,38,2460843.886788,2460844.314185
2025-06-18,2460844.516740,2460845.053825,3,21,24,1,0,2,0,38,2460844.836930,2460845.287235
2025-06-19,2460845.516877,2460846.053987,4,22,25,3,2,2,0,38,2460845.768049,2460846.241388
2025-06-20,2460846.517020,2460847.054145,5,23,26,4,4,2,0,38,2460846.680508,2460847.177516
2025-06-21,2460847.517168,2460848.054296,6,24,0,5,6,2,0,38,2460847.575849,2460848.097902
2025-06-22,2460848.517322,2460849.054442,0,26,1,6,2,2,0,38,2460849.328070,2460849.006321
2025-06-23,2460849.517480,2460850.054581,1,27,2,7,4,2,0,38,2460850.194487,2460849.907909
2025-06-24,2460850.517643,2460851.054714,2,28,3,8,6,2,0,38,2460851.062406,2460850.808876
2025-06-25,2460851.517809,2460852.054841,3,29,4,9,9,2,0,38,2460851.938555,2460851.716144
2025-06-26,2460852.517980,2460853.054960,4,0,5,11,0,3,0,38,2460852.829843,2460852.636917
2025-06-27,2460853.518155,2460854.055072,5,1,6,12,2,3,0,38,2460853.742924,2460853.578179
2025-06-28,2460854.518332,2460855.055177,6,2,7,13,4,3,0,38,2460854.683623,2460854.546065
2025-06-29,2460855.518513,2460856.055274,0,3,8,14,6,3,0,38,2460855.656235,2460855.545106
2025-06-30,2460856.518697,2460857.055364,1,4,9,15,1,3,0,38,2460856.662739,2460856.577426
2025-07-01,2460857.518883,2460858.055445,2,5,10,16,3,3,0,38,2460857.702122,2460857.642075
2025-07-02,2460858.519071,2460859.055518,3,6,11,17,5,3,0,38,2460858.770049,2460858.734748
2025-07-03,2460859.519261,2460860.055582,4,7,12,18,0,3,0,38,2460859.859116,2460859.848095
2025-07-04,2460860.519453,2460861.055637,5,8,13,19,2,3,0,38,2460860.959807,2460860.972723
2025-07-05,2460861.519646,2460862.055684,6,9,14,20,4,3,0,38,2460862.061998,2460862.098691
2025-07-06,2460862.519840,2460863.055722,0,10,15,21,5,3,0,38,2460863.156568,2460863.217088
2025-07-07,2460863.520035,2460864.055750,1,11,16,22,0,3,0,38,2460864.236584,2460864.321184
2025-07-08,2460864.520230,2460865.055769,2,12,17,23,2,3,0,38,2460865.297798,2460865.406898
2025-07-09,2460865.520426,2460866.055779,3,13,18,24,4,3,0,38,2460866.338483,2460866.472628
2025-07-10,2460866.520622,2460867.055779,4,14,19,25,6,3,0,38,2460867.358857,2460867.518680
2025-07-11,2460867.520817,2460868.055769,5,15,20,26,1,3,0,38,2460868.360361,2460868.546528
2025-07-12,2460868.521012,2460869.055749,6,16,20,0,3,3,0,38,2460869.344960,2460868.546528
2025-07-13,2460869.521206,2460870.055719,0,17,21,1,5,3,0,38,2460870.314600,2460869.558115
2025-07-14,2460870.521399,2460871.055679,1,18,22,2,0,3,0,38,2460871.270872,2460870.555306
2025-07-15,2460871.521591,2460872.055629,2,19,23,3,2,3,0,38,2460872.214897,2460871.539568
2025-07-16,2460872.521781,2460873.055569,3,20,25,4,4,3,0,38,2460873.147422,2460873.472956
2025-07-17,2460873.521969,2460874.055499,4,21,26,5,6,3,0,38,2460874.069075,2460874.423406
2025-07-18,2460874.522156,2460875.055418,5,22,0,6,1,3,0,38,2460874.980694,2460875.364261
2025-07-19,2460875.522340,2460876.055326,6,23,1,8,4,3,0,38,2460875.883654,2460876.297239
2025-07-20,2460876.522522,2460877.055225,0,24,2,9,6,3,0,38,2460876.780113,2460877.224981
2025-07-21,2460877.522702,2460878.055113,1,25,3,10,1,3,0,38,2460877.673123,2460878.151114
2025-07-22,2460878.522879,2460879.054990,2,26,4,11,3,3,0,38,2460878.566622,2460879.080171
2025-07-23,2460879.523053,2460880.054857,3,28,5,12,6,3,0,38,2460880.374392,2460880.017371
2025-07-24,2460880.523224,2460881.054713,4,29,6,13,8,3,0,38,2460881.299327,2460880.968284
2025-07-25,2460881.523392,2460882.054560,5,0,7,14,10,4,0,38,2460882.245330,2460881.938387
2025-07-26,2460882.523556,2460883.054395,6,1,8,16,1,4,0,38,2460883.216853,2460882.932480
2025-07-27,2460883.523717,2460884.054221,0,2,9,17,3,4,0,38,2460884.216913,2460883.954009
2025-07-28,2460884.523875,2460885.054036,1,3,10,18,5,4,0,38,2460885.246394,2460885.004340
2025-07-29,2460885.524028,2460886.053841,2,4,11,19,0,4,0,38,2460886.303457,2460886.082157
2025-07-30,2460886.524178,2460887.053635,3,5,12,20,2,4,0,38,2460887.383273,2460887.183161
2025-07-31,2460887.524324,2460888.053420,4,6,13,21,4,4,0,38,2460888.478265,2460888.300267
2025-08-01,2460888.524466,2460889.053194,5,7,14,22,6,4,0,38,2460889.578963,2460889.424377
2025-08-02,2460889.524604,2460890.052959,6,7,15,23,0,4,0,38,2460889.578963,2460890.545672
2025-08-03,2460890.524737,2460891.052713,0,8,15,23,2,4,0,38,2460890.675368,2460890.545672
2025-08-04,2460891.524867,2460892.052458,1,9,16,24,4,4,0,38,2460891.758476,2460891.655108
2025-08-05,2460892.524992,2460893.052194,2,10,17,25,6,4,0,38,2460892.821492,2460892.745668
2025-08-06,2460893.525113,2460894.051920,3,11,18,26,1,4,0,38,2460893.860404,2460893.813044
2025-08-07,2460894.525230,2460895.051636,4,12,19,0,3,4,0,38,2460894.873912,2460894.855657
2025-08-08,2460895.525342,2460896.051343,5,13,20,2,5,4,0,38,2460895.862920,2460895.874213
2025-08-09,2460896.525450,2460897.051042,6,14,21,3,0,4,0,38,2460896.829865,2460896.871051
2025-08-10,2460897.525553,2460898.050731,0,15,22,4,2,4,0,38,2460897.778058,2460897.849462
2025-08-11,2460898.525652,2460899.050411,1,16,23,5,4,4,0,38,2460898.711151,2460898.813127
2025-08-12,2460899.525746,2460900.050083,2,17,24,6,6,4,0,38,2460899.632739,2460899.765683
2025-08-13,2460900.525837,2460901.049746,3,18,25,7,1,4,0,38,2460900.546120,2460900.710462
2025-08-14,2460901.525923,2460902.049401,4,20,26,8,4,4,0,38,2460902.359428,2460901.650376
2025-08-15,2460902.526004,2460903.049048,5,21,0,9,6,4,0,38,2460903.264049,2460902.587936
2025-08-16,2460903.526081,2460904.048687,6,22,2,10,1,4,0,38,2460904.170106,2460904.464809
2025-08-17,2460904.526154,2460905.048319,0,23,3,12,3,4,0,38,2460905.079684,2460905.408446
2025-08-18,2460905.526223,2460906.047942,1,24,4,13,5,4,0,38,2460905.995035,2460906.358690
2025-08-19,2460906.526288,2460907.047559,2,25,5,14,1,4,0,38,2460906.918670,2460907.318228
2025-08-20,2460907.526349,2460908.047168,3,26,6,15,3,4,0,38,2460907.853383,2460908.290015
2025-08-21,2460908.526406,2460909.046770,4,27,7,16,5,4,0,38,2460908.802198,2460909.277166
2025-08-22,2460909.526459,2460910.046366,5,28,8,17,7,4,0,38,2460909.768219,2460910.282727
2025-08-23,2460910.526508,2460911.045955,6,29,9,18,9,4,0,38,2460910.754363,2460911.309316
2025-08-24,2460911.526554,2460912.045537,0,0,10,19,0,5,0,38,2460911.762962,2460912.358633
2025-08-25,2460912.526596,2460913.045114,1,1,11,20,2,5,0,38,2460912.795244,2460913.430903
2025-08-26,2460913.526634,2460914.044685,2,2,12,21,4,5,0,38,2460913.850775,2460914.524365
2025-08-27,2460914.526669,2460915.044250,3,3,13,22,6,5,0,38,2460914.926989,2460915.634973
2025-08-28,2460915.526701,2460916.043809,4,4,13,23,1,5,0,38,2460916.018966,2460915.634973
2025-08-29,2460916.526730,2460917.043364,5,5,14,24,2,5,0,38,2460917.119581,2460916.756426
2025-08-30,2460917.526756,2460918.042913,6,6,15,25,4,5,0,38,2460918.220097,2460917.880611
2025-08-31,2460918.526779,2460919.042458,0,7,16,26,6,5,0,38,2460919.311211,2460918.998492
2025-09-01,2460919.526799,2460920.041999,1,8,17,0,1,5,0,38,2460920.384374,2460920.101324
2025-09-02,2460920.526817,2460921.041535,2,9,18,1,3,5,0,38,2460921.432980,2460921.181918
2025-09-03,2460921.526833,2460922.041067,3,10,19,2,5,5,0,38,2460922.453072,2460922.235528
2025-09-04,2460922.526846,2460923.040595,4,11,20,3,0,5,0,38,2460923.443428,2460923.260149
2025-09-05,2460923.526857,2460924.040121,5,12,21,4,2,5,0,38,2460924.405194,2460924.256307
2025-09-06,2460924.526866,2460925.039642,6,13,22,5,4,5,0,38,2460925.341331,2460925.226562
2025-09-07,2460925.526874,2460926.039161,0,14,23,6,6,5,0,38,2460926.256039,2460926.174932
2025-09-08,2460926.526880,2460927.038677,1,15,24,7,1,5,0,38,2460927.154262,2460927.106361
2025-09-09,2460927.526884,2460928.038191,2,16,25,9,3,5,0,38,2460928.041280,2460928.026253
2025-09-10,2460928.526887,2460929.037703,3,17,26,10,6,5,0,38,2460928.922394,2460928.940101
2025-09-11,2460929.526890,2460930.037212,4,18,0,11,1,5,0,38,2460929.802688,2460929.853190
2025-09-12,2460930.526891,2460931.036720,5,19,1,12,3,5,0,38,2460930.686834,2460930.770360
2025-09-13,2460931.526892,2460932.036227,6,20,2,13,5,5,0,38,2460931.578957,2460931.695839
2025-09-14,2460932.526892,2460933.035732,0,22,3,14,1,5,0,38,2460933.400356,2460932.633130
2025-09-15,2460933.526892,2460934.035237,1,23,4,16,3,5,0,38,2460934.334495,2460933.584954
2025-09-16,2460934.526892,2460935.034741,2,24,5,17,5,5,0,38,2460935.286376,2460934.553262
2025-09-17,2460935.526892,2460936.034244,3,25,6,18,0,5,0,38,2460936.256856,2460935.539301
2025-09-18,2460936.526892,2460937.033748,4,26,7,19,2,5,0,38,2460937.246356,2460936.543741
2025-09-19,2460937.526892,2460938.033252,5,27,8,20,4,5,0,38,2460938.255006,2460937.566828
2025-09-20,2460938.526894,2460939.032756,6,28,9,21,6,5,0,38,2460939.282719,2460938.608537
2025-09-21,2460939.526896,2460940.032261,0,29,10,22,8,5,0,38,2460940.329129,2460939.668616
2025-09-22,2460940.526899,2460941.031767,1,0,11,23,10,6,0,38,2460941.393360,2460940.746472
2025-09-23,2460941.526904,2460942.031274,2,1,12,24,1,6,0,38,2460942.473669,2460941.840882
2025-09-24,2460942.526910,2460943.030783,3,2,13,25,3,6,0,38,2460943.567079,2460942.949622
2025-09-25,2460943.526917,2460944.030294,4,2,14,26,4,6,0,38,2460943.567079,2460944.069138
2025-09-26,2460944.526927,2460945.029807,5,3,15,0,6,6,0,38,2460944.669104,2460945.194350
2025-09-27,2460945.526938,2460946.029322,6,4,16,1,1,6,0,38,2460945.773665,2460946.318678
2025-09-28,2460946.526952,2460947.028840,0,5,17,2,3,6,0,38,2460946.873302,2460947.434423
2025-09-29,2460947.526968,2460948.028361,1,6,18,3,5,6,0,38,2460947.959825,2460948.533596
2025-09-30,2460948.526987,2460949.027885,2,7,18,4,0,6,0,38,2460949.025375,2460948.533596
2025-10-01,2460949.527009,2460950.027413,3,8,19,5,1,6,0,38,2460950.063568,2460949.609048
2025-10-02,2460950.527034,2460951.026944,4,9,20,6,3,6,0,38,2460951.070306,2460950.655496
2025-10-03,2460951.527062,2460952.026480,5,10,21,7,5,6,0,38,2460952.044094,2460951.670123
2025-10-04,2460952.527094,2460953.026019,6,11,22,8,1,6,0,38,2460952.985909,2460952.652711
2025-10-05,2460953.527129,2460954.025564,0,12,23,9,3,6,0,38,2460953.898834,2460953.605423
2025-10-06,2460954.527168,2460955.025113,1,13,24,10,5,6,0,38,2460954.787577,2460954.532387
2025-10-07,2460955.527211,2460956.024667,2,14,26,11,0,6,0,38,2460955.657971,2460956.332408
2025-10-08,2460956.527258,2460957.024227,3,16,0,13,3,6,0,38,2460957.370129,2460957.219082
2025-10-09,2460957.527310,2460958.023792,4,17,1,14,5,6,0,38,2460958.225591,2460958.106399
2025-10-10,2460958.527366,2460959.023364,5,18,2,15,0,6,0,38,2460959.089523,2460959.001302
2025-10-11,2460959.527427,2460960.022941,6,19,3,16,3,6,0,38,2460959.967974,2460959.910146
2025-10-12,2460960.527493,2460961.022525,0,20,4,17,5,6,0,38,2460960.866133,2460960.838329
2025-10-13,2460961.527564,2460962.022116,1,21,5,18,0,6,0,38,2460961.787992,2460961.789913
2025-10-14,2460962.527640,2460963.021714,2,22,6,20,2,6,0,38,2460962.736046,2460962.767327
2025-10-15,2460963.527721,2460964.021319,3,23,7,21,4,6,0,38,2460963.711131,2460963.771217
2025-10-16,2460964.527808,2460965.020932,4,24,8,22,6,6,0,38,2460964.712453,2460964.800549
2025-10-17,2460965.527901,2460966.020552,5,25,9,23,1,6,0,38,2460965.737877,2460965.852964
2025-10-18,2460966.527999,2460967.020180,6,26,10,24,3,6,0,38,2460966.784391,2460966.925310
2025-10-19,2460967.528104,2460968.019817,0,27,11,25,5,6,0,38,2460967.848641,2460968.014195
2025-10-20,2460968.528215,2460969.019462,1,28,12,26,7,6,0,38,2460968.927343,2460969.116380
2025-10-21,2460969.528332,2460970.019116,2,29,13,0,9,6,0,38,2460970.017463,2460970.228908
2025-10-22,2460970.528455,2460971.018779,3,0,14,1,10,7,0,38,2460971.116119,2460971.348962
2025-10-23,2460971.528585,2460972.018451,4,1,15,2,1,7,0,38,2460972.220274,2460972.473514
2025-10-24,2460972.528721,2460973.018133,5,2,16,3,3,7,0,38,2460973.326319,2460973.598896
2025-10-25,2460973.528864,2460974.017825,6,3,16,4,5,7,0,38,2460974.429659,2460973.598896
2025-10-26,2460974.529014,2460975.017526,0,4,17,4,0,7,0,38,2460975.524535,2460974.720405
2025-10-27,2460975.529171,2460976.017237,1,5,18,5,2,7,0,38,2460976.604302,2460975.832207
2025-10-28,2460976.529334,2460977.016959,2,5,19,6,3,7,0,38,2460976.604302,2460976.927699
2025-10-29,2460977.529505,2460978.016692,3,6,20,7,5,7,0,38,2460977.662178,2460978.000331
2025-10-30,2460978.529683,2460979.016435,4,7,21,8,0,7,0,38,2460978.692227,2460979.044578
2025-10-31,2460979.529868,2460980.016190,5,8,22,9,2,7,0,38,2460979.690223,2460980.056757
2025-11-01,2460980.530060,2460981.015955,6,9,23,11,4,7,0,38,2460980.654210,2460981.035552
2025-11-02,2460981.530259,2460982.015732,0,10,24,12,6,7,0,38,2460981.584700,2460981.982183
2025-11-03,2460982.530466,2460983.015520,1,12,25,13,2,7,0,38,2460983.358561,2460982.900248
2025-11-04,2460983.530679,2460984.015321,2,13,26,14,4,7,0,38,2460984.213007,2460983.795294
2025-11-05,2460984.530900,2460985.015133,3,14,0,15,6,7,0,38,2460985.055089,2460984.674267
2025-11-06,2460985.531128,2460986.014957,4,15,1,16,2,7,0,38,2460985.892537,2460985.544981
2025-11-07,2460986.531364,2460987.014793,5,16,3,18,4,7,0,38,2460986.733277,2460987.294576
2025-11-08,2460987.531606,2460988.014642,6,17,4,19,6,7,0,38,2460987.585137,2460988.189590
2025-11-09,2460988.531856,2460989.014503,0,19,5,20,2,7,0,38,2460989.350951,2460989.107728
2025-11-10,2460989.532113,2460990.014376,1,20,6,21,4,7,0,38,2460990.276559,2460990.054566
2025-11-11,2460990.532377,2460991.014263,2,21,7,22,6,7,0,38,2460991.235451,2460991.033615
2025-11-12,2460991.532647,2460992.014162,3,22,8,23,1,7,0,38,2460992.228273,2460992.045836
2025-11-13,2460992.532925,2460993.014074,4,23,9,24,3,7,0,38,2460993.253087,2460993.089524
2025-11-14,2460993.533209,2460994.013999,5,24,10,25,5,7,0,38,2460994.305702,2460994.160660
2025-11-15,2460994.533500,2460995.013937,6,25,11,26,0,7,0,38,2460995.380400,2460995.253657
2025-11-16,2460995.533797,2460996.013888,0,26,12,0,2,7,0,38,2460996.470891,2460996.362332
2025-11-17,2460996.534101,2460997.013852,1,27,13,1,4,7,0,38,2460997.571228,2460997.480821
2025-11-18,2460997.534411,2460998.013830,2,27,14,2,5,7,0,38,2460997.571228,2460998.604226
2025-11-19,2460998.534727,2460999.013820,3,28,14,3,7,7,0,38,2460998.676447,2460998.604226
2025-11-20,2460999.535048,2461000.013824,4,29,15,4,9,7,0,38,2460999.782748,2460999.728814
2025-11-21,2461000.535375,2461001.013841,5,0,16,5,0,8,0,38,2461000.887224,2461000.851753
2025-11-22,2461001.535708,2461002.013871,6,1,17,6,2,8,0,38,2461001.987277,2461001.970545
2025-11-23,2461002.536046,2461003.013914,0,2,18,7,4,8,0,38,2461003.079965,2461003.082367
2025-11-24,2461003.536389,2461004.013971,1,3,19,8,5,8,0,38,2461004.161544,2461004.183597
2025-11-25,2461004.536737,2461005.014040,2,4,20,9,0,8,0,38,2461005.227408,2461005.269733
2025-11-26,2461005.537089,2461006.014123,3,5,21,10,2,8,0,38,2461006.272477,2461006.335761
2025-11-27,2461006.537445,2461007.014218,4,6,22,11,4,8,0,38,2461007.291883,2461007.376828
2025-11-28,2461007.537805,2461008.014326,5,7,23,12,6,8,0,38,2461008.281759,2461008.389049
2025-11-29,2461008.538169,2461009.014447,6,8,24,13,1,8,0,38,2461009.239941,2461009.370254
2025-11-30,2461009.538536,2461010.014580,0,9,25,14,3,8,0,38,2461010.166447,2461010.320520
2025-12-01,2461010.538906,2461011.014726,1,10,26,16,5,8,0,38,2461011.063600,2461011.242344
2025-12-02,2461011.539278,2461012.014884,2,11,0,17,1,8,0,38,2461011.935802,2461012.140423
2025-12-03,2461012.539653,2461013.015054,3,12,1,18,3,8,0,38,2461012.789080,2461013.021178
2025-12-04,2461013.540030,2461014.015235,4,13,2,19,5,8,0,38,2461013.630581,2461013.892208
2025-12-05,2461014.540409,2461015.015429,5,15,3,20,1,8,0,38,2461015.309891,2461014.761795
2025-12-06,2461015.540789,2461016.015634,6,16,4,22,3,8,0,38,2461016.164032,2461015.638478
2025-12-07,2461016.541169,2461017.015850,0,17,6,23,5,8,0,38,2461017.038397,2461017.446035
2025-12-08,2461017.541550,2461018.016077,1,18,7,24,1,8,0,38,2461017.940012,2461018.391119
2025-12-09,2461018.541932,2461019.016315,2,19,8,25,3,8,0,38,2461018.874444,2461019.370339
2025-12-10,2461019.542313,2461020.016563,3,20,9,26,5,8,0,38,2461019.845064,2461020.385417
2025-12-11,2461020.542693,2461021.016821,4,21,10,0,0,8,0,38,2461020.852418,2461021.434956
2025-12-12,2461021.543072,2461022.017089,5,22,11,1,2,8,0,38,2461021.893939,2461022.514559
2025-12-13,2461022.543450,2461023.017367,6,23,12,2,4,8,0,38,2461022.964198,2461023.617485
2025-12-14,2461023.543826,2461024.017654,0,24,12,3,6,8,0,38,2461024.055692,2461023.617485
2025-12-15,2461024.544199,2461025.017950,1,25,13,4,0,8,0,38,2461025.160049,2461024.735746
2025-12-16,2461025.544570,2461026.018254,2,26,14,5,2,8,0,38,2461026.269338,2461025.861385
2025-12-17,2461026.544938,2461027.018566,3,27,15,6,4,8,0,38,2461027.377111,2461026.987607
2025-12-18,2461027.545302,2461028.018887,4,28,16,7,6,8,0,38,2461028.478819,2461028.109395
2025-12-19,2461028.545662,2461029.019214,5,29,17,8,8,8,0,38,2461029.571607,2461029.223498
2025-12-20,2461029.546018,2461030.019549,6,29,18,9,9,8,0,38,2461029.571607,2461030.327936
2025-12-21,2461030.546369,2461031.019891,0,0,19,10,0,9,0,38,2461030.653710,2461031.421295
2025-12-22,2461031.546715,2461032.020238,1,1,20,11,2,9,0,38,2461031.723733,2461032.502087
2025-12-23,2461032.547055,2461033.020592,2,2,21,12,4,9,0,38,2461032.780058,2461033.568329
2025-12-24,2461033.547389,2461034.020951,3,3,21,13,6,9,0,38,2461033.820529,2461033.568329
2025-12-25,2461034.547717,2461035.021316,4,4,22,14,1,9,0,38,2461034.842467,2461034.617456
2025-12-26,2461035.548038,2461036.021685,5,5,23,15,3,9,0,38,2461035.843003,2461035.646569
2025-12-27,2461036.548352,2461037.022058,6,6,24,16,5,9,0,38,2461036.819619,2461036.652949
2025-12-28,2461037.548658,2461038.022435,0,7,25,17,0,9,0,38,2461037.770768,2461037.634696
2025-12-29,2461038.548957,2461039.022815,1,8,26,18,2,9,0,38,2461038.696397,2461038.591344
2025-12-30,2461039.549247,2461040.023199,2,9,1,20,4,9,0,38,2461039.598230,2461040.436701
2025-12-31,2461040.549529,2461041.023585,3,11,2,21,0,9,0,38,2461041.346021,2461041.333669
2026-01-01,2461041.549802,2461042.023973,4,12,3,22,2,9,0,38,2461042.203192,2461042.221474
2026-01-02,2461042.550066,2461043.024364,5,13,4,23,4,9,0,38,2461043.058265,2461043.107338
2026-01-03,2461043.550320,2461044.024755,6,14,5,24,0,9,0,38,2461043.918677,2461043.998972
2026-01-04,2461044.550565,2461045.025148,0,15,6,26,2,9,0,38,2461044.791981,2461044.904151
2026-01-05,2461045.550799,2461046.025541,1,16,7,0,4,9,0,38,2461045.685461,2461045.830236
2026-01-06,2461046.551023,2461047.025934,2,17,8,1,6,9,0,38,2461046.605644,2461046.783588
2026-01-07,2461047.551237,2461048.026327,3,18,9,2,1,9,0,38,2461047.557663,2461047.768870
2026-01-08,2461048.551439,2461049.026720,4,20,10,3,4,9,0,38,2461049.566608,2461048.788342
2026-01-09,2461049.551631,2461050.027111,5,20,11,4,5,9,0,38,2461049.566608,2461049.841316
2026-01-10,2461050.551811,2461051.027501,6,21,12,5,0,9,0,38,2461050.620986,2461050.923982
2026-01-11,2461051.551980,2461052.027890,0,22,13,6,2,9,0,38,2461051.701806,2461052.029737
2026-01-12,2461052.552137,2461053.028277,1,23,14,7,4,9,0,38,2461052.800809,2461053.150072
2026-01-13,2461053.552282,2461054.028661,2,24,15,8,6,9,0,38,2461053.908592,2461054.275897
2026-01-14,2461054.552415,2461055.029042,3,25,16,9,1,9,0,38,2461055.016104,2461055.398938
2026-01-15,2461055.552536,2461056.029421,4,26,17,10,2,9,0,38,2461056.115904,2461056.512754
2026-01-16,2461056.552645,2461057.029796,5,27,18,11,4,9,0,38,2461057.202795,2461057.613106
2026-01-17,2461057.552741,2461058.030168,6,28,18,12,6,9,0,38,2461058.273792,2461057.613106
2026-01-18,2461058.552825,2461059.030535,0,29,19,13,8,9,0,38,2461059.327657,2461058.697751
2026-01-19,2461059.552896,2461060.030899,1,0,20,14,10,10,0,38,2461060.364270,2461059.765924
2026-01-20,2461060.552955,2461061.031258,2,1,21,15,1,10,0,38,2461061.384006,2461060.817704
2026-01-21,2461061.553001,2461062.031613,3,2,22,16,3,10,0,38,2461062.387268,2461061.853449
2026-01-22,2461062.553034,2461063.031962,4,3,23,17,5,10,0,38,2461063.374224,2461062.873404
2026-01-23,2461063.553054,2461064.032307,5,4,24,18,0,10,0,38,2461064.344799,2461063.877548
2026-01-24,2461064.553062,2461065.032646,6,5,25,19,2,10,0,38,2461065.298864,2461064.865684
2026-01-25,2461065.553057,2461066.032980,0,6,26,20,4,10,0,38,2461066.236543,2461065.837710
2026-01-26,2461066.553039,2461067.033308,1,7,0,21,6,10,0,38,2461067.158545,2461066.793984
2026-01-27,2461067.553008,2461068.033630,2,8,1,23,1,10,0,38,2461068.066430,2461067.735647
2026-01-28,2461068.552965,2461069.033946,3,9,2,24,4,10,0,38,2461068.962750,2461068.664857
2026-01-29,2461069.552909,2461070.034256,4,10,3,25,6,10,0,38,2461069.851062,2461069.584869
2026-01-30,2461070.552840,2461071.034560,5,11,5,26,1,10,0,38,2461070.735835,2461071.415307
2026-01-31,2461071.552759,2461072.034858,6,12,6,0,3,10,0,38,2461071.622269,2461072.336623
2026-02-01,2461072.552665,2461073.035149,0,14,7,1,6,10,0,38,2461073.423111,2461073.269928
2026-02-02,2461073.552559,2461074.035433,1,15,8,2,1,10,0,38,2461074.349172,2461074.221100
2026-02-03,2461074.552440,2461075.035710,2,16,9,4,3,10,0,38,2461075.299396,2461075.195389
2026-02-04,2461075.552310,2461076.035981,3,17,10,5,5,10,0,38,2461076.277786,2461076.196848
2026-02-05,2461076.552167,2461077.036246,4,18,11,6,0,10,0,38,2461077.286587,2461077.227718
2026-02-06,2461077.552013,2461078.036503,5,19,12,7,2,10,0,38,2461078.325687,2461078.287857
2026-02-07,2461078.551847,2461079.036753,6,20,13,8,4,10,0,38,2461079.392174,2461079.374359
2026-02-08,2461079.551669,2461080.036997,0,21,14,9,6,10,0,38,2461080.480252,2461080.481527
2026-02-09,2461080.551480,2461081.037234,1,22,15,10,1,10,0,38,2461081.581701,2461081.601377
2026-02-10,2461081.551279,2461082.037464,2,22,15,11,2,10,0,38,2461081.581701,2461081.601377
2026-02-11,2461082.551068,2461083.037687,3,23,16,12,4,10,0,38,2461082.686955,2461082.724690
2026-02-12,2461083.550845,2461084.037903,4,24,17,13,6,10,0,38,2461083.786546,2461083.842393
2026-02-13,2461084.550612,2461085.038112,5,25,18,14,1,10,0,38,2461084.872451,2461084.946824
2026-02-14,2461085.550368,2461086.038315,6,26,19,15,3,10,0,38,2461085.938939,2461086.032526
2026-02-15,2461086.550114,2461087.038511,0,27,20,16,5,10,0,38,2461086.982805,2461087.096463
2026-02-16,2461087.549850,2461088.038700,1,28,21,17,7,10,0,38,2461088.003130,2461088.137811
2026-02-17,2461088.549576,2461089.038883,2,29,22,18,9,10,0,38,2461089.000779,2461089.157472
2026-02-18,2461089.549293,2461090.039060,3,0,23,19,0,11,0,38,2461089.977818,2461090.157517
2026-02-19,2461090.548999,2461091.039229,4,1,24,20,2,11,0,38,2461090.936971,2461091.140654
2026-02-20,2461091.548697,2461092.039393,5,2,25,21,4,11,0,38,2461091.881202,2461092.109815
2026-02-21,2461092.548385,2461093.039550,6,3,26,22,6,11,0,38,2461092.813432,2461093.067876
2026-02-22,2461093.548065,2461094.039702,0,4,0,23,1,11,0,38,2461093.736385,2461094.017515
2026-02-23,2461094.547737,2461095.039847,1,5,1,24,3,11,0,38,2461094.652550,2461094.961192
2026-02-24,2461095.547400,2461096.039987,2,6,2,25,5,11,0,38,2461095.564223,2461095.901194
2026-02-25,2461096.547055,2461097.040121,3,8,3,0,1,11,0,38,2461097.382858,2461096.839749
2026-02-26,2461097.546702,2461098.040249,4,9,4,1,3,11,0,38,2461098.294351,2461097.779145
2026-02-27,2461098.546341,2461099.040372,5,10,5,2,5,11,0,38,2461099.210635,2461098.721854
2026-02-28,2461099.545974,2461100.040489,6,11,6,3,0,11,0,38,2461100.134568,2461099.670621
2026-03-01,2461100.545599,2461101.040602,0,12,7,4,2,11,0,38,2461101.069299,2461100.628494
2026-03-02,2461101.545218,2461102.040709,1,13,8,5,5,11,0,38,2461102.018194,2461101.598778
2026-03-03,2461102.544830,2461103.040812,2,14,9,6,0,11,0,38,2461102.984644,2461102.584876
2026-03-04,2461103.544436,2461104.040910,3,15,10,7,2,11,0,38,2461103.971768,2461103.590022
2026-03-05,2461104.544036,2461105.041003,4,16,11,8,4,11,0,38,2461104.981989,2461104.616875
2026-03-06,2461105.543630,2461106.041092,5,17,12,9,6,11,0,38,2461106.016506,2461105.667026
2026-03-07,2461106.543219,2461107.041177,6,18,13,10,1,11,0,38,2461107.074733,2461106.740438
2026-03-08,2461107.542803,2461108.041258,0,19,14,11,2,11,0,38,2461108.153801,2461107.834952
2026-03-09,2461108.542382,2461109.041336,1,20,15,12,4,11,0,38,2461109.248318,2461108.945984
2026-03-10,2461109.541956,2461110.041409,2,21,16,13,6,11,0,38,2461110.350580,2461110.066615
2026-03-11,2461110.541526,2461111.041480,3,22,17,14,1,11,0,38,2461111.451379,2461111.188227
2026-03-12,2461111.541092,2461112.041547,4,23,18,15,3,11,0,38,2461112.541286,2461112.301635
2026-03-13,2461112.540655,2461113.041611,5,23,19,16,4,11,0,38,2461112.541286,2461113.398424
2026-03-14,2461113.540213,2461114.041672,6,24,20,17,6,11,0,38,2461113.612031,2461114.472079
2026-03-15,2461114.539769,2461115.041731,0,25,21,18,1,11,0,38,2461114.657554,2461115.518629
2026-03-16,2461115.539321,2461116.041787,1,26,22,19,3,11,0,38,2461115.674496,2461116.536783
2026-03-17,2461116.538871,2461117.041841,2,27,23,20,5,11,0,38,2461116.662177,2461117.527681
2026-03-18,2461117.538419,2461118.041893,3,28,24,22,7,11,0,38,2461117.622230,2461118.494407
2026-03-19,2461118.537964,2461119.041943,4,29,25,23,9,11,0,38,2461118.558052,2461119.441409
2026-03-20,2461119.537508,2461120.041991,5,1,26,24,1,0,0,39,2461120.375960,2461120.373932
2026-03-21,2461120.537050,2461121.042038,6,2,0,25,3,0,0,39,2461121.268692,2461121.297509
2026-03-22,2461121.536590,2461122.042084,0,3,1,26,5,0,0,39,2461122.157689,2461122.217559
2026-03-23,2461122.536130,2461123.042129,1,4,2,0,0,0,0,39,2461123.047806,2461123.139065
2026-03-24,2461123.535669,2461124.042172,2,5,3,1,3,0,0,39,2461123.943281,2461124.066336
2026-03-25,2461124.535208,2461125.042216,3,6,4,3,5,0,0,39,2461124.847596,2461125.002849
2026-03-26,2461125.534746,2461126.042258,4,7,5,4,0,0,0,39,2461125.763407,2461125.951180
2026-03-27,2461126.534284,2461127.042300,5,8,6,5,2,0,0,39,2461126.692562,2461126.913044
2026-03-28,2461127.533823,2461128.042343,6,9,7,6,4,0,0,39,2461127.636218,2461127.889450
2026-03-29,2461128.533363,2461129.042385,0,10,8,7,6,0,0,39,2461128.595043,2461128.880946
2026-03-30,2461129.532903,2461130.042427,1,11,9,8,1,0,0,39,2461129.569475,2461129.887903
2026-03-31,2461130.532445,2461131.042470,2,12,10,9,3,0,0,39,2461130.559958,2461130.910753
2026-04-01,2461131.531988,2461132.042514,3,13,11,10,5,0,0,39,2461131.567082,2461131.950074
2026-04-02,2461132.531532,2461133.042559,4,14,12,11,0,0,0,39,2461132.591540,2461133.006477
2026-04-03,2461133.531079,2461134.042604,5,15,13,12,2,0,0,39,2461133.633881,2461134.080275
2026-04-04,2461134.530628,2461135.042651,6,16,14,13,4,0,0,39,2461134.694085,2461135.170993
2026-04-05,2461135.530179,2461136.042699,0,17,15,14,6,0,0,39,2461135.771021,2461136.276822
2026-04-06,2461136.529733,2461137.042748,1,18,16,15,1,0,0,39,2461136.861905,2461137.394123
2026-04-07,2461137.529290,2461138.042799,2,19,17,16,3,0,0,39,2461137.961894,2461138.517175
2026-04-08,2461138.528851,2461139.042852,3,20,18,17,5,0,0,39,2461139.064042,2461139.638375
2026-04-09,2461139.528414,2461140.042907,4,21,18,18,6,0,0,39,2461140.159823,2461139.638375
2026-04-10,2461140.527982,2461141.042964,5,22,19,19,1,0,0,39,2461141.240231,2461140.749029
2026-04-11,2461141.527554,2461142.043024,6,23,20,20,3,0,0,39,2461142.297138,2461141.840596
2026-04-12,2461142.527130,2461143.043086,0,24,21,21,5,0,0,39,2461143.324458,2461142.905969
2026-04-13,2461143.526710,2461144.043150,1,25,22,22,0,0,0,39,2461144.318833,2461143.940435
2026-04-14,2461144.526295,2461145.043217,2,26,23,23,2,0,0,39,2461145.279810,2461144.942148
2026-04-15,2461145.525885,2461146.043287,3,27,24,24,4,0,0,39,2461146.209594,2461145.912137
2026-04-16,2461146.525481,2461147.043360,4,28,25,25,6,0,0,39,2461147.112515,2461146.853934
2026-04-17,2461147.525081,2461148.043436,5,29,26,26,8,0,0,39,2461147.994389,2461147.772964
2026-04-18,2461148.524688,2461149.043515,6,0,0,1,0,1,0,39,2461148.861901,2461148.675875
2026-04-19,2461149.524300,2461150.043597,0,1,1,2,2,1,0,39,2461149.722098,2461149.569920
2026-04-20,2461150.523918,2461151.043683,1,2,3,3,4,1,0,39,2461150.581981,2461151.360462
2026-04-21,2461151.523543,2461152.043772,2,4,4,4,0,1,0,39,2461152.326615,2461152.270253
2026-04-22,2461152.523174,2461153.043865,3,5,5,5,2,1,0,39,2461153.222224,2461153.196994
2026-04-23,2461153.522812,2461154.043962,4,6,6,6,4,1,0,39,2461154.138619,2461154.144419
2026-04-24,2461154.522457,2461155.044062,5,7,7,8,6,1,0,39,2461155.077898,2461155.114601
2026-04-25,2461155.522109,2461156.044166,6,8,8,9,1,1,0,39,2461156.040610,2461156.107952
2026-04-26,2461156.521769,2461157.044273,0,9,9,10,3,1,0,39,2461157.025950,2461157.123479
2026-04-27,2461157.521436,2461158.044385,1,10,10,11,5,1,0,39,2461158.032168,2461158.159266
2026-04-28,2461158.521111,2461159.044500,2,11,11,12,0,1,0,39,2461159.057090,2461159.213039
2026-04-29,2461159.520793,2461160.044620,3,12,12,13,2,1,0,39,2461160.098583,2461160.282641
2026-04-30,2461160.520484,2461161.044743,4,13,13,14,4,1,0,39,2461161.154842,2461161.366295
2026-05-01,2461161.520183,2461162.044871,5,14,14,15,6,1,0,39,2461162.224403,2461162.462552
2026-05-02,2461162.519890,2461163.045002,6,15,15,16,1,1,0,39,2461163.305879,2461163.569976
2026-05-03,2461163.519606,2461164.045138,0,16,15,17,3,1,0,39,2461164.397483,2461163.569976
2026-05-04,2461164.519330,2461165.045277,1,17,16,18,5,1,0,39,2461165.496445,2461164.686614
2026-05-05,2461165.519063,2461166.045420,2,18,17,19,0,1,0,39,2461166.598482,2461165.809411
2026-05-06,2461166.518806,2461167.045568,3,18,18,20,1,1,0,39,2461166.598482,2461166.933720
2026-05-07,2461167.518557,2461168.045719,4,19,19,21,3,1,0,39,2461167.697568,2461168.053182
2026-05-08,2461168.518318,2461169.045874,5,20,20,22,5,1,0,39,2461168.786220,2461169.160170
2026-05-09,2461169.518087,2461170.046033,6,21,21,23,0,1,0,39,2461169.856370,2461170.246768
2026-05-10,2461170.517867,2461171.046195,0,22,22,24,2,1,0,39,2461170.900567,2461171.305985
2026-05-11,2461171.517656,2461172.046362,1,23,23,25,4,1,0,39,2461171.913118,2461172.332843
2026-05-12,2461172.517454,2461173.046532,2,24,24,26,6,1,0,39,2461172.890886,2461173.325099
2026-05-13,2461173.517262,2461174.046705,3,25,25,0,1,1,0,39,2461173.833620,2461174.283495
2026-05-14,2461174.517080,2461175.046882,4,26,26,1,3,1,0,39,2461174.743823,2461175.211531
2026-05-15,2461175.516908,2461176.047062,5,27,0,2,5,1,0,39,2461175.626245,2461176.114882
2026-05-16,2461176.516746,2461177.047245,6,29,1,3,8,1,0,39,2461177.334090,2461177.000696
2026-05-17,2461177.516593,2461178.047431,0,0,2,4,10,2,1,39,2461178.174564,2461177.876938
2026-05-18,2461178.516451,2461179.047620,1,1,3,6,1,2,1,39,2461179.016470,2461178.751855
2026-05-19,2461179.516319,2461180.047812,2,2,4,7,4,2,1,39,2461179.867359,2461179.633545
2026-05-20,2461180.516196,2461181.048007,3,3,5,8,6,2,1,39,2461180.734191,2461180.529535
2026-05-21,2461181.516084,2461182.048204,4,4,7,9,1,2,1,39,2461181.622939,2461182.388887
2026-05-22,2461182.515981,2461183.048403,5,5,8,10,3,2,1,39,2461182.538144,2461183.360212
2026-05-23,2461183.515889,2461184.048604,6,7,9,11,6,2,1,39,2461184.456647,2461184.361059
2026-05-24,2461184.515807,2461185.048807,0,8,10,13,1,2,1,39,2461185.459169,2461185.390043
2026-05-25,2461185.515734,2461186.049012,1,9,11,14,3,2,1,39,2461186.487046,2461186.444072
2026-05-26,2461186.515672,2461187.049218,2,10,12,15,5,2,1,39,2461187.536236,2461187.519025
2026-05-27,2461187.515619,2461188.049425,3,10,12,16,6,2,1,39,2461187.536236,2461187.519025
2026-05-28,2461188.515576,2461189.049634,4,11,13,17,1,2,1,39,2461188.602373,2461188.610482
2026-05-29,2461189.515543,2461190.049843,5,12,14,18,3,2,1,39,2461189.681371,2461189.714357
2026-05-30,2461190.515519,2461191.050053,6,13,15,19,5,2,1,39,2461190.769774,2461190.827226
2026-05-31,2461191.515505,2461192.050263,0,14,16,20,0,2,1,39,2461191.864735,2461191.946294
2026-06-01,2461192.515501,2461193.050473,1,15,17,20,2,2,1,39,2461192.963654,2461193.069001
2026-06-02,2461193.515505,2461194.050683,2,16,18,21,4,2,1,39,2461194.063630,2461194.192444
2026-06-03,2461194.515519,2461195.050893,3,17,19,22,5,2,1,39,2461195.160920,2461195.312841
2026-06-04,2461195.515542,2461196.051101,4,18,20,23,0,2,1,39,2461196.250628,2461196.425234
2026-06-05,2461196.515574,2461197.051309,5,19,21,24,2,2,1,39,2461197.326808,2461197.523624
2026-06-06,2461197.515615,2461198.051516,6,20,21,25,4,2,1,39,2461198.383016,2461197.523624
2026-06-07,2461198.515664,2461199.051721,0,21,22,26,6,2,1,39,2461199.413191,2461198.601575
2026-06-08,2461199.515721,2461200.051924,1,22,23,0,1,2,1,39,2461200.412616,2461199.653125
2026-06-09,2461200.515787,2461201.052125,2,23,24,1,3,2,1,39,2461201.378689,2461200.673772
2026-06-10,2461201.515861,2461202.052323,3,24,25,2,5,2,1,39,2461202.311336,2461201.661269
2026-06-11,2461202.515943,2461203.052519,4,25,26,4,0,2,1,39,2461203.212991,2461202.616037
2026-06-12,2461203.516032,2461204.052712,5,26,0,5,2,2,1,39,2461204.088212,2461203.541110
2026-06-13,2461204.516128,2461205.052902,6,27,2,6,4,2,1,39,2461204.943116,2461205.324616
2026-06-14,2461205.516232,2461206.053088,0,28,3,7,7,2,1,39,2461205.784813,2461206.197585
2026-06-15,2461206.516343,2461207.053270,1,29,4,8,9,2,1,39,2461206.620944,2461207.068818
2026-06-16,2461207.516460,2461208.053448,2,1,5,10,1,2,0,39,2461208.307603,2461207.946546
2026-06-17,2461208.516584,2461209.053622,3,2,6,11,3,2,0,39,2461209.173023,2461208.838635
2026-06-18,2461209.516714,2461210.053791,4,3,7,12,5,2,0,39,2461210.061942,2461209.752126
2026-06-19,2461210.516850,2461211.053954,5,4,8,13,0,2,0,39,2461210.979394,2461210.692718
2026-06-20,2461211.516992,2461212.054113,6,5,9,14,3,2,0,39,2461211.928588,2461211.664219
2026-06-21,2461212.517139,2461213.054266,0,6,10,15,5,2,0,39,2461212.910537,2461212.668127
2026-06-22,2461213.517291,2461214.054413,1,7,11,16,0,2,0,39,2461213.923931,2461213.703488
2026-06-23,2461214.517448,2461215.054554,2,8,12,17,2,2,0,39,2461214.965332,2461214.767095
2026-06-24,2461215.517609,2461216.054689,3,9,13,18,4,2,0,39,2461216.029668,2461215.854006
2026-06-25,2461216.517775,2461217.054817,4,10,14,19,5,2,0,39,2461217.110981,2461216.958307
2026-06-26,2461217.517945,2461218.054938,5,11,15,20,0,2,0,39,2461218.203285,2461218.073996
2026-06-27,2461218.518119,2461219.055052,6,12,16,21,2,2,0,39,2461219.301263,2461219.195711
2026-06-28,2461219.518296,2461220.055158,0,13,17,22,4,2,0,39,2461220.400555,2461220.319066
2026-06-29,2461220.518476,2461221.055257,1,14,18,23,6,2,0,39,2461221.497613,2461221.440517
2026-06-30,2461221.518659,2461222.055349,2,15,19,24,1,2,0,39,2461222.589295,2461222.556960
2026-07-01,2461222.518844,2461223.055432,3,15,19,25,2,2,0,39,2461222.589295,2461222.556960
2026-07-02,2461223.519032,2461224.055506,4,16,20,26,4,2,0,39,2461223.672443,2461223.665281
2026-07-03,2461224.519222,2461225.055573,5,17,21,0,6,2,0,39,2461224.743583,2461224.762037
2026-07-04,2461225.519413,2461226.055630,6,18,22,1,1,2,0,39,2461225.798841,2461225.843346
2026-07-05,2461226.519606,2461227.055679,0,19,23,2,3,2,0,39,2461226.834121,2461226.905062
2026-07-06,2461227.519800,2461228.055719,1,20,24,3,5,2,0,39,2461227.845560,2461227.943247
2026-07-07,2461228.519994,2461229.055750,2,21,25,4,0,2,0,39,2461228.830139,2461228.954816
2026-07-08,2461229.520190,2461230.055771,3,22,26,5,2,2,0,39,2461229.786260,2461229.938168
2026-07-09,2461230.520385,2461231.055783,4,23,0,6,4,2,0,39,2461230.714127,2461230.893616
2026-07-10,2461231.520581,2461232.055785,5,24,1,7,6,2,0,39,2461231.615834,2461231.823499
2026-07-11,2461232.520776,2461233.055778,6,26,2,9,2,2,0,39,2461233.357366,2461232.731994
2026-07-12,2461233.520971,2461234.055760,0,27,3,10,4,2,0,39,2461234.208526,2461233.624745
2026-07-13,2461234.521166,2461235.055733,1,28,5,11,6,2,0,39,2461235.055442,2461235.390311
2026-07-14,2461235.521359,2461236.055695,2,29,6,12,9,2,0,39,2461235.905188,2461236.277922
2026-07-15,2461236.521551,2461237.055648,3,0,7,13,0,3,0,39,2461236.764856,2461237.178620
2026-07-16,2461237.521741,2461238.055590,4,1,8,15,2,3,0,39,2461237.641240,2461238.099211
2026-07-17,2461238.521930,2461239.055522,5,2,9,16,4,3,0,39,2461238.540469,2461239.045460
2026-07-18,2461239.522117,2461240.055444,6,4,10,17,0,3,0,39,2461240.425946,2461240.021571
2026-07-19,2461240.522302,2461241.055355,0,5,11,18,2,3,0,39,2461241.417010,2461241.029705
2026-07-20,2461241.522485,2461242.055256,1,6,12,19,4,3,0,39,2461242.439809,2461242.069644
2026-07-21,2461242.522665,2461243.055146,2,7,13,20,6,3,0,39,2461243.490988,2461243.138692
2026-07-22,2461243.522843,2461244.055026,3,8,14,21,1,3,0,39,2461244.565038,2461244.231878
2026-07-23,2461244.523017,2461245.054895,4,8,15,22,2,3,0,39,2461244.565038,2461245.342549
2026-07-24,2461245.523189,2461246.054754,5,9,16,23,4,3,0,39,2461245.654959,2461246.463312
2026-07-25,2461246.523358,2461247.054603,6,10,17,24,6,3,0,39,2461246.753255,2461247.587068
2026-07-26,2461247.523523,2461248.054441,0,11,17,25,1,3,0,39,2461247.852925,2461247.587068
2026-07-27,2461248.523685,2461249.054269,1,12,18,26,3,3,0,39,2461248.948116,2461248.707757
2026-07-28,2461249.523843,2461250.054086,2,13,19,0,5,3,0,39,2461250.034297,2461249.820623
2026-07-29,2461250.523998,2461251.053894,3,14,20,1,6,3,0,39,2461251.108133,2461250.922137
2026-07-30,2461251.524148,2461252.053691,4,15,21,2,1,3,0,39,2461252.167226,2461252.009740
2026-07-31,2461252.524295,2461253.053478,5,16,22,3,3,3,0,39,2461253.209810,2461253.081546
2026-08-01,2461253.524438,2461254.053255,6,17,23,4,5,3,0,39,2461254.234480,2461254.136055
2026-08-02,2461254.524577,2461255.053022,0,18,24,5,0,3,0,39,2461255.240020,2461255.171955
2026-08-03,2461255.524712,2461256.052779,1,19,25,6,2,3,0,39,2461256.225415,2461256.188118
2026-08-04,2461256.524842,2461257.052526,2,20,26,7,4,3,0,39,2461257.190024,2461257.183778
2026-08-05,2461257.524968,2461258.052264,3,21,0,8,6,3,0,39,2461258.133838,2461258.158815
2026-08-06,2461258.525090,2461259.051992,4,22,1,9,1,3,0,39,2461259.057702,2461259.114016
2026-08-07,2461259.525208,2461260.051710,5,23,2,10,4,3,0,39,2461259.963453,2461260.051242
2026-08-08,2461260.525321,2461261.051420,6,24,3,11,6,3,0,39,2461260.853935,2461260.973466
2026-08-09,2461261.525430,2461262.051120,0,25,4,13,1,3,0,39,2461261.732924,2461261.884692
2026-08-10,2461262.525534,2461263.050812,1,26,5,14,3,3,0,39,2461262.605000,2461262.789803
2026-08-11,2461263.525634,2461264.050494,2,28,6,15,6,3,0,39,2461264.349638,2461263.694345
2026-08-12,2461264.525730,2461265.050168,3,29,7,16,8,3,0,39,2461265.233662,2461264.604283
2026-08-13,2461265.525821,2461266.049833,4,0,9,17,10,4,0,39,2461266.133207,2461266.464496
2026-08-14,2461266.525908,2461267.049490,5,1,10,18,1,4,0,39,2461267.053654,2461267.425896
2026-08-15,2461267.525990,2461268.049139,6,2,11,19,4,4,0,39,2461267.999603,2461268.414062
2026-08-16,2461268.526069,2461269.048780,0,3,12,21,6,4,0,39,2461268.974396,2461269.431540
2026-08-17,2461269.526143,2461270.048413,1,4,13,22,1,4,0,39,2461269.979626,2461270.478785
2026-08-18,2461270.526213,2461271.048039,2,5,14,23,3,4,0,39,2461271.014656,2461271.553781
2026-08-19,2461271.526278,2461272.047657,3,6,14,24,4,4,0,39,2461272.076302,2461271.553781
2026-08-20,2461272.526340,2461273.047268,4,7,15,25,6,4,0,39,2461273.158844,2461272.651927
2026-08-21,2461273.526398,2461274.046871,5,8,16,26,1,4,0,39,2461274.254546,2461273.766352
2026-08-22,2461274.526452,2461275.046468,6,9,17,0,3,4,0,39,2461275.354686,2461274.888759
2026-08-23,2461275.526502,2461276.046059,0,10,18,0,5,4,0,39,2461276.450787,2461276.010604
2026-08-24,2461276.526548,2461277.045643,1,11,19,1,0,4,0,39,2461277.535645,2461277.124224
2026-08-25,2461277.526591,2461278.045221,2,11,20,2,1,4,0,39,2461277.535645,2461278.223605
2026-08-26,2461278.526630,2461279.044793,3,12,21,3,3,4,0,39,2461278.603935,2461279.304714
2026-08-27,2461279.526666,2461280.044360,4,13,22,4,5,4,0,39,2461279.652375,2461280.365471
2026-08-28,2461280.526699,2461281.043921,5,14,23,5,0,4,0,39,2461280.679574,2461281.405471
2026-08-29,2461281.526729,2461282.043476,6,15,24,6,2,4,0,39,2461281.685665,2461282.425544
2026-08-30,2461282.526755,2461283.043027,0,16,25,8,4,4,0,39,2461282.671833,2461283.427290
2026-08-31,2461283.526779,2461284.042573,1,17,26,9,6,4,0,39,2461283.639871,2461284.412682
2026-09-01,2461284.526800,2461285.042114,2,18,0,10,1,4,0,39,2461284.591831,2461285.383810
2026-09-02,2461285.526818,2461286.041652,3,19,1,11,3,4,0,39,2461285.529818,2461286.342766
2026-09-03,2461286.526834,2461287.041185,4,21,2,12,6,4,0,39,2461287.372129,2461287.291623
2026-09-04,2461287.526848,2461288.040714,5,22,3,13,1,4,0,39,2461288.280566,2461288.232491
2026-09-05,2461288.526860,2461289.040240,6,23,4,14,3,4,0,39,2461289.183405,2461289.167614
2026-09-06,2461289.526869,2461290.039762,0,24,5,15,5,4,0,39,2461290.083064,2461290.099479
2026-09-07,2461290.526877,2461291.039282,1,25,6,16,0,4,0,39,2461290.982284,2461291.030928
2026-09-08,2461291.526883,2461292.038799,2,26,7,18,3,4,0,39,2461291.884206,2461291.965231
2026-09-09,2461292.526888,2461293.038313,3,27,8,19,5,4,0,39,2461292.792397,2461292.906100
2026-09-10,2461293.526892,2461294.037825,4,28,9,20,7,4,0,39,2461293.710795,2461293.857616
2026-09-11,2461294.526894,2461295.037335,5,29,10,21,9,4,0,39,2461294.643579,2461294.824052
2026-09-12,2461295.526896,2461296.036843,6,0,11,22,0,5,0,39,2461295.594923,2461295.809571
2026-09-13,2461296.526897,2461297.036350,0,1,12,23,2,5,0,39,2461296.568635,2461296.817802
2026-09-14,2461297.526897,2461298.035856,1,2,13,24,4,5,0,39,2461297.567676,2461297.851303
2026-09-15,2461298.526897,2461299.035361,2,3,14,25,6,5,0,39,2461298.593561,2461298.910935
2026-09-16,2461299.526897,2461300.034865,3,4,15,26,1,5,0,39,2461299.645731,2461299.995273
2026-09-17,2461300.526896,2461301.034368,4,5,16,0,3,5,0,39,2461300.721027,2461301.100206
2026-09-18,2461301.526897,2461302.033872,5,6,17,1,5,5,0,39,2461301.813502,2461302.218967
2026-09-19,2461302.526897,2461303.033376,6,7,18,2,0,5,0,39,2461302.914806,2461303.342769
2026-09-20,2461303.526898,2461304.032880,0,8,19,3,2,5,0,39,2461304.015215,2461304.462001
2026-09-21,2461304.526900,2461305.032385,1,9,20,4,3,5,0,39,2461305.105073,2461305.567669
2026-09-22,2461305.526903,2461306.031890,2,10,20,5,5,5,0,39,2461306.176206,2461305.567669
2026-09-23,2461306.526907,2461307.031397,3,11,21,6,0,5,0,39,2461307.222902,2461306.652635
2026-09-24,2461307.526913,2461308.030906,4,12,22,7,2,5,0,39,2461308.242289,2461307.712377
2026-09-25,2461308.526920,2461309.030416,5,13,23,8,4,5,0,39,2461309.234184,2461308.745172
2026-09-26,2461309.526929,2461310.029929,6,14,24,9,6,5,0,39,2461310.200596,2461309.751824
2026-09-27,2461310.526940,2461311.029443,0,15,25,10,1,5,0,39,2461311.145080,2461310.735105
2026-09-28,2461311.526953,2461312.028960,1,16,26,11,3,5,0,39,2461312.072091,2461311.699096
2026-09-29,2461312.526969,2461313.028481,2,17,0,12,5,5,0,39,2461312.986433,2461312.648548
2026-09-30,2461313.526987,2461314.028004,3,18,1,14,1,5,0,39,2461313.892826,2461313.588346
2026-10-01,2461314.527008,2461315.027531,4,19,3,15,3,5,0,39,2461314.795586,2461315.456828
2026-10-02,2461315.527032,2461316.027061,5,20,4,16,5,5,0,39,2461315.698412,2461316.392825
2026-10-03,2461316.527060,2461317.026596,6,21,5,17,0,5,0,39,2461316.604276,2461317.333576
2026-10-04,2461317.527090,2461318.026134,0,23,6,18,3,5,0,39,2461318.433471,2461318.280864
2026-10-05,2461318.527124,2461319.025677,1,24,7,19,5,5,0,39,2461319.359641,2461319.235983
2026-10-06,2461319.527163,2461320.025225,2,25,8,20,0,5,0,39,2461320.295023,2461320.200033
2026-10-07,2461320.527205,2461321.024778,3,26,9,22,2,5,0,39,2461321.240865,2461321.174236
2026-10-08,2461321.527251,2461322.024337,4,27,10,23,4,5,0,39,2461322.198798,2461322.160179
2026-10-09,2461322.527301,2461323.023901,5,28,11,24,6,5,0,39,2461323.170918,2461323.159915
2026-10-10,2461323.527356,2461324.023471,6,29,12,25,8,5,0,39,2461324.159696,2461324.175873
2026-10-11,2461324.527416,2461325.023047,0,0,13,26,10,6,0,39,2461325.167687,2461325.210531
2026-10-12,2461325.527480,2461326.022629,1,1,14,0,1,6,0,39,2461326.197026,2461326.265892
2026-10-13,2461326.527550,2461327.022218,2,2,15,1,3,6,0,39,2461327.248751,2461327.342790
2026-10-14,2461327.527625,2461328.021814,3,3,16,2,5,6,0,39,2461328.322052,2461328.440141
2026-10-15,2461328.527705,2461329.021418,4,4,17,3,0,6,0,39,2461329.413586,2461329.554326
2026-10-16,2461329.527791,2461330.021028,5,5,17,4,2,6,0,39,2461330.517150,2461329.554326
2026-10-17,2461330.527882,2461331.020647,6,6,18,5,4,6,0,39,2461331.623957,2461330.678949
2026-10-18,2461331.527979,2461332.020273,0,6,19,6,5,6,0,39,2461331.623957,2461331.805222
2026-10-19,2461332.528082,2461333.019908,1,7,20,7,0,6,0,39,2461332.723684,2461332.923067
2026-10-20,2461333.528191,2461334.019551,2,8,21,8,2,6,0,39,2461333.806079,2461334.022697
2026-10-21,2461334.528307,2461335.019203,3,9,22,9,4,6,0,39,2461334.862635,2461335.096189
2026-10-22,2461335.528428,2461336.018864,4,10,23,10,6,6,0,39,2461335.887779,2461336.138583
2026-10-23,2461336.528557,2461337.018533,5,11,24,11,1,6,0,39,2461336.879338,2461337.148274
2026-10-24,2461337.528691,2461338.018213,6,12,25,12,3,6,0,39,2461337.838331,2461338.126793
2026-10-25,2461338.528833,2461339.017902,0,13,26,13,5,6,0,39,2461338.768341,2461339.078169
2026-10-26,2461339.528981,2461340.017601,1,14,0,14,0,6,0,39,2461339.674723,2461340.008145
2026-10-27,2461340.529136,2461341.017310,2,15,1,15,2,6,0,39,2461340.563855,2461340.923407
2026-10-28,2461341.529298,2461342.017029,3,17,2,16,5,6,0,39,2461342.317421,2461341.830948
2026-10-29,2461342.529467,2461343.016759,4,18,3,18,0,6,0,39,2461343.194788,2461342.737531
2026-10-30,2461343.529643,2461344.016500,5,19,4,19,2,6,0,39,2461344.080051,2461343.649260
2026-10-31,2461344.529826,2461345.016252,6,20,5,20,5,6,0,39,2461344.977548,2461344.571198
2026-11-01,2461345.530016,2461346.016014,0,21,7,21,0,6,0,39,2461345.890329,2461346.459205
2026-11-02,2461346.530214,2461347.015789,1,22,8,22,2,6,0,39,2461346.820090,2461347.428451
2026-11-03,2461347.530419,2461348.015574,2,23,9,23,4,6,0,39,2461347.767332,2461348.414669
2026-11-04,2461348.530631,2461349.015371,3,24,10,24,6,6,0,39,2461348.731707,2461349.417133
2026-11-05,2461349.530850,2461350.015181,4,25,11,25,1,6,0,39,2461349.712485,2461350.435056
2026-11-06,2461350.531076,2461351.015002,5,26,12,0,3,6,0,39,2461350.709008,2461351.467990
2026-11-07,2461351.531310,2461352.014835,6,27,13,1,5,6,0,39,2461351.721031,2461352.516028
2026-11-08,2461352.531551,2461353.014681,0,28,14,2,7,6,0,39,2461352.748842,2461353.579719
2026-11-09,2461353.531799,2461354.014539,1,29,14,3,9,6,0,39,2461353.793131,2461353.579719
2026-11-10,2461354.532054,2461355.014409,2,0,15,4,0,7,0,39,2461354.854584,2461354.659717
2026-11-11,2461355.532316,2461356.014292,3,1,16,5,2,7,0,39,2461355.933213,2461355.756148
2026-11-12,2461356.532585,2461357.014188,4,2,17,6,4,7,0,39,2461357.027557,2461356.867829
2026-11-13,2461357.532860,2461358.014097,5,3,18,7,5,7,0,39,2461358.133934,2461357.991522
2026-11-14,2461358.533143,2461359.014019,6,4,19,8,0,7,0,39,2461359.246042,2461359.121487
2026-11-15,2461359.533432,2461360.013954,0,5,20,8,2,7,0,39,2461360.355196,2461360.249622
2026-11-16,2461360.533728,2461361.013902,1,6,21,9,4,7,0,39,2461361.451337,2461361.366327
2026-11-17,2461361.534030,2461362.013863,2,7,22,10,6,7,0,39,2461362.524608,2461362.461955
2026-11-18,2461362.534338,2461363.013837,3,8,23,11,1,7,0,39,2461363.567007,2461363.528424
2026-11-19,2461363.534653,2461364.013825,4,8,24,12,2,7,0,39,2461363.567007,2461364.560490
2026-11-20,2461364.534973,2461365.013825,5,9,24,13,4,7,0,39,2461364.573592,2461364.560490
2026-11-21,2461365.535299,2461366.013839,6,10,25,15,6,7,0,39,2461365.542950,2461365.556368
2026-11-22,2461366.535630,2461367.013866,0,12,0,16,2,7,0,39,2461367.380214,2461367.448768
2026-11-23,2461367.535967,2461368.013906,1,13,1,17,4,7,0,39,2461368.258966,2461368.356059
2026-11-24,2461368.536309,2461369.013959,2,14,2,18,6,7,0,39,2461369.120579,2461369.247067
2026-11-25,2461369.536655,2461370.014026,3,15,3,19,1,7,0,39,2461369.972819,2461370.129824
2026-11-26,2461370.537006,2461371.014105,4,16,4,20,4,7,0,39,2461370.823439,2461371.012339
2026-11-27,2461371.537361,2461372.014197,5,17,5,22,6,7,0,39,2461371.679831,2461371.902168
2026-11-28,2461372.537720,2461373.014302,6,18,6,23,1,7,0,39,2461372.548693,2461372.805994
2026-11-29,2461373.538083,2461374.014420,0,20,7,24,4,7,0,39,2461374.344988,2461373.729202
2026-11-30,2461374.538449,2461375.014550,1,21,8,25,6,7,0,39,2461375.279198,2461374.675504
2026-12-01,2461375.538819,2461376.014693,2,22,9,26,1,7,0,39,2461376.239095,2461375.646733
2026-12-02,2461376.539191,2461377.014848,3,23,10,0,3,7,0,39,2461377.223938,2461376.642924
2026-12-03,2461377.539565,2461378.015015,4,24,11,1,5,7,0,39,2461378.231878,2461377.662687
2026-12-04,2461378.539942,2461379.015194,5,25,12,2,0,7,0,39,2461379.260478,2461378.703749
2026-12-05,2461379.540320,2461380.015384,6,26,13,3,2,7,0,39,2461380.307209,2461379.763510
2026-12-06,2461380.540699,2461381.015586,0,27,14,4,4,7,0,39,2461381.369831,2461380.839513
2026-12-07,2461381.541080,2461382.015800,1,28,15,5,6,7,0,39,2461382.446562,2461381.929730
2026-12-08,2461382.541461,2461383.016024,2,29,16,6,8,7,0,39,2461383.535944,2461383.032587
2026-12-09,2461383.541842,2461384.016259,3,0,17,7,10,8,0,39,2461384.636347,2461384.146626
2026-12-10,2461384.542223,2461385.016505,4,0,18,8,0,8,0,39,2461384.636347,2461385.269887
2026-12-11,2461385.542604,2461386.016761,5,1,19,9,2,8,0,39,2461385.745278,2461386.399198
2026-12-12,2461386.542983,2461387.017027,6,2,20,10,4,8,0,39,2461386.858715,2461387.529683
2026-12-13,2461387.543361,2461388.017302,0,3,21,11,6,8,0,39,2461387.970765,2461388.654692
2026-12-14,2461388.543737,2461389.017587,1,4,21,12,1,8,0,39,2461389.073856,2461388.654692
2026-12-15,2461389.544112,2461390.017880,2,5,22,13,2,8,0,39,2461390.159513,2461389.766298
2026-12-16,2461390.544483,2461391.018182,3,6,23,14,4,8,0,39,2461391.219568,2461390.856306
2026-12-17,2461391.544851,2461392.018493,4,7,24,15,6,8,0,39,2461392.247474,2461391.917527
2026-12-18,2461392.545216,2461393.018811,5,8,25,16,1,8,0,39,2461393.239321,2461392.944950
2026-12-19,2461393.545578,2461394.019137,6,9,26,17,3,8,0,39,2461394.194298,2461393.936510
2026-12-20,2461394.545934,2461395.019470,0,10,0,18,5,8,0,39,2461395.114563,2461394.893249
2026-12-21,2461395.546286,2461396.019810,1,11,1,20,0,8,0,39,2461396.004686,2461395.818961
2026-12-22,2461396.546634,2461397.020157,2,12,2,21,3,8,0,39,2461396.870925,2461396.719520
2026-12-23,2461397.546975,2461398.020509,3,13,3,22,5,8,0,39,2461397.720549,2461397.602150
2026-12-24,2461398.547311,2461399.020867,4,14,5,23,0,8,0,39,2461398.561315,2461399.345616
2026-12-25,2461399.547640,2461400.021230,5,16,6,24,3,8,0,39,2461400.247536,2461400.222640
2026-12-26,2461400.547963,2461401.021598,6,17,7,26,5,8,0,39,2461401.107878,2461401.113352
2026-12-27,2461401.548279,2461402.021970,0,18,8,0,1,8,0,39,2461401.988523,2461402.024324
2026-12-28,2461402.548587,2461403.022346,1,19,9,1,3,8,0,39,2461402.894703,2461402.960763
2026-12-29,2461403.548887,2461404.022726,2,20,10,2,5,8,0,39,2461403.830078,2461403.926118
2026-12-30,2461404.549180,2461405.023109,3,21,11,3,0,8,0,39,2461404.796452,2461404.921820
2026-12-31,2461405.549464,2461406.023494,4,22,12,4,2,8,0,39,2461405.793670,2461405.947274
2027-01-01,2461406.549739,2461407.023882,5,23,13,5,4,8,0,40,2461406.819751,2461407.000089
2027-01-02,2461407.550005,2461408.024272,6,24,14,6,6,8,0,40,2461407.871216,2461408.076496
2027-01-03,2461408.550261,2461409.024663,0,25,15,7,1,8,0,40,2461408.943590,2461409.171919
2027-01-04,2461409.550508,2461410.025055,1,26,16,8,3,8,0,40,2461410.032035,2461410.281618
2027-01-05,2461410.550745,2461411.025448,2,27,17,9,4,8,0,40,2461411.131936,2461411.401212
2027-01-06,2461411.550972,2461412.025842,3,28,18,10,6,8,0,40,2461412.239191,2461412.526868
2027-01-07,2461412.551188,2461413.026235,4,29,19,11,8,8,0,40,2461413.350096,2461413.655082
2027-01-08,2461413.551393,2461414.026627,5,0,19,12,10,9,0,39,2461414.460970,2461413.655082
2027-01-09,2461414.551587,2461415.027019,6,1,20,13,1,9,0,39,2461415.567748,2461414.782270
2027-01-10,2461415.551770,2461416.027410,0,1,21,14,2,9,0,39,2461415.567748,2461415.904388
2027-01-11,2461416.551942,2461417.027799,1,2,22,15,4,9,0,39,2461416.665749,2461417.016756
2027-01-12,2461417.552101,2461418.028186,2,3,23,16,6,9,0,39,2461417.749694,2461418.114123
2027-01-13,2461418.552250,2461419.028571,3,4,24,17,1,9,0,39,2461418.814012,2461419.191057
2027-01-14,2461419.552386,2461420.028953,4,5,25,18,3,9,0,39,2461419.853449,2461420.242594
2027-01-15,2461420.552510,2461421.029332,5,6,26,19,5,9,0,39,2461420.863817,2461421.265009
2027-01-16,2461421.552621,2461422.029708,6,7,0,20,0,9,0,39,2461421.842661,2461422.256444
2027-01-17,2461422.552721,2461423.030081,0,8,1,21,2,9,0,39,2461422.789638,2461423.217239
2027-01-18,2461423.552808,2461424.030449,1,9,2,22,4,9,0,39,2461423.706554,2461424.149901
2027-01-19,2461424.552882,2461425.030814,2,10,3,24,6,9,0,39,2461424.597098,2461425.058801
2027-01-20,2461425.552944,2461426.031174,3,12,4,25,2,9,0,39,2461426.320750,2461425.949731
2027-01-21,2461426.552993,2461427.031530,4,13,5,26,4,9,0,39,2461427.166867,2461426.829438
2027-01-22,2461427.553029,2461428.031881,5,14,6,0,6,9,0,39,2461428.011924,2461427.705215
2027-01-23,2461428.553052,2461429.032226,6,15,7,1,2,9,0,39,2461428.863129,2461428.584554
2027-01-24,2461429.553063,2461430.032567,0,16,9,3,4,9,0,39,2461429.727504,2461430.382960
2027-01-25,2461430.553061,2461431.032902,1,17,10,4,6,9,0,39,2461430.611619,2461431.315038
2027-01-26,2461431.553046,2461432.033232,2,19,11,5,2,9,0,39,2461432.460896,2461432.275867
2027-01-27,2461432.553018,2461433.033555,3,20,12,6,4,9,0,39,2461433.433468,2461433.268516
2027-01-28,2461433.552978,2461434.033873,4,21,13,7,6,9,0,39,2461434.439732,2461434.293913
2027-01-29,2461434.552925,2461435.034184,5,22,14,8,1,9,0,39,2461435.478090,2461435.350603
2027-01-30,2461435.552859,2461436.034490,6,23,15,9,3,9,0,39,2461436.544551,2461436.434763
2027-01-31,2461436.552781,2461437.034789,0,24,16,10,5,9,0,39,2461437.633118,2461437.540606
2027-02-01,2461437.552690,2461438.035081,1,24,17,11,6,9,0,39,2461437.633118,2461438.661185
2027-02-02,2461438.552587,2461439.035367,2,25,17,12,1,9,0,39,2461438.736603,2461438.661185
2027-02-03,2461439.552472,2461440.035646,3,26,18,13,3,9,0,39,2461439.847633,2461439.789375
2027-02-04,2461440.552344,2461441.035919,4,27,19,14,5,9,0,39,2461440.959460,2461440.918659
2027-02-05,2461441.552205,2461442.036185,5,28,20,15,7,9,0,39,2461442.066392,2461442.043536
2027-02-06,2461442.552053,2461443.036444,6,29,21,16,8,9,0,39,2461443.163881,2461443.159602
2027-02-07,2461443.551890,2461444.036696,0,0,22,17,10,10,0,39,2461444.248409,2461444.263435
2027-02-08,2461444.551715,2461445.036941,1,1,23,18,1,10,0,39,2461445.317254,2461445.352358
2027-02-09,2461445.551528,2461446.037180,2,2,24,19,3,10,0,39,2461446.368187,2461446.424150
2027-02-10,2461446.551331,2461447.037411,3,3,25,20,5,10,0,39,2461447.399269,2461447.476843
2027-02-11,2461447.551122,2461448.037636,4,4,26,21,0,10,0,39,2461448.408827,2461448.508712
2027-02-12,2461448.550902,2461449.037854,5,5,0,22,2,10,0,39,2461449.395621,2461449.518465
2027-02-13,2461449.550671,2461450.038065,6,6,1,23,4,10,0,39,2461450.359089,2461450.505507
2027-02-14,2461450.550430,2461451.038269,0,7,2,24,6,10,0,39,2461451.299556,2461451.470173
2027-02-15,2461451.550179,2461452.038467,1,8,3,25,1,10,0,39,2461452.218359,2461452.413878
2027-02-16,2461452.549917,2461453.038658,2,9,4,26,3,10,0,39,2461453.117888,2461453.339174
2027-02-17,2461453.549645,2461454.038842,3,10,5,1,5,10,0,39,2461454.001550,2461454.249715
2027-02-18,2461454.549364,2461455.039020,4,11,6,2,1,10,0,39,2461454.873673,2461455.150146
2027-02-19,2461455.549073,2461456.039191,5,12,7,3,3,10,0,39,2461455.739359,2461456.045934
2027-02-20,2461456.548773,2461457.039357,6,13,8,4,5,10,0,39,2461456.604309,2461456.943145
2027-02-21,2461457.548464,2461458.039516,0,15,9,5,1,10,0,39,2461458.356622,2461457.848194
2027-02-22,2461458.548146,2461459.039668,1,16,10,6,3,10,0,39,2461459.256503,2461458.767558
2027-02-23,2461459.547819,2461460.039815,2,17,11,8,5,10,0,39,2461460.180076,2461459.707417
2027-02-24,2461460.547484,2461461.039956,3,18,12,9,0,10,0,39,2461461.132267,2461460.673206
2027-02-25,2461461.547141,2461462.040091,4,19,13,10,2,10,0,39,2461462.116548,2461461.669059
2027-02-26,2461462.546790,2461463.040221,5,20,14,11,4,10,0,39,2461463.134273,2461462.697170
2027-02-27,2461463.546431,2461464.040345,6,21,15,12,6,10,0,39,2461464.184063,2461463.757176
2027-02-28,2461464.546066,2461465.040464,0,22,16,13,1,10,0,39,2461465.261494,2461464.845760
2027-03-01,2461465.545693,2461466.040578,1,23,17,14,3,10,0,39,2461466.359354,2461465.956741
2027-03-02,2461466.545313,2461467.040686,2,24,18,15,5,10,0,39,2461467.468567,2461467.081802
2027-03-03,2461467.544927,2461468.040790,3,25,19,16,0,10,0,39,2461468.579549,2461468.211712
2027-03-04,2461468.544534,2461469.040889,4,25,20,17,1,10,0,39,2461468.579549,2461469.337652
2027-03-05,2461469.544136,2461470.040984,5,26,21,18,3,10,0,39,2461469.683537,2461470.452270
2027-03-06,2461470.543731,2461471.041074,6,27,22,19,5,10,0,39,2461470.773574,2461471.550309
2027-03-07,2461471.543322,2461472.041160,0,28,22,20,7,10,0,39,2461471.844993,2461471.550309
2027-03-08,2461472.542907,2461473.041242,1,29,23,21,9,10,0,39,2461472.895427,2461472.628764
2027-03-09,2461473.542487,2461474.041320,2,0,24,22,0,11,0,39,2461473.924416,2461473.686638
2027-03-10,2461474.542062,2461475.041395,3,1,25,23,2,11,0,39,2461474.932800,2461474.724395
2027-03-11,2461475.541633,2461476.041466,4,2,26,24,4,11,0,39,2461475.922120,2461475.743356
2027-03-12,2461476.541200,2461477.041534,5,3,0,25,6,11,0,39,2461476.894152,2461476.745191
2027-03-13,2461477.540763,2461478.041599,6,4,1,26,1,11,0,39,2461477.850640,2461477.731598
2027-03-14,2461478.540323,2461479.041661,0,5,2,0,3,11,0,39,2461478.793174,2461478.704153
2027-03-15,2461479.539879,2461480.041720,1,6,3,1,5,11,0,39,2461479.723193,2461479.664283
2027-03-16,2461480.539432,2461481.041777,2,7,4,2,0,11,0,39,2461480.642072,2461480.613354
2027-03-17,2461481.538983,2461482.041831,3,8,5,3,2,11,0,39,2461481.551284,2461481.552836
2027-03-18,2461482.538531,2461483.041884,4,10,7,5,5,11,0,39,2461483.348373,2461483.410823
2027-03-19,2461483.538077,2461484.041934,5,11,8,6,0,11,0,39,2461484.241574,2461484.334845
2027-03-20,2461484.537621,2461485.041983,6,12,9,7,2,11,0,39,2461485.135991,2461485.260556
2027-03-21,2461485.537163,2461486.042030,0,13,10,8,4,11,0,39,2461486.036122,2461486.192665
2027-03-22,2461486.536704,2461487.042076,1,14,11,9,0,11,0,39,2461486.947031,2461487.136428
2027-03-23,2461487.536244,2461488.042121,2,15,12,10,2,11,0,39,2461487.874088,2461488.097313
2027-03-24,2461488.535784,2461489.042165,3,16,13,11,4,11,0,39,2461488.822574,2461489.080521
2027-03-25,2461489.535322,2461490.042209,4,17,14,12,6,11,0,39,2461489.797154,2461490.090364
2027-03-26,2461490.534861,2461491.042251,5,18,15,13,1,11,0,39,2461490.801175,2461491.129503
2027-03-27,2461491.534399,2461492.042294,6,19,16,15,3,11,0,39,2461491.835861,2461492.198135
2027-03-28,2461492.533938,2461493.042336,0,20,17,16,5,11,0,39,2461492.899528,2461493.293343
2027-03-29,2461493.533477,2461494.042378,1,21,18,17,0,11,0,39,2461493.987134,2461494.408921
2027-03-30,2461494.533017,2461495.042421,2,22,19,17,1,11,0,39,2461495.090478,2461495.535915
2027-03-31,2461495.532559,2461496.042464,3,23,19,18,3,11,0,39,2461496.199212,2461495.535915
2027-04-01,2461496.532101,2461497.042507,4,24,20,19,5,11,0,39,2461497.302455,2461496.663898
2027-04-02,2461497.531645,2461498.042551,5,25,21,20,0,11,0,39,2461498.390516,2461497.782618
2027-04-03,2461498.531192,2461499.042597,6,26,22,21,2,11,0,39,2461499.456217,2461498.883546
2027-04-04,2461499.530740,2461500.042643,0,27,23,22,4,11,0,39,2461500.495533,2461499.960917
2027-04-05,2461500.530291,2461501.042691,1,28,24,23,6,11,0,39,2461501.507528,2461501.012089
2027-04-06,2461501.529844,2461502.042740,2,29,25,24,8,11,0,39,2461502.493783,2461502.037289
2027-04-07,2461502.529401,2461503.042791,3,0,26,25,10,0,0,40,2461503.457588,2461503.038937
2027-04-08,2461503.528960,2461504.042843,4,1,0,0,1,0,0,40,2461504.403152,2461504.020831
2027-04-09,2461504.528523,2461505.042898,5,2,1,1,3,0,0,40,2461505.334937,2461504.987379
2027-04-10,2461505.528090,2461506.042954,6,3,2,2,5,0,0,40,2461506.257172,2461505.942991
2027-04-11,2461506.527661,2461507.043013,0,4,3,3,0,0,0,40,2461507.173517,2461506.891630
2027-04-12,2461507.527236,2461508.043075,1,5,4,4,2,0,0,40,2461508.086886,2461507.836538
2027-04-13,2461508.526815,2461509.043138,2,6,5,5,4,0,0,40,2461508.999402,2461508.780130
2027-04-14,2461509.526399,2461510.043205,3,7,6,6,0,0,0,40,2461509.912505,2461509.724050
2027-04-15,2461510.525988,2461511.043274,4,8,7,7,2,0,0,40,2461510.827210,2461510.669415
2027-04-16,2461511.525582,2461512.043346,5,9,8,9,4,0,0,40,2461511.744453,2461511.617175
2027-04-17,2461512.525181,2461513.043421,6,10,9,10,6,0,0,40,2461512.665472,2461512.568532
2027-04-18,2461513.524786,2461514.043500,0,11,10,11,1,0,0,40,2461513.592109,2461513.525286
2027-04-19,2461514.524397,2461515.043581,1,12,12,12,3,0,0,40,2461514.526979,2461515.466157
2027-04-20,2461515.524014,2461516.043666,2,14,13,13,6,0,0,40,2461516.435421,2461516.457585
2027-04-21,2461516.523637,2461517.043755,3,15,14,14,1,0,0,40,2461517.416963,2461517.468364
2027-04-22,2461517.523267,2461518.043847,4,16,15,15,3,0,0,40,2461518.421694,2461518.502007
2027-04-23,2461518.522904,2461519.043942,5,17,16,16,5,0,0,40,2461519.452045,2461519.560706
2027-04-24,2461519.522547,2461520.044042,6,18,16,17,0,0,0,40,2461520.508389,2461519.560706
2027-04-25,2461520.522197,2461521.044145,0,19,17,18,2,0,0,40,2461521.588254,2461520.644458
2027-04-26,2461521.521855,2461522.044251,1,19,18,19,3,0,0,40,2461521.588254,2461521.750333
2027-04-27,2461522.521520,2461523.044362,2,20,19,20,5,0,0,40,2461522.685875,2461522.872160
2027-04-28,2461523.521193,2461524.044477,3,21,20,21,0,0,0,40,2461523.792438,2461524.000923
2027-04-29,2461524.520874,2461525.044595,4,22,21,22,2,0,0,40,2461524.897144,2461525.125937
2027-04-30,2461525.520562,2461526.044718,5,23,22,23,4,0,0,40,2461525.988933,2461526.236574
2027-05-01,2461526.520259,2461527.044844,6,24,23,24,5,0,0,40,2461527.058320,2461527.324006
2027-05-02,2461527.519964,2461528.044975,0,25,24,25,0,0,0,40,2461528.098772,2461528.382441
2027-05-03,2461528.519678,2461529.045109,1,26,25,26,2,0,0,40,2461529.107288,2461529.409605
2027-05-04,2461529.519401,2461530.045248,2,27,26,0,4,0,0,40,2461530.084228,2461530.406495
2027-05-05,2461530.519132,2461531.045390,3,28,0,1,6,0,0,40,2461531.032625,2461531.376676
2027-05-06,2461531.518872,2461532.045536,4,29,1,2,9,0,0,40,2461531.957316,2461532.325396
2027-05-07,2461532.518621,2461533.045687,5,0,2,3,0,1,0,40,2461532.864121,2461533.258754
2027-05-08,2461533.518379,2461534.045841,6,1,3,5,2,1,0,40,2461533.759158,2461534.183011
2027-05-09,2461534.518147,2461535.045999,0,2,4,6,4,1,0,40,2461534.648335,2461535.104044
2027-05-10,2461535.517924,2461536.046161,1,3,5,7,6,1,0,40,2461535.536956,2461536.026944
2027-05-11,2461536.517711,2461537.046326,2,5,6,8,2,1,0,40,2461537.329168,2461536.955736
2027-05-12,2461537.517507,2461538.046495,3,6,7,9,4,1,0,40,2461538.238398,2461537.893254
2027-05-13,2461538.517313,2461539.046668,4,7,8,10,6,1,0,40,2461539.158446,2461538.841204
2027-05-14,2461539.517129,2461540.046844,5,8,9,11,1,1,0,40,2461540.089944,2461539.800428
2027-05-15,2461540.516954,2461541.047023,6,9,10,12,3,1,0,40,2461541.033232,2461540.771303
2027-05-16,2461541.516789,2461542.047205,0,10,11,14,6,1,0,40,2461541.988752,2461541.754186
2027-05-17,2461542.516635,2461543.047391,1,11,12,15,1,1,0,40,2461542.957346,2461542.749774
2027-05-18,2461543.516490,2461544.047579,2,12,13,16,3,1,0,40,2461543.940397,2461543.759305
2027-05-19,2461544.516355,2461545.047771,3,13,14,17,5,1,0,40,2461544.939774,2461544.784540
2027-05-20,2461545.516230,2461546.047964,4,14,15,18,0,1,0,40,2461545.957558,2461545.827500
2027-05-21,2461546.516115,2461547.048161,5,15,16,19,2,1,0,40,2461546.995528,2461546.889968
2027-05-22,2461547.516011,2461548.048359,6,16,17,20,3,1,0,40,2461548.054462,2461547.972778
2027-05-23,2461548.515916,2461549.048560,0,17,18,21,5,1,0,40,2461549.133341,2461549.075015
2027-05-24,2461549.515831,2461550.048763,1,18,19,22,0,1,0,40,2461550.228675,2461550.193341
2027-05-25,2461550.515756,2461551.048967,2,19,20,23,2,1,0,40,2461551.334187,2461551.321681
2027-05-26,2461551.515692,2461552.049173,3,20,21,24,4,1,0,40,2461552.441127,2461552.451518
2027-05-27,2461552.515636,2461553.049380,4,21,22,25,6,1,0,40,2461553.539273,2461553.572864
2027-05-28,2461553.515591,2461554.049588,5,21,22,26,0,1,0,40,2461553.539273,2461553.572864
2027-05-29,2461554.515556,2461555.049797,6,22,23,0,2,1,0,40,2461554.618491,2461554.675765
2027-05-30,2461555.515530,2461556.050007,0,23,24,1,4,1,0,40,2461555.670370,2461555.751915
2027-05-31,2461556.515514,2461557.050217,1,24,25,2,6,1,0,40,2461556.689450,2461556.795904
2027-06-01,2461557.515507,2461558.050427,2,25,26,3,1,1,0,40,2461557.673705,2461557.805757
2027-06-02,2461558.515509,2461559.050637,3,26,0,4,3,1,0,40,2461558.624326,2461558.782771
2027-06-03,2461559.515521,2461560.050847,4,27,1,5,5,1,0,40,2461559.545050,2461559.730874
2027-06-04,2461560.515542,2461561.051056,5,29,2,6,8,1,0,40,2461561.319650,2461560.655797
2027-06-05,2461561.515571,2461562.051264,6,0,3,7,10,2,0,40,2461562.186787,2461561.564288
2027-06-06,2461562.515610,2461563.051471,0,1,5,8,1,2,0,40,2461563.049496,2461563.360271
2027-06-07,2461563.515657,2461564.051676,1,2,6,10,4,2,0,40,2461563.914100,2461564.261153
2027-06-08,2461564.515713,2461565.051880,2,3,7,11,6,2,0,40,2461564.786224,2461565.171646
2027-06-09,2461565.515776,2461566.052082,3,4,8,12,1,2,0,40,2461565.670560,2461566.096165
2027-06-10,2461566.515848,2461567.052281,4,5,9,13,3,2,0,40,2461566.570699,2461567.037845
2027-06-11,2461567.515928,2461568.052477,5,7,10,14,6,2,0,40,2461568.427014,2461567.998558
2027-06-12,2461568.516015,2461569.052671,6,8,11,15,1,2,0,40,2461569.384987,2461568.979091
2027-06-13,2461569.516110,2461570.052861,0,9,12,16,3,2,0,40,2461570.362824,2461569.979430
2027-06-14,2461570.516212,2461571.053048,1,10,13,17,5,2,0,40,2461571.360024,2461570.999086
2027-06-15,2461571.516321,2461572.053231,2,11,14,18,0,2,0,40,2461572.375980,2461572.037380
2027-06-16,2461572.516437,2461573.053410,3,12,15,19,2,2,0,40,2461573.410132,2461573.093644
2027-06-17,2461573.516559,2461574.053585,4,13,16,20,4,2,0,40,2461574.461960,2461574.167286
2027-06-18,2461574.516688,2461575.053755,5,14,17,21,6,2,0,40,2461575.530734,2461575.257610
2027-06-19,2461575.516823,2461576.053920,6,14,18,22,0,2,0,40,2461575.530734,2461576.363386
2027-06-20,2461576.516963,2461577.054080,0,15,19,23,2,2,0,40,2461576.615040,2461577.482269
2027-06-21,2461577.517109,2461578.054234,1,16,20,24,4,2,0,40,2461577.712195,2461578.610306
2027-06-22,2461578.517260,2461579.054383,2,17,20,25,6,2,0,40,2461578.817805,2461578.610306
2027-06-23,2461579.517415,2461580.054526,3,18,21,26,1,2,0,40,2461579.925646,2461579.741729
2027-06-24,2461580.517576,2461581.054662,4,19,22,0,3,2,0,40,2461581.027954,2461580.869166
2027-06-25,2461581.517741,2461582.054791,5,20,23,1,4,2,0,40,2461582.116165,2461581.984262
2027-06-26,2461582.517910,2461583.054914,6,21,24,2,6,2,0,40,2461583.182008,2461583.078710
2027-06-27,2461583.518082,2461584.055030,0,22,25,3,1,2,0,40,2461584.218727,2461584.145465
2027-06-28,2461584.518258,2461585.055138,1,23,26,4,3,2,0,40,2461585.222045,2461585.179815
2027-06-29,2461585.518438,2461586.055239,2,24,0,5,5,2,0,40,2461586.190591,2461586.179954
2027-06-30,2461586.518620,2461587.055332,3,25,1,6,0,2,0,40,2461587.125764,2461587.146974
2027-07-01,2461587.518805,2461588.055417,4,26,2,7,2,2,0,40,2461588.031221,2461588.084423
2027-07-02,2461588.518992,2461589.055494,5,27,3,9,5,2,0,40,2461588.912223,2461588.997649
2027-07-03,2461589.519181,2461590.055562,6,28,4,10,7,2,0,40,2461589.775027,2461589.893153
2027-07-04,2461590.519372,2461591.055622,0,29,5,11,9,2,0,40,2461590.626392,2461590.778031
2027-07-05,2461591.519565,2461592.055673,1,1,6,12,1,3,0,40,2461592.322216,2461591.659533
2027-07-06,2461592.519758,2461593.055715,2,2,7,13,3,3,0,40,2461593.179785,2461592.544724
2027-07-07,2461593.519953,2461594.055748,3,3,9,15,5,3,0,40,2461594.051669,2461594.351677
2027-07-08,2461594.520148,2461595.055771,4,4,10,16,1,3,0,40,2461594.942786,2461595.283971
2027-07-09,2461595.520344,2461596.055786,5,5,11,17,3,3,0,40,2461595.856996,2461596.240514
2027-07-10,2461596.520539,2461597.055790,6,6,12,18,5,3,0,40,2461596.796926,2461597.223339
2027-07-11,2461597.520735,2461598.055785,0,7,13,19,0,3,0,40,2461597.763865,2461598.233008
2027-07-12,2461598.520930,2461599.055770,1,8,14,20,2,3,0,40,2461598.757749,2461599.268679
2027-07-13,2461599.521124,2461600.055745,2,9,15,21,4,3,0,40,2461599.777236,2461600.328302
2027-07-14,2461600.521318,2461601.055710,3,10,16,22,6,3,0,40,2461600.819930,2461601.408939
2027-07-15,2461601.521510,2461602.055665,4,11,17,23,1,3,0,40,2461601.882716,2461602.507177
2027-07-16,2461602.521701,2461603.055609,5,12,18,24,3,3,0,40,2461602.962126,2461603.619429
2027-07-17,2461603.521890,2461604.055544,6,13,18,25,5,3,0,40,2461604.054534,2461603.619429
2027-07-18,2461604.522078,2461605.055468,0,14,19,26,6,3,0,40,2461605.156095,2461604.741979
2027-07-19,2461605.522263,2461606.055381,1,15,20,0,1,3,0,40,2461606.262540,2461605.870802
2027-07-20,2461606.522447,2461607.055285,2,16,21,1,3,3,0,40,2461607.369033,2461607.001361
2027-07-21,2461607.522627,2461608.055178,3,17,22,2,5,3,0,40,2461608.470165,2461608.128542
2027-07-22,2461608.522806,2461609.055060,4,18,23,3,0,3,0,40,2461609.560096,2461609.246724
2027-07-23,2461609.522981,2461610.054932,5,18,24,4,1,3,0,40,2461609.560096,2461610.349980
2027-07-24,2461610.523153,2461611.054794,6,19,25,5,3,3,0,40,2461610.632823,2461611.432485
2027-07-25,2461611.523323,2461612.054645,0,20,26,6,5,3,0,40,2461611.682671,2461612.489157
2027-07-26,2461612.523489,2461613.054485,1,21,0,7,0,3,0,40,2461612.704968,2461613.516377
2027-07-27,2461613.523651,2461614.054316,2,22,1,8,2,3,0,40,2461613.696690,2461614.512506
2027-07-28,2461614.523810,2461615.054136,3,23,2,9,4,3,0,40,2461614.656835,2461615.478062
2027-07-29,2461615.523966,2461616.053945,4,24,3,10,6,3,0,40,2461615.586455,2461616.415572
2027-07-30,2461616.524118,2461617.053745,5,26,4,11,2,3,0,40,2461617.367068,2461617.329240
2027-07-31,2461617.524265,2461618.053534,6,27,5,12,4,3,0,40,2461618.227774,2461618.224539
2027-08-01,2461618.524409,2461619.053313,0,28,6,14,6,3,0,40,2461619.076642,2461619.107813
2027-08-02,2461619.524549,2461620.053083,1,29,7,15,9,3,0,40,2461619.920190,2461619.985926
2027-08-03,2461620.524685,2461621.052842,2,0,8,16,0,4,0,40,2461620.765120,2461620.865963
2027-08-04,2461621.524816,2461622.052592,3,1,9,17,2,4,0,40,2461621.618113,2461621.754953
2027-08-05,2461622.524943,2461623.052332,4,3,10,18,5,4,0,40,2461623.373544,2461622.659585
2027-08-06,2461623.525066,2461624.052062,5,4,11,20,0,4,0,40,2461624.287041,2461623.585872
2027-08-07,2461624.525185,2461625.051783,6,5,12,21,2,4,0,40,2461625.230011,2461624.538766
2027-08-08,2461625.525299,2461626.051495,0,6,14,22,4,4,0,40,2461626.204752,2461626.536360
2027-08-09,2461626.525409,2461627.051197,1,7,14,23,6,4,0,40,2461627.211577,2461626.536360
2027-08-10,2461627.525514,2461628.050891,2,8,15,24,1,4,0,40,2461628.248617,2461627.582032
2027-08-11,2461628.525615,2461629.050575,3,9,16,25,3,4,0,40,2461629.311908,2461628.655910
2027-08-12,2461629.525712,2461630.050251,4,10,17,26,5,4,0,40,2461630.395880,2461629.753227
2027-08-13,2461630.525804,2461631.049919,5,11,18,0,0,4,0,40,2461631.494111,2461630.867951
2027-08-14,2461631.525892,2461632.049578,6,12,19,1,2,4,0,40,2461632.600078,2461631.993606
2027-08-15,2461632.525976,2461633.049228,0,12,20,2,3,4,0,40,2461632.600078,2461633.123933
2027-08-16,2461633.526055,2461634.048871,1,13,21,3,5,4,0,40,2461633.707687,2461634.253261
2027-08-17,2461634.526130,2461635.048506,2,14,22,4,0,4,0,40,2461634.811533,2461635.376680
2027-08-18,2461635.526201,2461636.048133,3,15,23,5,2,4,0,40,2461635.907013,2461636.490056
2027-08-19,2461636.526268,2461637.047753,4,16,24,6,4,4,0,40,2461636.990287,2461637.589914
2027-08-20,2461637.526330,2461638.047366,5,17,24,7,6,4,0,40,2461638.058094,2461637.589914
2027-08-21,2461638.526389,2461639.046971,6,18,25,8,0,4,0,40,2461639.107532,2461638.673203
2027-08-22,2461639.526444,2461640.046570,0,19,26,9,2,4,0,40,2461640.135967,2461639.737121
2027-08-23,2461640.526495,2461641.046162,1,20,0,10,4,4,0,40,2461641.141169,2461640.779160
2027-08-24,2461641.526542,2461642.045748,2,21,1,11,6,4,0,40,2461642.121584,2461641.797356
2027-08-25,2461642.526586,2461643.045327,3,22,2,12,1,4,0,40,2461643.076609,2461642.790607
2027-08-26,2461643.526626,2461644.044901,4,23,3,13,3,4,0,40,2461644.006757,2461643.758923
2027-08-27,2461644.526662,2461645.044469,5,24,4,14,6,4,0,40,2461644.913731,2461644.703571
2027-08-28,2461645.526696,2461646.044031,6,25,5,15,1,4,0,40,2461645.800412,2461645.627115
2027-08-29,2461646.526726,2461647.043588,0,26,6,16,3,4,0,40,2461646.670774,2461646.533370
2027-08-30,2461647.526753,2461648.043140,1,27,8,18,5,4,0,40,2461647.529739,2461648.314652
2027-08-31,2461648.526778,2461649.042687,2,29,9,19,8,4,0,40,2461649.236786,2461649.202039
2027-09-01,2461649.526799,2461650.042229,3,0,10,20,10,5,0,40,2461650.097724,2461650.096345
2027-09-02,2461650.526818,2461651.041767,4,1,11,21,1,5,0,40,2461650.972517,2461651.004575
2027-09-03,2461651.526835,2461652.041301,5,2,12,22,4,5,0,40,2461651.867680,2461651.933447
2027-09-04,2461652.526849,2461653.040832,6,3,13,23,6,5,0,40,2461652.789121,2461652.888897
2027-09-05,2461653.526861,2461654.040358,0,4,14,25,1,5,0,40,2461653.741596,2461653.875473
2027-09-06,2461654.526871,2461655.039882,1,5,15,26,3,5,0,40,2461654.728053,2461654.895652
2027-09-07,2461655.526880,2461656.039402,2,6,16,0,5,5,0,40,2461655.748976,2461655.949222
2027-09-08,2461656.526886,2461657.038919,3,7,17,1,0,5,0,40,2461656.801908,2461657.032945
2027-09-09,2461657.526891,2461658.038434,4,8,18,2,2,5,0,40,2461657.881427,2461658.140744
2027-09-10,2461658.526895,2461659.037947,5,9,19,3,4,5,0,40,2461658.979735,2461659.264493
2027-09-11,2461659.526898,2461660.037457,6,10,20,4,5,5,0,40,2461660.087794,2461660.395252
2027-09-12,2461660.526900,2461661.036966,0,11,21,4,0,5,0,40,2461661.196665,2461661.524548
2027-09-13,2461661.526901,2461662.036473,1,12,22,5,2,5,0,40,2461662.298629,2461662.645356
2027-09-14,2461662.526901,2461663.035979,2,13,22,6,4,5,0,40,2461663.387888,2461662.645356
2027-09-15,2461663.526901,2461664.035484,3,14,23,7,6,5,0,40,2461664.460758,2461663.752625
2027-09-16,2461664.526901,2461665.034988,4,15,24,8,1,5,0,40,2461665.515432,2461664.843341
2027-09-17,2461665.526900,2461666.034492,5,16,25,9,3,5,0,40,2461666.551445,2461665.916184
2027-09-18,2461666.526900,2461667.033995,6,16,26,10,4,5,0,40,2461666.551445,2461666.970952
2027-09-19,2461667.526901,2461668.033499,0,17,0,11,6,5,0,40,2461667.569048,2461668.007953
2027-09-20,2461668.526902,2461669.033003,1,18,1,12,1,5,0,40,2461668.568706,2461669.027570
2027-09-21,2461669.526903,2461670.032508,2,19,2,14,3,5,0,40,2461669.550809,2461670.030060
2027-09-22,2461670.526906,2461671.032013,3,21,3,15,6,5,0,40,2461671.463277,2461671.015563
2027-09-23,2461671.526910,2461672.031520,4,22,4,16,1,5,0,40,2461672.394165,2461671.984255
2027-09-24,2461672.526915,2461673.031028,5,23,5,17,3,5,0,40,2461673.309004,2461672.936605
2027-09-25,2461673.526922,2461674.030538,6,24,6,18,5,5,0,40,2461674.209214,2461673.873688
2027-09-26,2461674.526930,2461675.030050,0,25,7,19,0,5,0,40,2461675.097134,2461674.797480
2027-09-27,2461675.526941,2461676.029564,1,26,8,20,2,5,0,40,2461675.976146,2461675.711060
2027-09-28,2461676.526953,2461677.029080,2,27,9,21,5,5,0,40,2461676.850667,2461676.618668
2027-09-29,2461677.526968,2461678.028600,3,28,11,23,7,5,0,40,2461677.726030,2461678.437951
2027-09-30,2461678.526986,2461679.028122,4,29,12,24,9,5,0,40,2461678.608268,2461679.362350
2027-10-01,2461679.527006,2461680.027648,5,1,13,25,1,6,0,40,2461680.419207,2461680.305461
2027-10-02,2461680.527030,2461681.027178,6,2,14,26,3,6,0,40,2461681.360416,2461681.273454
2027-10-03,2461681.527056,2461682.026711,0,3,15,0,5,6,0,40,2461682.332341,2461682.271277
2027-10-04,2461682.527086,2461683.026249,1,4,16,1,0,6,0,40,2461683.337899,2461683.301816
2027-10-05,2461683.527119,2461684.025791,2,5,17,2,2,6,0,40,2461684.377199,2461684.365068
2027-10-06,2461684.527157,2461685.025337,3,6,18,3,4,6,0,40,2461685.446907,2461685.457584
2027-10-07,2461685.527198,2461686.024889,4,7,19,4,6,6,0,40,2461686.540180,2461686.572500
2027-10-08,2461686.527243,2461687.024446,5,7,19,5,0,6,0,40,2461686.540180,2461686.572500
2027-10-09,2461687.527292,2461688.024009,6,8,20,6,2,6,0,40,2461687.647391,2461687.700338
2027-10-10,2461688.527346,2461689.023577,0,9,21,7,4,6,0,40,2461688.757604,2461688.830481
2027-10-11,2461689.527404,2461690.023152,1,10,22,8,6,6,0,40,2461689.860385,2461689.952914
2027-10-12,2461690.527468,2461691.022733,2,11,23,9,1,6,0,40,2461690.947363,2461691.059690
2027-10-13,2461691.527536,2461692.022320,3,12,24,10,3,6,0,40,2461692.013127,2461692.145748
2027-10-14,2461692.527610,2461693.021915,4,13,25,11,4,6,0,40,2461693.055335,2461693.209008
2027-10-15,2461693.527688,2461694.021516,5,14,26,12,6,6,0,40,2461694.074227,2461694.249877
2027-10-16,2461694.527773,2461695.021125,6,15,0,13,1,6,0,40,2461695.071825,2461695.270463
2027-10-17,2461695.527863,2461696.020742,0,16,1,14,3,6,0,40,2461696.051088,2461696.273731
2027-10-18,2461696.527958,2461697.020366,1,17,2,15,5,6,0,40,2461697.015199,2461697.262793
2027-10-19,2461697.528060,2461698.019999,2,18,3,16,1,6,0,40,2461697.967039,2461698.240391
2027-10-20,2461698.528168,2461699.019640,3,19,4,17,3,6,0,40,2461698.908883,2461699.208611
2027-10-21,2461699.528281,2461700.019289,4,20,5,19,5,6,0,40,2461699.842289,2461700.168811
2027-10-22,2461700.528402,2461701.018948,5,21,6,20,0,6,0,40,2461700.768196,2461701.121778
2027-10-23,2461701.528528,2461702.018616,6,22,7,21,2,6,0,40,2461701.687188,2461702.068066
2027-10-24,2461702.528661,2461703.018293,0,23,8,22,4,6,0,40,2461702.599886,2461703.008444
2027-10-25,2461703.528801,2461704.017979,1,25,9,23,0,6,0,40,2461704.411513,2461703.944336
2027-10-26,2461704.528948,2461705.017676,2,26,10,24,2,6,0,40,2461705.315216,2461704.878141
2027-10-27,2461705.529101,2461706.017383,3,27,11,25,4,6,0,40,2461706.222393,2461705.813361
2027-10-28,2461706.529261,2461707.017099,4,28,12,0,6,6,0,40,2461707.137853,2461706.754526
2027-10-29,2461707.529428,2461708.016827,5,29,13,1,8,6,0,40,2461708.067015,2461707.706933
2027-10-30,2461708.529603,2461709.016565,6,0,14,2,10,7,0,40,2461709.015493,2461708.676235
2027-10-31,2461709.529784,2461710.016314,0,1,15,3,2,7,0,40,2461709.988520,2461709.667858
2027-11-01,2461710.529973,2461711.016074,1,2,16,4,4,7,0,40,2461710.990196,2461710.686258
2027-11-02,2461711.530168,2461712.015845,2,3,17,5,6,7,0,40,2461712.022585,2461711.734033
2027-11-03,2461712.530371,2461713.015628,3,4,18,6,0,7,0,40,2461713.084814,2461712.811022
2027-11-04,2461713.530581,2461714.015423,4,5,19,7,2,7,0,40,2461714.172440,2461713.913648
2027-11-05,2461714.530799,2461715.015229,5,6,20,8,4,7,0,40,2461715.277453,2461715.034820
2027-11-06,2461715.531023,2461716.015047,6,7,21,9,6,7,0,40,2461716.389156,2461716.164643
2027-11-07,2461716.531255,2461717.014877,0,8,22,10,1,7,0,40,2461717.495840,2461717.291895
2027-11-08,2461717.531494,2461718.014720,1,9,23,11,3,7,0,40,2461718.586789,2461718.405920
2027-11-09,2461718.531741,2461719.014575,2,9,24,12,4,7,0,40,2461718.586789,2461719.498335
2027-11-10,2461719.531994,2461720.014442,3,10,25,13,6,7,0,40,2461719.653960,2461720.564050
2027-11-11,2461720.532254,2461721.014323,4,11,25,14,1,7,0,40,2461720.692837,2461720.564050
2027-11-12,2461721.532521,2461722.014216,5,12,26,15,3,7,0,40,2461721.702406,2461721.601448
2027-11-13,2461722.532796,2461723.014121,6,13,0,16,5,7,0,40,2461722.684500,2461722.611884
2027-11-14,2461723.533077,2461724.014040,0,14,1,17,0,7,0,40,2461723.642890,2461723.598835
2027-11-15,2461724.533364,2461725.013972,1,15,2,18,2,7,0,40,2461724.582396,2461724.567000
2027-11-16,2461725.533658,2461726.013916,2,17,4,19,5,7,0,40,2461726.425021,2461726.467276
2027-11-17,2461726.533959,2461727.013874,3,18,5,20,0,7,0,40,2461727.337247,2461727.408590
2027-11-18,2461727.534266,2461728.013845,4,19,6,21,2,7,0,40,2461728.248173,2461728.348801
2027-11-19,2461728.534578,2461729.013829,5,20,7,23,4,7,0,40,2461729.160193,2461729.290264
2027-11-20,2461729.534897,2461730.013827,6,21,8,24,6,7,0,40,2461730.074854,2461730.234469
2027-11-21,2461730.535222,2461731.013837,0,22,9,25,2,7,0,40,2461730.993135,2461731.182355
2027-11-22,2461731.535552,2461732.013861,1,23,10,26,4,7,0,40,2461731.915827,2461732.134739
2027-11-23,2461732.535887,2461733.013898,2,24,11,0,6,7,0,40,2461732.843930,2461733.092725
2027-11-24,2461733.536228,2461734.013948,3,25,12,1,1,7,0,40,2461733.778964,2461734.058013
2027-11-25,2461734.536573,2461735.014011,4,26,13,2,3,7,0,40,2461734.723139,2461735.033025
2027-11-26,2461735.536923,2461736.014087,5,27,14,3,5,7,0,40,2461735.679363,2461736.020852
2027-11-27,2461736.537277,2461737.014177,6,28,15,5,7,7,0,40,2461736.651081,2461737.025015
2027-11-28,2461737.537635,2461738.014278,0,29,16,6,9,7,0,40,2461737.641943,2461738.049029
2027-11-29,2461738.537997,2461739.014393,1,0,17,7,0,8,0,40,2461738.655287,2461739.095779
2027-11-30,2461739.538362,2461740.014520,2,1,18,8,2,8,0,40,2461739.693420,2461740.166733
2027-12-01,2461740.538731,2461741.014660,3,2,19,9,4,8,0,40,2461740.756774,2461741.261111
2027-12-02,2461741.539102,2461742.014812,4,3,20,10,6,8,0,40,2461741.843106,2461742.375251
2027-12-03,2461742.539476,2461743.014976,5,4,21,11,1,8,0,40,2461742.947019,2461743.502447
2027-12-04,2461743.539852,2461744.015152,6,5,22,12,3,8,0,40,2461744.060091,2461744.633458
2027-12-05,2461744.540230,2461745.015340,0,6,22,13,4,8,0,40,2461745.171784,2461744.633458
2027-12-06,2461745.540609,2461746.015539,1,7,23,14,6,8,0,40,2461746.271000,2461745.757710
2027-12-07,2461746.540989,2461747.015750,2,8,24,14,1,8,0,40,2461747.347903,2461746.864945
2027-12-08,2461747.541370,2461748.015971,3,9,25,15,3,8,0,40,2461748.395421,2461747.946868
2027-12-09,2461748.541751,2461749.016204,4,10,26,16,5,8,0,40,2461749.409992,2461748.998284
2027-12-10,2461749.542132,2461750.016447,5,11,0,18,0,8,0,40,2461750.391480,2461750.017458
2027-12-11,2461750.542513,2461751.016700,6,12,1,19,2,8,0,40,2461751.342530,2461751.005769
2027-12-12,2461751.542893,2461752.016964,0,13,2,20,4,8,0,40,2461752.267712,2461751.966975
2027-12-13,2461752.543271,2461753.017237,1,14,3,21,6,8,0,40,2461753.172715,2461752.906376
2027-12-14,2461753.543648,2461754.017519,2,15,4,22,1,8,0,40,2461754.063691,2461753.830064
2027-12-15,2461754.544023,2461755.017811,3,16,5,23,4,8,0,40,2461754.946775,2461754.744322
2027-12-16,2461755.544395,2461756.018111,4,17,6,24,6,8,0,40,2461755.827722,2461755.655172
2027-12-17,2461756.544764,2461757.018419,5,18,7,26,1,8,0,40,2461756.711646,2461756.568029
2027-12-18,2461757.545130,2461758.018736,6,19,9,0,3,8,0,40,2461757.602841,2461758.417047
2027-12-19,2461758.545492,2461759.019060,0,21,10,1,6,8,0,40,2461759.419662,2461759.359391
2027-12-20,2461759.545849,2461760.019391,1,22,11,2,1,8,0,40,2461760.349468,2461760.316235
2027-12-21,2461760.546203,2461761.019730,2,23,12,3,3,8,0,40,2461761.295226,2461761.288683
2027-12-22,2461761.546551,2461762.020074,3,24,13,4,5,8,0,40,2461762.257703,2461762.277452
2027-12-23,2461762.546894,2461763.020425,4,25,14,5,0,8,0,40,2461763.237506,2461763.283081
2027-12-24,2461763.547231,2461764.020782,5,26,15,6,2,8,0,40,2461764.235220,2461764.306081
2027-12-25,2461764.547562,2461765.021144,6,27,16,7,4,8,0,40,2461765.251475,2461765.347000
2027-12-26,2461765.547886,2461766.021510,0,28,17,8,6,8,0,40,2461766.286880,2461766.406347
2027-12-27,2461766.548204,2461767.021881,1,29,18,9,8,8,0,40,2461767.341784,2461767.484327
2027-12-28,2461767.548514,2461768.022257,2,0,19,10,10,9,0,40,2461768.415810,2461768.580364
2027-12-29,2461768.548816,2461769.022636,3,1,19,11,1,9,0,40,2461769.507267,2461768.580364
2027-12-30,2461769.549111,2461770.023018,4,2,20,12,3,9,0,40,2461770.612619,2461769.692525
2027-12-31,2461770.549397,2461771.023403,5,2,21,13,4,9,0,40,2461770.612619,2461770.817043
2028-01-01,2461771.549674,2461772.023790,6,3,22,14,6,9,0,40,2461771.726216,2461771.948135
2028-01-02,2461772.549942,2461773.024179,0,4,23,15,1,9,0,40,2461772.840445,2461773.078220
2028-01-03,2461773.550201,2461774.024570,1,5,24,16,3,9,0,40,2461773.946354,2461774.198585
2028-01-04,2461774.550450,2461775.024962,2,6,25,17,5,9,0,40,2461775.034729,2461775.300465
2028-01-05,2461775.550689,2461776.025355,3,7,26,18,6,9,0,40,2461776.097442,2461776.376330
2028-01-06,2461776.550918,2461777.025748,4,8,0,19,1,9,0,40,2461777.128642,2461777.420983
2028-01-07,2461777.551137,2461778.026141,5,9,1,20,3,9,0,40,2461778.125410,2461778.432127
2028-01-08,2461778.551345,2461779.026534,6,10,2,21,5,9,0,40,2461779.087782,2461779.410338
2028-01-09,2461779.551542,2461780.026926,0,11,3,22,0,9,0,40,2461780.018306,2461780.358621
2028-01-10,2461780.551727,2461781.027317,1,12,4,24,3,9,0,40,2461780.921408,2461781.281803
2028-01-11,2461781.551902,2461782.027706,2,13,5,25,5,9,0,40,2461781.802762,2461782.185905
2028-01-12,2461782.552064,2461783.028094,3,14,6,26,0,9,0,40,2461782.668757,2461783.077620
2028-01-13,2461783.552215,2461784.028479,4,16,7,0,3,9,0,40,2461784.381456,2461783.963883
2028-01-14,2461784.552354,2461785.028862,5,17,8,1,5,9,0,40,2461785.241328,2461784.851539
2028-01-15,2461785.552481,2461786.029242,6,18,9,3,0,9,0,40,2461786.111721,2461785.747058
2028-01-16,2461786.552596,2461787.029619,0,19,10,4,3,9,0,40,2461786.997988,2461786.656262
2028-01-17,2461787.552698,2461788.029992,1,20,11,5,5,9,0,40,2461787.904598,2461787.584071
2028-01-18,2461788.552788,2461789.030362,2,21,13,6,0,9,0,40,2461788.834926,2461789.509293
2028-01-19,2461789.552866,2461790.030728,3,22,14,7,2,9,0,40,2461789.791085,2461790.510187
2028-01-20,2461790.552930,2461791.031089,4,23,15,8,4,9,0,40,2461790.773836,2461791.536578
2028-01-21,2461791.552982,2461792.031446,5,24,16,9,6,9,0,40,2461791.782612,2461792.586880
2028-01-22,2461792.553022,2461793.031798,6,25,16,10,1,9,0,40,2461792.815686,2461792.586880
2028-01-23,2461793.553048,2461794.032145,0,26,17,11,3,9,0,40,2461793.870486,2461793.658603
2028-01-24,2461794.553062,2461795.032487,1,27,18,12,5,9,0,40,2461794.943957,2461794.748746
2028-01-25,2461795.553063,2461796.032823,2,28,19,13,7,9,0,40,2461796.032821,2461795.854097
2028-01-26,2461796.553051,2461797.033154,3,29,20,14,8,9,0,40,2461797.133628,2461796.971322
2028-01-27,2461797.553027,2461798.033479,4,0,21,15,10,10,0,40,2461798.242621,2461798.096845
2028-01-28,2461798.552989,2461799.033798,5,1,22,16,1,10,0,40,2461799.355547,2461799.226662
2028-01-29,2461799.552939,2461800.034111,6,2,23,17,3,10,0,40,2461800.467500,2461800.356162
2028-01-30,2461800.552877,2461801.034418,0,3,24,18,5,10,0,40,2461801.572834,2461801.480014
2028-01-31,2461801.552802,2461802.034718,1,3,25,19,6,10,0,40,2461801.572834,2461802.592215
2028-02-01,2461802.552714,2461803.035012,2,4,25,20,1,10,0,40,2461802.665261,2461802.592215
2028-02-02,2461803.552614,2461804.035300,3,5,26,21,3,10,0,40,2461803.738296,2461803.686456
2028-02-03,2461804.552501,2461805.035581,4,6,0,22,5,10,0,40,2461804.786017,2461804.756836
2028-02-04,2461805.552377,2461806.035855,5,7,1,23,0,10,0,40,2461805.803886,2461805.798687
2028-02-05,2461806.552240,2461807.036122,6,8,2,24,2,10,0,40,2461806.789323,2461806.809209
2028-02-06,2461807.552091,2461808.036383,0,9,3,25,4,10,0,40,2461807.741919,2461807.787759
2028-02-07,2461808.551931,2461809.036637,1,10,4,26,6,10,0,40,2461808.663362,2461808.735862
2028-02-08,2461809.551759,2461810.036884,2,11,5,0,1,10,0,40,2461809.557168,2461809.656991
2028-02-09,2461810.551575,2461811.037124,3,13,6,2,4,10,0,40,2461811.282824,2461810.556219
2028-02-10,2461811.551380,2461812.037357,4,14,8,3,6,10,0,40,2461812.127436,2461812.314775
2028-02-11,2461812.551174,2461813.037584,5,15,9,4,2,10,0,40,2461812.969264,2461813.188589
2028-02-12,2461813.550957,2461814.037803,6,16,10,5,4,10,0,40,2461813.815568,2461814.068804
2028-02-13,2461814.550729,2461815.038016,0,17,11,7,6,10,0,40,2461814.673516,2461814.962772
2028-02-14,2461815.550490,2461816.038222,1,19,12,8,2,10,0,40,2461816.450865,2461815.877284
2028-02-15,2461816.550241,2461817.038421,2,20,13,9,4,10,0,40,2461817.381306,2461816.818116
2028-02-16,2461817.549982,2461818.038614,3,21,14,10,6,10,0,40,2461818.344504,2461817.789522
2028-02-17,2461818.549713,2461819.038800,4,22,15,11,1,10,0,40,2461819.341570,2461818.793711
2028-02-18,2461819.549434,2461820.038979,5,23,16,12,3,10,0,40,2461820.371181,2461819.830480
2028-02-19,2461820.549145,2461821.039152,6,24,17,13,5,10,0,40,2461821.429652,2461820.897164
2028-02-20,2461821.548847,2461822.039319,0,25,18,14,0,10,0,40,2461822.511449,2461821.989006
2028-02-21,2461822.548540,2461823.039479,1,26,19,15,2,10,0,40,2461823.610018,2461823.099898
2028-02-22,2461823.548224,2461824.039634,2,26,20,16,3,10,0,40,2461823.610018,2461824.223290
2028-02-23,2461824.547900,2461825.039782,3,27,21,17,5,10,0,40,2461824.718671,2461825.352961
2028-02-24,2461825.547567,2461826.039924,4,28,22,18,7,10,0,40,2461825.831284,2461826.483513
2028-02-25,2461826.547226,2461827.040061,5,29,23,19,9,10,0,40,2461826.942673,2461827.610532
2028-02-26,2461827.546877,2461828.040192,6,0,23,20,0,11,0,40,2461828.048647,2461827.610532
2028-02-27,2461828.546520,2461829.040317,0,1,24,21,1,11,0,40,2461829.145761,2461828.730453
2028-02-28,2461829.546156,2461830.040437,1,2,25,22,3,11,0,40,2461830.230872,2461829.840165
2028-02-29,2461830.545785,2461831.040552,2,3,26,23,5,11,0,40,2461831.300742,2461830.936563
2028-03-01,2461831.545407,2461832.040662,3,4,0,24,0,11,0,40,2461832.351913,2461832.016295
2028-03-02,2461832.545022,2461833.040767,4,5,1,25,2,11,0,40,2461833.380934,2461833.075858
2028-03-03,2461833.544631,2461834.040867,5,6,2,26,4,11,0,40,2461834.384778,2461834.111981
2028-03-04,2461834.544234,2461835.040963,6,7,3,0,6,11,0,40,2461835.361285,2461835.122079
2028-03-05,2461835.543831,2461836.041054,0,8,4,1,1,11,0,40,2461836.309524,2461836.104692
2028-03-06,2461836.543423,2461837.041141,1,9,5,2,3,11,0,40,2461837.230067,2461837.059838
2028-03-07,2461837.543009,2461838.041224,2,10,6,3,5,11,0,40,2461838.125132,2461837.989256
2028-03-08,2461838.542590,2461839.041304,3,11,7,4,0,11,0,40,2461838.998530,2461838.896447
2028-03-09,2461839.542167,2461840.041379,4,12,8,6,3,11,0,40,2461839.855451,2461839.786504
2028-03-10,2461840.541739,2461841.041451,5,13,9,7,5,11,0,40,2461840.702155,2461840.665789
2028-03-11,2461841.541307,2461842.041520,6,14,10,8,0,11,0,40,2461841.545641,2461841.541551
2028-03-12,2461842.540871,2461843.041585,0,16,12,9,3,11,0,40,2461843.252909,2461843.313743
2028-03-13,2461843.540431,2461844.041648,1,17,13,10,5,11,0,40,2461844.131763,2461844.225775
2028-03-14,2461844.539989,2461845.041708,2,18,14,12,0,11,0,40,2461845.036798,2461845.164558
2028-03-15,2461845.539543,2461846.041765,3,19,15,13,3,11,0,40,2461845.973739,2461846.135556
2028-03-16,2461846.539094,2461847.041821,4,20,16,14,5,11,0,40,2461846.946419,2461847.142021
2028-03-17,2461847.538642,2461848.041873,5,21,17,15,0,11,0,40,2461847.956037,2461848.184306
2028-03-18,2461848.538189,2461849.041924,6,22,18,16,2,11,0,40,2461849.000619,2461849.259495
2028-03-19,2461849.537733,2461850.041974,0,23,19,17,4,11,0,40,2461850.074982,2461850.361627
2028-03-20,2461850.537276,2461851.042021,1,24,20,18,5,11,0,40,2461851.171359,2461851.482560
2028-03-21,2461851.536818,2461852.042068,2,25,21,19,0,11,0,40,2461852.280612,2461852.613285
2028-03-22,2461852.536358,2461853.042113,3,26,21,20,2,11,0,40,2461853.393667,2461852.613285
2028-03-23,2461853.535897,2461854.042157,4,27,22,21,4,11,0,40,2461854.502764,2461853.745305
2028-03-24,2461854.535436,2461855.042201,5,28,23,22,6,11,0,40,2461855.602181,2461854.871691
2028-03-25,2461855.534975,2461856.042243,6,28,24,23,7,11,0,40,2461855.602181,2461855.987581
2028-03-26,2461856.534513,2461857.042286,0,29,25,24,9,11,0,40,2461856.688339,2461857.090108
2028-03-27,2461857.534052,2461858.042328,1,0,26,25,0,0,0,41,2461857.759396,2461858.177872
2028-03-28,2461858.533591,2461859.042371,2,1,0,26,2,0,0,41,2461858.814547,2461859.250228
2028-03-29,2461859.533131,2461860.042413,3,2,1,0,4,0,0,41,2461859.853330,2461860.306633
2028-03-30,2461860.532672,2461861.042456,4,3,2,1,6,0,0,41,2461860.875131,2461861.346276
2028-03-31,2461861.532214,2461862.042499,5,4,3,2,1,0,0,41,2461861.878999,2461862.367991
2028-04-01,2461862.531758,2461863.042543,6,5,4,3,3,0,0,41,2461862.863716,2461863.370426
2028-04-02,2461863.531304,2461864.042588,0,6,5,4,5,0,0,41,2461863.828053,2461864.352380
2028-04-03,2461864.530852,2461865.042635,1,7,6,5,0,0,0,41,2461864.771143,2461865.313248
2028-04-04,2461865.530402,2461866.042682,2,8,7,6,2,0,0,41,2461865.692919,2461866.253510
2028-04-05,2461866.529955,2461867.042731,3,9,8,7,4,0,0,41,2461866.594508,2461867.175094
2028-04-06,2461867.529510,2461868.042781,4,11,9,8,0,0,0,41,2461868.348763,2461868.081529
2028-04-07,2461868.529069,2461869.042833,5,12,10,10,2,0,0,41,2461869.210682,2461868.977834
2028-04-08,2461869.528631,2461870.042887,6,13,11,11,4,0,0,41,2461870.070467,2461869.870247
2028-04-09,2461870.528197,2461871.042943,0,14,12,12,0,0,0,41,2461870.935047,2461870.765853
2028-04-10,2461871.527767,2461872.043002,1,15,13,13,2,0,0,41,2461871.811695,2461871.672179
2028-04-11,2461872.527341,2461873.043063,2,16,14,14,4,0,0,41,2461872.707648,2461872.596739
2028-04-12,2461873.526919,2461874.043126,3,17,15,15,6,0,0,41,2461873.629608,2461873.546466
2028-04-13,2461874.526502,2461875.043192,4,18,16,16,1,0,0,41,2461874.583090,2461874.527000
2028-04-14,2461875.526090,2461876.043260,5,19,17,18,3,0,0,41,2461875.571616,2461875.541850
2028-04-15,2461876.525683,2461877.043332,6,20,18,19,5,0,0,41,2461876.595880,2461876.591576
2028-04-16,2461877.525281,2461878.043406,0,21,19,20,0,0,0,41,2461877.653140,2461877.673256
2028-04-17,2461878.524885,2461879.043484,1,22,20,21,2,0,0,41,2461878.737147,2461878.780524
2028-04-18,2461879.524494,2461880.043565,2,23,21,21,4,0,0,41,2461879.838841,2461879.904362
2028-04-19,2461880.524110,2461881.043649,3,24,22,22,6,0,0,41,2461880.947764,2461881.034551
2028-04-20,2461881.523731,2461882.043736,4,25,23,23,1,0,0,41,2461882.053807,2461882.161358
2028-04-21,2461882.523360,2461883.043828,5,26,24,24,2,0,0,41,2461883.148708,2461883.276945
2028-04-22,2461883.522994,2461884.043922,6,27,25,25,4,0,0,41,2461884.226893,2461884.376124
2028-04-23,2461884.522636,2461885.044021,0,28,26,26,6,0,0,41,2461885.285553,2461885.456381
2028-04-24,2461885.522285,2461886.044123,1,29,0,0,8,0,0,41,2461886.324151,2461886.517366
2028-04-25,2461886.521941,2461887.044229,2,0,1,1,10,1,0,41,2461887.343650,2461887.560123
2028-04-26,2461887.521604,2461888.044338,3,1,1,2,1,1,0,41,2461888.345716,2461887.560123
2028-04-27,2461888.521275,2461889.044452,4,2,2,3,3,1,0,41,2461889.332070,2461888.586292
2028-04-28,2461889.520954,2461890.044570,5,3,3,4,5,1,0,41,2461890.304066,2461889.597483
2028-04-29,2461890.520641,2461891.044691,6,4,4,6,0,1,0,41,2461891.262516,2461890.594874
2028-04-30,2461891.520336,2461892.044817,0,5,5,7,2,1,0,41,2461892.207753,2461891.579090
2028-05-01,2461892.520039,2461893.044946,1,6,6,8,4,1,0,41,2461893.139876,2461892.550319
2028-05-02,2461893.519751,2461894.045080,2,7,8,9,6,1,0,41,2461894.059131,2461894.454401
2028-05-03,2461894.519471,2461895.045217,3,8,9,10,2,1,0,41,2461894.966323,2461895.388791
2028-05-04,2461895.519200,2461896.045359,4,9,10,11,4,1,0,41,2461895.863159,2461896.314033
2028-05-05,2461896.518938,2461897.045504,5,10,11,12,6,1,0,41,2461896.752442,2461897.233596
2028-05-06,2461897.518685,2461898.045654,6,11,12,13,1,1,0,41,2461897.638088,2461898.152107
2028-05-07,2461898.518441,2461899.045807,0,12,13,15,3,1,0,41,2461898.525001,2461899.075138
2028-05-08,2461899.518207,2461900.045964,1,14,14,16,6,1,0,41,2461900.325663,2461900.008856
2028-05-09,2461900.517982,2461901.046125,2,15,15,17,1,1,0,41,2461901.251588,2461900.959576
2028-05-10,2461901.517766,2461902.046289,3,16,16,18,3,1,0,41,2461902.202192,2461901.933200
2028-05-11,2461902.517560,2461903.046458,4,17,17,19,5,1,0,41,2461903.181868,2461902.934513
2028-05-12,2461903.517363,2461904.046629,5,18,18,20,0,1,0,41,2461904.193047,2461903.966390
2028-05-13,2461904.517177,2461905.046804,6,19,19,21,2,1,0,41,2461905.235423,2461905.029017
2028-05-14,2461905.517000,2461906.046983,0,20,20,22,4,1,0,41,2461906.305433,2461906.119350
2028-05-15,2461906.516833,2461907.047165,1,21,21,23,6,1,0,41,2461907.396239,2461907.231065
2028-05-16,2461907.516676,2461908.047349,2,22,22,24,1,1,0,41,2461908.498436,2461908.355205
2028-05-17,2461908.516528,2461909.047537,3,23,23,25,3,1,0,41,2461909.601448,2461909.481482
2028-05-18,2461909.516391,2461910.047728,4,23,24,26,4,1,0,41,2461909.601448,2461910.599946
2028-05-19,2461910.516264,2461911.047921,5,24,24,0,6,1,0,41,2461910.695247,2461910.599946
2028-05-20,2461911.516147,2461912.048117,6,25,25,1,1,1,0,41,2461911.771834,2461911.702485
2028-05-21,2461912.516040,2461913.048315,0,26,26,2,3,1,0,41,2461912.826076,2461912.783734
2028-05-22,2461913.515943,2461914.048515,1,27,0,3,5,1,0,41,2461913.855789,2461913.841257
2028-05-23,2461914.515855,2461915.048717,2,28,1,4,7,1,0,41,2461914.861276,2461914.875160
2028-05-24,2461915.515778,2461916.048921,3,29,2,5,9,1,0,41,2461915.844593,2461915.887384
2028-05-25,2461916.515711,2461917.049127,4,0,3,6,0,2,0,41,2461916.808800,2461916.880945
2028-05-26,2461917.515654,2461918.049334,5,1,4,7,2,2,0,41,2461917.757304,2461917.859246
2028-05-27,2461918.515606,2461919.049542,6,2,5,8,4,2,0,41,2461918.693387,2461918.825568
2028-05-28,2461919.515568,2461920.049751,0,3,6,9,6,2,0,41,2461919.619905,2461919.782754
2028-05-29,2461920.515540,2461921.049960,1,4,7,11,1,2,0,41,2461920.539179,2461920.733094
2028-05-30,2461921.515521,2461922.050170,2,6,8,12,4,2,0,41,2461922.363006,2461921.678390
2028-05-31,2461922.515512,2461923.050380,3,7,9,13,6,2,0,41,2461923.270529,2461922.620171
2028-06-01,2461923.515513,2461924.050591,4,8,10,14,1,2,0,41,2461924.177272,2461923.559974
2028-06-02,2461924.515522,2461925.050800,5,9,12,15,3,2,0,41,2461925.085323,2461925.441506
2028-06-03,2461925.515541,2461926.051010,6,10,13,16,5,2,0,41,2461925.997331,2461926.388557
2028-06-04,2461926.515568,2461927.051218,0,11,14,17,1,2,0,41,2461926.916535,2461927.344360
2028-06-05,2461927.515605,2461928.051425,1,12,15,18,3,2,0,41,2461927.846686,2461928.312931
2028-06-06,2461928.515650,2461929.051631,2,13,16,20,5,2,0,41,2461928.791847,2461929.298440
2028-06-07,2461929.515703,2461930.051835,3,14,17,21,0,2,0,41,2461929.756074,2461930.304771
2028-06-08,2461930.515765,2461931.052037,4,15,18,22,2,2,0,41,2461930.742959,2461931.334959
2028-06-09,2461931.515835,2461932.052237,5,16,19,23,4,2,0,41,2461931.755043,2461932.390513
2028-06-10,2461932.515913,2461933.052434,6,17,20,24,6,2,0,41,2461932.793154,2461933.470783
2028-06-11,2461933.515999,2461934.052628,0,18,21,25,1,2,0,41,2461933.855801,2461934.572503
2028-06-12,2461934.516092,2461935.052819,1,19,21,26,3,2,0,41,2461934.938796,2461934.572503
2028-06-13,2461935.516192,2461936.053007,2,20,22,0,5,2,0,41,2461936.035304,2461935.689719
2028-06-14,2461936.516299,2461937.053191,3,21,23,1,6,2,0,41,2461937.136440,2461936.814228
2028-06-15,2461937.516414,2461938.053371,4,22,24,2,1,2,0,41,2461938.232396,2461937.936545
2028-06-16,2461938.516534,2461939.053547,5,23,25,3,3,2,0,41,2461939.313889,2461939.047259
2028-06-17,2461939.516661,2461940.053718,6,24,26,4,5,2,0,41,2461940.373495,2461940.138424
2028-06-18,2461940.516794,2461941.053884,0,25,0,5,0,2,0,41,2461941.406488,2461941.204572
2028-06-19,2461941.516933,2461942.054046,1,26,1,6,2,2,0,41,2461942.411006,2461942.243096
2028-06-20,2461942.517078,2461943.054201,2,27,2,7,4,2,0,41,2461943.387701,2461943.254048
2028-06-21,2461943.517228,2461944.054351,3,28,3,8,6,2,0,41,2461944.339127,2461944.239604
2028-06-22,2461944.517382,2461945.054495,4,29,4,9,8,2,0,41,2461945.269091,2461945.203404
2028-06-23,2461945.517542,2461946.054633,5,0,5,10,10,3,0,41,2461946.182091,2461946.149948
2028-06-24,2461946.517705,2461947.054764,6,1,6,11,1,3,0,41,2461947.082867,2461947.084087
2028-06-25,2461947.517873,2461948.054889,0,2,7,12,3,3,0,41,2461947.976071,2461948.010637
2028-06-26,2461948.518045,2461949.055006,1,3,8,13,6,3,0,41,2461948.866047,2461948.934109
2028-06-27,2461949.518220,2461950.055116,2,4,9,15,1,3,0,41,2461949.756693,2461949.858539
2028-06-28,2461950.518399,2461951.055219,3,5,10,16,3,3,0,41,2461950.651402,2461950.787416
2028-06-29,2461951.518581,2461952.055314,4,6,11,17,5,3,0,41,2461951.553075,2461951.723687
2028-06-30,2461952.518765,2461953.055401,5,8,12,18,1,3,0,41,2461953.386798,2461952.669825
2028-07-01,2461953.518951,2461954.055479,6,9,13,19,3,3,0,41,2461954.322802,2461953.627924
2028-07-02,2461954.519140,2461955.055550,0,10,14,20,5,3,0,41,2461955.273849,2461954.599799
2028-07-03,2461955.519331,2461956.055612,1,11,15,21,0,3,0,41,2461956.241489,2461955.587076
2028-07-04,2461956.519523,2461957.055665,2,12,16,22,2,3,0,41,2461957.227170,2461956.591250
2028-07-05,2461957.519716,2461958.055709,3,13,17,23,4,3,0,41,2461958.232171,2461957.613677
2028-07-06,2461958.519911,2461959.055744,4,14,18,24,6,3,0,41,2461959.257395,2461958.655457
2028-07-07,2461959.520106,2461960.055770,5,15,19,25,1,3,0,41,2461960.303029,2461959.717166
2028-07-08,2461960.520301,2461961.055786,6,16,20,26,3,3,0,41,2461961.368091,2461960.798451
2028-07-09,2461961.520497,2461962.055793,0,17,21,0,5,3,0,41,2461962.450028,2461961.897584
2028-07-10,2461962.520692,2461963.055790,1,18,22,1,0,3,0,41,2461963.544466,2461963.011129
2028-07-11,2461963.520887,2461964.055777,2,18,23,2,1,3,0,41,2461963.544466,2461964.133829
2028-07-12,2461964.521082,2461965.055755,3,19,24,3,3,3,0,41,2461964.645218,2461965.258772
2028-07-13,2461965.521276,2461966.055722,4,20,25,4,5,3,0,41,2461965.744606,2461966.377887
2028-07-14,2461966.521468,2461967.055680,5,21,26,5,0,3,0,41,2461966.834158,2461967.482832
2028-07-15,2461967.521660,2461968.055627,6,22,0,6,2,3,0,41,2461967.905670,2461968.566142
2028-07-16,2461968.521849,2461969.055564,0,23,0,7,4,3,0,41,2461968.952358,2461968.566142
2028-07-17,2461969.522037,2461970.055490,1,24,1,8,6,3,0,41,2461969.969720,2461969.622269
2028-07-18,2461970.522223,2461971.055406,2,25,2,9,1,3,0,41,2461970.955850,2461970.648182
2028-07-19,2461971.522407,2461972.055312,3,26,3,10,3,3,0,41,2461971.911285,2461971.643437
2028-07-20,2461972.522588,2461973.055207,4,27,4,11,5,3,0,41,2461972.838587,2461972.609878
2028-07-21,2461973.522767,2461974.055092,5,28,5,13,7,3,0,41,2461973.741840,2461973.551173
2028-07-22,2461974.522943,2461975.054967,6,29,7,14,9,3,0,41,2461974.626173,2461975.379140
2028-07-23,2461975.523116,2461976.054831,0,1,8,15,1,4,0,41,2461976.361372,2461976.277916
2028-07-24,2461976.523286,2461977.054684,1,2,9,16,3,4,0,41,2461977.224303,2461977.174988
2028-07-25,2461977.523453,2461978.054528,2,3,10,17,5,4,0,41,2461978.091927,2461978.076469
2028-07-26,2461978.523616,2461979.054360,3,4,11,18,0,4,0,41,2461978.969584,2461978.987973
2028-07-27,2461979.523776,2461980.054183,4,5,12,20,3,4,0,41,2461979.861949,2461979.914356
2028-07-28,2461980.523933,2461981.053995,5,6,13,21,5,4,0,41,2461980.772839,2461980.859483
2028-07-29,2461981.524085,2461982.053797,6,7,14,22,0,4,0,41,2461981.705032,2461981.826052
2028-07-30,2461982.524234,2461983.053589,0,8,15,23,2,4,0,41,2461982.660158,2461982.815490
2028-07-31,2461983.524379,2461984.053370,1,9,16,24,4,4,0,41,2461983.638687,2461983.827993
2028-08-01,2461984.524520,2461985.053142,2,10,17,25,6,4,0,41,2461984.640048,2461984.862698
2028-08-02,2461985.524656,2461986.052904,3,11,18,26,1,4,0,41,2461985.662873,2461985.917991
2028-08-03,2461986.524789,2461987.052656,4,12,19,0,3,4,0,41,2461986.705289,2461986.991827
2028-08-04,2461987.524917,2461988.052398,5,13,20,1,5,4,0,41,2461987.765148,2461988.081937
2028-08-05,2461988.525041,2461989.052131,6,14,21,2,0,4,0,41,2461988.840075,2461989.185833
2028-08-06,2461989.525160,2461990.051854,0,15,22,3,2,4,0,41,2461989.927351,2461990.300646
2028-08-07,2461990.525276,2461991.051568,1,16,23,4,4,4,0,41,2461991.023697,2461991.422901
2028-08-08,2461991.525387,2461992.051273,2,17,24,5,5,4,0,41,2461992.125062,2461992.548304
2028-08-09,2461992.525493,2461993.050968,3,18,24,6,0,4,0,41,2461993.226446,2461992.548304
2028-08-10,2461993.525595,2461994.050655,4,19,25,7,2,4,0,41,2461994.321848,2461993.671585
2028-08-11,2461994.525693,2461995.050333,5,20,26,8,4,4,0,41,2461995.404504,2461994.786511
2028-08-12,2461995.525786,2461996.050002,6,21,0,9,6,4,0,41,2461996.467550,2461995.886269
2028-08-13,2461996.525875,2461997.049663,0,22,1,10,1,4,0,41,2461997.504938,2461996.964251
2028-08-14,2461997.525960,2461998.049316,1,23,2,11,3,4,0,41,2461998.512277,2461998.014995
2028-08-15,2461998.526040,2461999.048961,2,24,3,12,5,4,0,41,2461999.487327,2461999.034934
2028-08-16,2461999.526116,2462000.048598,3,25,4,13,0,4,0,41,2462000.430130,2462000.022778
2028-08-17,2462000.526188,2462001.048227,4,26,5,14,2,4,0,41,2462001.342863,2462000.979572
2028-08-18,2462001.526255,2462002.047848,5,27,6,15,4,4,0,41,2462002.229516,2462001.908496
2028-08-19,2462002.526319,2462003.047463,6,28,7,16,6,4,0,41,2462003.095478,2462002.814495
2028-08-20,2462003.526379,2462004.047070,0,29,8,18,9,4,0,41,2462003.947102,2462003.703824
2028-08-21,2462004.526434,2462005.046670,1,0,9,19,0,5,0,41,2462004.791321,2462004.583585
2028-08-22,2462005.526486,2462006.046264,2,1,11,20,2,5,0,41,2462005.635332,2462006.344594
2028-08-23,2462006.526534,2462007.045851,3,3,12,21,5,5,0,41,2462007.351134,2462007.240736
2028-08-24,2462007.526579,2462008.045432,4,4,13,22,0,5,0,41,2462008.236041,2462008.156338
2028-08-25,2462008.526620,2462009.045007,5,5,14,24,2,5,0,41,2462009.146229,2462009.096834
2028-08-26,2462009.526657,2462010.044576,6,6,15,25,4,5,0,41,2462010.085399,2462010.066005
2028-08-27,2462010.526691,2462011.044139,0,7,16,26,6,5,0,41,2462011.055352,2462011.065566
2028-08-28,2462011.526722,2462012.043698,1,8,17,0,1,5,0,41,2462012.055769,2462012.094991
2028-08-29,2462012.526750,2462013.043251,2,9,18,1,3,5,0,41,2462013.084304,2462013.151680
2028-08-30,2462013.526775,2462014.042799,3,10,19,2,5,5,0,41,2462014.137001,2462014.231471
2028-08-31,2462014.526798,2462015.042343,4,11,20,3,0,5,0,41,2462015.208968,2462015.329375
2028-09-01,2462015.526817,2462016.041882,5,12,21,4,2,5,0,41,2462016.295093,2462016.440312
2028-09-02,2462016.526834,2462017.041417,6,13,22,5,4,5,0,41,2462017.390599,2462017.559633
2028-09-03,2462017.526849,2462018.040948,0,14,22,6,6,5,0,41,2462018.491309,2462017.559633
2028-09-04,2462018.526862,2462019.040475,1,15,23,7,1,5,0,41,2462019.593604,2462018.683326
2028-09-05,2462019.526872,2462020.040000,2,15,24,8,2,5,0,41,2462019.593604,2462019.807919
2028-09-06,2462020.526881,2462021.039521,3,16,25,9,4,5,0,41,2462020.694130,2462020.930140
2028-09-07,2462021.526888,2462022.039039,4,17,26,10,6,5,0,41,2462021.789380,2462022.046472
2028-09-08,2462022.526893,2462023.038554,5,18,0,11,1,5,0,41,2462022.875289,2462023.152773
2028-09-09,2462023.526897,2462024.038067,6,19,1,12,3,5,0,41,2462023.947104,2462024.244205
2028-09-10,2462024.526900,2462025.037578,0,20,2,13,5,5,0,41,2462024.999648,2462025.315587
2028-09-11,2462025.526902,2462026.037087,1,21,3,14,0,5,0,41,2462026.027936,2462026.362057
2028-09-12,2462026.526903,2462027.036595,2,22,4,15,1,5,0,41,2462027.027886,2462027.379810
2028-09-13,2462027.526904,2462028.036101,3,23,5,16,4,5,0,41,2462027.996949,2462028.366723
2028-09-14,2462028.526904,2462029.035606,4,24,6,17,6,5,0,41,2462028.934530,2462029.322784
2028-09-15,2462029.526904,2462030.035110,5,25,7,18,1,5,0,41,2462029.842156,2462030.250230
2028-09-16,2462030.526903,2462031.034614,6,26,8,19,3,5,0,41,2462030.723365,2462031.153386
2028-09-17,2462031.526903,2462032.034118,0,27,9,20,5,5,0,41,2462031.583375,2462032.038268
2028-09-18,2462032.526903,2462033.033621,1,29,10,21,8,5,0,41,2462033.266455,2462032.912095
2028-09-19,2462033.526904,2462034.033125,2,0,11,23,10,6,0,41,2462034.104536,2462033.782820
2028-09-20,2462034.526906,2462035.032630,3,1,12,24,2,6,0,41,2462034.950780,2462034.658720
2028-09-21,2462035.526908,2462036.032135,4,2,13,25,4,6,0,41,2462035.812920,2462035.548001
2028-09-22,2462036.526911,2462037.031641,5,3,15,26,6,6,0,41,2462036.698132,2462037.396315
2028-09-23,2462037.526916,2462038.031149,6,4,16,0,1,6,0,41,2462037.612511,2462038.366701
2028-09-24,2462038.526923,2462039.030658,0,5,17,1,3,6,0,41,2462038.560406,2462039.371804
2028-09-25,2462039.526931,2462040.030170,1,6,18,3,5,6,0,41,2462039.543780,2462040.411019
2028-09-26,2462040.526941,2462041.029683,2,7,19,4,0,6,0,41,2462040.561774,2462041.480854
2028-09-27,2462041.526953,2462042.029199,3,8,20,5,2,6,0,41,2462041.610718,2462042.575477
2028-09-28,2462042.526967,2462043.028718,4,9,20,6,4,6,0,41,2462042.684635,2462042.575477
2028-09-29,2462043.526984,2462044.028240,5,10,21,7,6,6,0,41,2462043.776195,2462043.687682
2028-09-30,2462044.527004,2462045.027765,6,11,22,7,1,6,0,41,2462044.877863,2462044.810048
2028-10-01,2462045.527026,2462046.027293,0,12,23,8,3,6,0,41,2462045.982939,2462045.935967
2028-10-02,2462046.527052,2462047.026826,1,13,24,9,4,6,0,41,2462047.086180,2462047.060267
2028-10-03,2462047.527081,2462048.026362,2,14,25,10,6,6,0,41,2462048.183884,2462048.179306
2028-10-04,2462048.527113,2462049.025903,3,15,26,11,1,6,0,41,2462049.273511,2462049.290591
2028-10-05,2462049.527150,2462050.025449,4,16,0,12,3,6,0,41,2462050.353077,2462050.392167
2028-10-06,2462050.527190,2462051.025000,5,17,1,13,5,6,0,41,2462051.420532,2462051.481998
2028-10-07,2462051.527234,2462052.024555,6,18,2,14,0,6,0,41,2462052.473361,2462052.557552
2028-10-08,2462052.527282,2462053.024117,0,19,2,15,2,6,0,41,2462053.508505,2462052.557552
2028-10-09,2462053.527335,2462054.023684,1,20,3,16,4,6,0,41,2462054.522618,2462053.615733
2028-10-10,2462054.527392,2462055.023257,2,21,4,17,6,6,0,41,2462055.512566,2462054.653144
2028-10-11,2462055.527454,2462056.022836,3,22,5,18,1,6,0,41,2462056.476039,2462055.666619
2028-10-12,2462056.527521,2462057.022422,4,23,6,19,3,6,0,41,2462057.412123,2462056.653871
2028-10-13,2462057.527594,2462058.022014,5,24,7,21,5,6,0,41,2462058.321699,2462057.614109
2028-10-14,2462058.527671,2462059.021614,6,25,8,22,0,6,0,41,2462059.207554,2462058.548472
2028-10-15,2462059.527754,2462060.021221,0,26,10,23,2,6,0,41,2462060.074213,2462060.354136
2028-10-16,2462060.527842,2462061.020836,1,27,11,24,5,6,0,41,2462060.927588,2462061.236926
2028-10-17,2462061.527937,2462062.020458,2,28,12,25,7,6,0,41,2462061.774583,2462062.115975
2028-10-18,2462062.528037,2462063.020089,3,29,13,0,9,6,0,41,2462062.622727,2462062.999309
2028-10-19,2462063.528143,2462064.019728,4,1,14,1,1,7,0,41,2462064.353684,2462063.895096
2028-10-20,2462064.528255,2462065.019376,5,2,15,2,3,7,0,41,2462065.251526,2462064.811163
2028-10-21,2462065.528374,2462066.019032,6,3,16,3,5,7,0,41,2462066.179544,2462065.754401
2028-10-22,2462066.528499,2462067.018697,0,4,17,4,0,7,0,41,2462067.142094,2462066.730026
2028-10-23,2462067.528630,2462068.018372,1,5,18,5,2,7,0,41,2462068.140963,2462067.740792
2028-10-24,2462068.528769,2462069.018057,2,6,19,6,4,7,0,41,2462069.174823,2462068.786388
2028-10-25,2462069.528913,2462070.017751,3,7,20,7,6,7,0,41,2462070.239143,2462069.863251
2028-10-26,2462070.529065,2462071.017455,4,8,21,8,1,7,0,41,2462071.326676,2462070.964951
2028-10-27,2462071.529224,2462072.017169,5,9,22,9,3,7,0,41,2462072.428523,2462072.083127
2028-10-28,2462072.529389,2462073.016894,6,10,23,10,5,7,0,41,2462073.535554,2462073.208824
2028-10-29,2462073.529562,2462074.016630,0,10,24,11,6,7,0,41,2462073.535554,2462074.333883
2028-10-30,2462074.529741,2462075.016376,1,11,25,12,1,7,0,41,2462074.639787,2462075.451948
2028-10-31,2462075.529928,2462076.016133,2,12,26,13,3,7,0,41,2462075.735273,2462076.558838
2028-11-01,2462076.530122,2462077.015902,3,13,26,14,5,7,0,41,2462076.818287,2462076.558838
2028-11-02,2462077.530323,2462078.015682,4,14,0,15,0,7,0,41,2462077.886960,2462077.652307
2028-11-03,2462078.530531,2462079.015473,5,15,1,16,2,7,0,41,2462078.940627,2462078.731448
2028-11-04,2462079.530747,2462080.015277,6,16,2,17,4,7,0,41,2462079.979132,2462079.796007
2028-11-05,2462080.530970,2462081.015092,0,17,3,18,6,7,0,41,2462081.002265,2462080.845768
2028-11-06,2462081.531200,2462082.014919,1,18,4,19,1,7,0,41,2462082.009429,2462081.880164
2028-11-07,2462082.531437,2462083.014759,2,19,5,20,3,7,0,41,2462082.999584,2462082.898161
2028-11-08,2462083.531682,2462084.014611,3,20,6,21,5,7,0,41,2462083.971467,2462083.898443
2028-11-09,2462084.531933,2462085.014475,4,21,7,22,0,7,0,41,2462084.924000,2462084.879819
2028-11-10,2462085.532192,2462086.014353,5,22,8,23,2,7,0,41,2462085.856781,2462085.841747
2028-11-11,2462086.532457,2462087.014242,6,23,9,25,4,7,0,41,2462086.770503,2462086.784809
2028-11-12,2462087.532730,2462088.014145,0,24,10,26,6,7,0,41,2462087.667209,2462087.711019
2028-11-13,2462088.533009,2462089.014060,1,25,11,0,1,7,0,41,2462088.550333,2462088.623895
2028-11-14,2462089.533295,2462090.013989,2,27,13,1,4,7,0,41,2462090.295591,2462090.430249
2028-11-15,2462090.533588,2462091.013931,3,28,14,2,6,7,0,41,2462091.169831,2462091.336394
2028-11-16,2462091.533887,2462092.013885,4,29,15,3,8,7,0,41,2462092.054087,2462092.253791
2028-11-17,2462092.534192,2462093.013853,5,0,16,5,0,8,0,41,2462092.955189,2462093.189354
2028-11-18,2462093.534503,2462094.013834,6,1,17,6,2,8,0,41,2462093.879532,2462094.149312
2028-11-19,2462094.534821,2462095.013828,0,2,18,7,4,8,0,41,2462094.832482,2462095.138523
2028-11-20,2462095.535144,2462096.013836,1,3,19,8,6,8,0,41,2462095.817687,2462096.159751
2028-11-21,2462096.535472,2462097.013856,2,4,20,9,1,8,0,41,2462096.836356,2462097.213019
2028-11-22,2462097.535806,2462098.013890,3,5,21,10,3,8,0,41,2462097.886709,2462098.295248
2028-11-23,2462098.536146,2462099.013937,4,6,22,11,5,8,0,41,2462098.963799,2462099.400364
2028-11-24,2462099.536490,2462100.013997,5,7,23,12,0,8,0,41,2462100.059882,2462100.519970
2028-11-25,2462100.536838,2462101.014070,6,8,24,13,1,8,0,41,2462101.165428,2462101.644562
2028-11-26,2462101.537191,2462102.014156,0,9,24,14,3,8,0,41,2462102.270587,2462101.644562
2028-11-27,2462102.537549,2462103.014254,1,10,25,15,5,8,0,41,2462103.366701,2462102.765007
2028-11-28,2462103.537910,2462104.014366,2,11,26,16,0,8,0,41,2462104.447353,2462103.873829
2028-11-29,2462104.538274,2462105.014490,3,12,0,17,2,8,0,41,2462105.508720,2462104.965932
2028-11-30,2462105.538642,2462106.014627,4,13,1,18,4,8,0,41,2462106.549332,2462106.038671
2028-12-01,2462106.539013,2462107.014776,5,13,2,19,5,8,0,41,2462106.549332,2462107.091462
2028-12-02,2462107.539386,2462108.014937,6,14,3,20,0,8,0,41,2462107.569503,2462108.125162
2028-12-03,2462108.539761,2462109.015110,0,15,4,21,2,8,0,41,2462108.570650,2462109.141421
2028-12-04,2462109.540138,2462110.015295,1,16,5,22,4,8,0,41,2462109.554685,2462110.142136
2028-12-05,2462110.540517,2462111.015491,2,18,6,23,0,8,0,41,2462111.478943,2462111.129070
2028-12-06,2462111.540897,2462112.015699,3,19,7,24,2,8,0,41,2462112.422247,2462112.103689
2028-12-07,2462112.541278,2462113.015918,4,20,8,25,4,8,0,41,2462113.354624,2462113.067192
2028-12-08,2462113.541659,2462114.016148,5,21,9,26,6,8,0,41,2462114.277218,2462114.020691
2028-12-09,2462114.542040,2462115.016389,6,22,10,1,1,8,0,41,2462115.191399,2462114.965464
2028-12-10,2462115.542421,2462116.016639,0,23,11,2,3,8,0,41,2462116.098994,2462115.903218
2028-12-11,2462116.542801,2462117.016900,1,24,12,3,5,8,0,41,2462117.002444,2462116.836276
2028-12-12,2462117.543180,2462118.017171,2,25,13,4,1,8,0,41,2462117.904875,2462117.767691
2028-12-13,2462118.543557,2462119.017451,3,26,14,5,3,8,0,41,2462118.810086,2462118.701229
2028-12-14,2462119.543932,2462120.017741,4,27,15,6,5,8,0,41,2462119.722438,2462119.641267
2028-12-15,2462120.544305,2462121.018039,5,28,16,7,7,8,0,41,2462120.646667,2462120.592579
2028-12-16,2462121.544674,2462122.018345,6,29,17,9,9,8,0,41,2462121.587607,2462121.560024
2028-12-17,2462122.545041,2462123.018660,0,0,18,10,0,9,0,41,2462122.549805,2462122.548123
2028-12-18,2462123.545404,2462124.018982,1,2,19,11,3,9,0,41,2462124.551654,2462123.560536
2028-12-19,2462124.545763,2462125.019312,2,2,20,12,4,9,0,41,2462124.551654,2462124.599458
2028-12-20,2462125.546117,2462126.019648,3,3,21,13,6,9,0,41,2462125.594086,2462125.665021
2028-12-21,2462126.546467,2462127.019991,4,4,22,14,1,9,0,41,2462126.662185,2462126.754827
2028-12-22,2462127.546811,2462128.020341,5,5,23,15,3,9,0,41,2462127.751014,2462127.863772
2028-12-23,2462128.547150,2462129.020696,6,6,24,16,5,9,0,41,2462128.853031,2462128.984328
2028-12-24,2462129.547482,2462130.021056,0,7,25,17,0,9,0,41,2462129.958874,2462130.107381
2028-12-25,2462130.547808,2462131.021422,1,8,26,18,2,9,0,41,2462131.058673,2462131.223513
2028-12-26,2462131.548127,2462132.021792,2,9,0,19,3,9,0,41,2462132.143533,2462132.324390
2028-12-27,2462132.548439,2462133.022166,3,10,1,20,5,9,0,41,2462133.206721,2462133.403827
2028-12-28,2462133.548743,2462134.022544,4,11,2,21,0,9,0,41,2462134.244228,2462134.458279
2028-12-29,2462134.549039,2462135.022926,5,12,3,22,2,9,0,41,2462135.254740,2462135.486778
2028-12-30,2462135.549327,2462136.023310,6,13,4,23,4,9,0,41,2462136.239196,2462136.490507
2028-12-31,2462136.549607,2462137.023697,0,14,5,24,6,9,0,41,2462137.200195,2462137.472232
2029-01-01,2462137.549877,2462138.024085,1,15,6,25,1,9,0,41,2462138.141396,2462138.435718
2029-01-02,2462138.550138,2462139.024476,2,16,7,26,3,9,0,41,2462139.067000,2462139.385221
2029-01-03,2462139.550390,2462140.024868,3,17,8,0,6,9,0,41,2462139.981351,2462140.325088
2029-01-04,2462140.550632,2462141.025260,4,18,9,1,1,9,0,41,2462140.888640,2462141.259461
2029-01-05,2462141.550863,2462142.025653,5,19,10,2,3,9,0,41,2462141.792718,2462142.192088
2029-01-06,2462142.551084,2462143.026047,6,20,11,4,5,9,0,41,2462142.696985,2462143.126231
2029-01-07,2462143.551295,2462144.026439,0,21,12,5,0,9,0,41,2462143.604363,2462144.064652
2029-01-08,2462144.551494,2462145.026832,1,23,13,6,3,9,0,41,2462145.437992,2462145.009672
2029-01-09,2462145.551683,2462146.027223,2,24,14,7,5,9,0,41,2462146.368217,2462145.963274
2029-01-10,2462146.551860,2462147.027613,3,25,15,8,0,9,0,41,2462147.309751,2462146.927245
2029-01-11,2462147.552025,2462148.028001,4,26,16,9,2,9,0,41,2462148.264346,2462147.903311
2029-01-12,2462148.552179,2462149.028386,5,27,17,10,4,9,0,41,2462149.233848,2462148.893246
2029-01-13,2462149.552321,2462150.028770,6,28,18,11,6,9,0,41,2462150.220188,2462149.898908
2029-01-14,2462150.552451,2462151.029151,0,29,19,12,8,9,0,41,2462151.225260,2462150.922151
2029-01-15,2462151.552568,2462152.029528,1,0,20,13,10,10,0,41,2462152.250628,2462151.964585
2029-01-16,2462152.552674,2462153.029902,2,1,21,14,1,10,0,41,2462153.297094,2462153.027171
2029-01-17,2462153.552767,2462154.030273,3,2,22,15,3,10,0,41,2462154.364167,2462154.109721
2029-01-18,2462154.552847,2462155.030640,4,3,23,16,5,10,0,41,2462155.449527,2462155.210374
2029-01-19,2462155.552915,2462156.031002,5,4,24,17,0,10,0,41,2462156.548642,2462156.325202
2029-01-20,2462156.552970,2462157.031360,6,5,25,18,2,10,0,41,2462157.654708,2462157.448077
2029-01-21,2462157.553012,2462158.031713,0,5,26,19,3,10,0,41,2462157.654708,2462158.571008
2029-01-22,2462158.553042,2462159.032061,1,6,26,20,5,10,0,41,2462158.759101,2462158.571008
2029-01-23,2462159.553059,2462160.032404,2,7,0,21,0,10,0,41,2462159.852425,2462159.685020
2029-01-24,2462160.553063,2462161.032742,3,8,1,22,2,10,0,41,2462160.925904,2462160.781440
2029-01-25,2462161.553054,2462162.033074,4,9,2,23,4,10,0,41,2462161.972659,2462161.853174
2029-01-26,2462162.553033,2462163.033401,5,10,3,24,6,10,0,41,2462162.988488,2462162.895593
2029-01-27,2462163.552999,2462164.033721,6,11,4,25,1,10,0,41,2462163.972066,2462163.906871
2029-01-28,2462164.552952,2462165.034036,0,12,5,26,3,10,0,41,2462164.924694,2462164.887873
2029-01-29,2462165.552892,2462166.034344,1,13,6,1,5,10,0,41,2462165.849800,2462165.841736
2029-01-30,2462166.552820,2462167.034646,2,14,7,2,0,10,0,41,2462166.752347,2462166.773304
2029-01-31,2462167.552735,2462168.034942,3,15,8,3,2,10,0,41,2462167.638252,2462167.688530
2029-02-01,2462168.552638,2462169.035231,4,17,9,4,5,10,0,41,2462169.385705,2462168.593924
2029-02-02,2462169.552529,2462170.035513,5,18,11,5,0,10,0,41,2462170.259863,2462170.401361
2029-02-03,2462170.552407,2462171.035789,6,19,12,6,2,10,0,41,2462171.141994,2462171.315407
2029-02-04,2462171.552273,2462172.036058,0,20,13,8,4,10,0,41,2462172.036925,2462172.242990
2029-02-05,2462172.552128,2462173.036321,1,21,14,9,0,10,0,41,2462172.948450,2462173.187688
2029-02-06,2462173.551970,2462174.036576,2,22,15,10,2,10,0,41,2462173.879162,2462174.151750
2029-02-07,2462174.551801,2462175.036825,3,23,16,11,4,10,0,41,2462174.830399,2462175.136101
2029-02-08,2462175.551620,2462176.037067,4,24,17,12,6,10,0,41,2462175.802351,2462176.140535
2029-02-09,2462176.551428,2462177.037302,5,25,18,13,1,10,0,41,2462176.794328,2462177.164069
2029-02-10,2462177.551224,2462178.037530,6,26,19,14,3,10,0,41,2462177.805145,2462178.205370
2029-02-11,2462178.551010,2462179.037751,0,27,20,15,5,10,0,41,2462178.833511,2462179.263138
2029-02-12,2462179.550784,2462180.037965,1,28,21,16,7,10,0,41,2462179.878289,2462180.336285
2029-02-13,2462180.550548,2462181.038173,2,29,22,17,9,10,0,41,2462180.938538,2462181.423873
2029-02-14,2462181.550302,2462182.038374,3,0,23,18,0,11,0,41,2462182.013301,2462182.524797
2029-02-15,2462182.550045,2462183.038568,4,1,24,19,1,11,0,41,2462183.101179,2462183.637296
2029-02-16,2462183.549778,2462184.038755,5,2,24,20,3,11,0,41,2462184.199795,2462183.637296
2029-02-17,2462184.549502,2462185.038936,6,3,25,21,5,11,0,41,2462185.305250,2462184.758409
2029-02-18,2462185.549216,2462186.039111,0,4,26,22,0,11,0,41,2462186.411790,2462185.883506
2029-02-19,2462186.548920,2462187.039279,1,5,0,23,2,11,0,41,2462187.511937,2462187.006153
2029-02-20,2462187.548615,2462188.039441,2,6,1,24,4,11,0,41,2462188.597247,2462188.118527
2029-02-21,2462188.548301,2462189.039597,3,6,2,25,5,11,0,41,2462188.597247,2462189.212396
2029-02-22,2462189.547979,2462190.039747,4,7,3,26,0,11,0,41,2462189.659527,2462190.280373
2029-02-23,2462190.547648,2462191.039891,5,8,4,0,2,11,0,41,2462190.692093,2462191.317017
2029-02-24,2462191.547309,2462192.040029,6,9,5,1,4,11,0,41,2462191.690686,2462192.319553
2029-02-25,2462192.546962,2462193.040161,0,10,6,2,6,11,0,41,2462192.653914,2462193.288138
2029-02-26,2462193.546607,2462194.040288,1,11,7,3,1,11,0,41,2462193.583233,2462194.225685
2029-02-27,2462194.546245,2462195.040409,2,13,8,4,4,11,0,41,2462195.357579,2462195.137348
2029-02-28,2462195.545875,2462196.040525,3,14,9,6,6,11,0,41,2462196.215252,2462196.029859
2029-03-01,2462196.545499,2462197.040636,4,15,10,7,1,11,0,41,2462197.063107,2462196.910870
2029-03-02,2462197.545116,2462198.040743,5,16,11,8,4,11,0,41,2462197.908884,2462197.788419
2029-03-03,2462198.544726,2462199.040844,6,17,12,9,6,11,0,41,2462198.760191,2462198.670478
2029-03-04,2462199.544331,2462200.040941,0,18,13,10,1,11,0,41,2462199.624181,2462199.564561
2029-03-05,2462200.543929,2462201.041033,1,20,15,12,4,11,0,41,2462201.414374,2462201.413897
2029-03-06,2462201.543522,2462202.041121,2,21,16,13,6,11,0,41,2462202.349164,2462202.377829
2029-03-07,2462202.543110,2462203.041205,3,22,17,14,1,11,0,41,2462203.313065,2462203.370382
2029-03-08,2462203.542692,2462204.041285,4,23,18,15,3,11,0,41,2462204.305522,2462204.390728
2029-03-09,2462204.542270,2462205.041362,5,24,19,16,5,11,0,41,2462205.324200,2462205.436269
2029-03-10,2462205.541843,2462206.041435,6,25,20,17,0,11,0,41,2462206.365543,2462206.503284
2029-03-11,2462206.541412,2462207.041504,0,26,21,18,2,11,0,41,2462207.425468,2462207.587661
2029-03-12,2462207.540977,2462208.041571,1,27,21,19,4,11,0,41,2462208.500022,2462207.587661
2029-03-13,2462208.540539,2462209.041634,2,28,22,20,6,11,0,41,2462209.585813,2462208.685544
2029-03-14,2462209.540097,2462210.041695,3,28,23,21,7,11,0,41,2462209.585813,2462209.793705
2029-03-15,2462210.539651,2462211.041753,4,29,24,22,9,11,0,41,2462210.680097,2462210.909562
2029-03-16,2462211.539203,2462212.041808,5,0,25,23,0,0,1,42,2462211.780522,2462212.030845
2029-03-17,2462212.538753,2462213.041862,6,1,26,24,2,0,1,42,2462212.884590,2462213.155024
2029-03-18,2462213.538300,2462214.041913,0,2,0,25,4,0,1,42,2462213.989016,2462214.278661
2029-03-19,2462214.537845,2462215.041963,1,3,1,26,5,0,1,42,2462215.089221,2462215.396975
2029-03-20,2462215.537388,2462216.042011,2,4,2,0,0,0,1,42,2462216.179232,2462216.503850
2029-03-21,2462216.536930,2462217.042058,3,5,3,1,2,0,1,42,2462217.252144,2462217.592407
2029-03-22,2462217.536470,2462218.042103,4,6,3,2,4,0,1,42,2462218.301029,2462217.592407
2029-03-23,2462218.536010,2462219.042148,5,7,4,3,6,0,1,42,2462219.320003,2462218.655960
2029-03-24,2462219.535549,2462220.042191,6,8,5,4,1,0,1,42,2462220.305151,2462219.689072
2029-03-25,2462220.535087,2462221.042234,0,9,6,5,3,0,1,42,2462221.255138,2462220.688460
2029-03-26,2462221.534626,2462222.042277,1,10,7,6,5,0,1,42,2462222.171374,2462221.653565
2029-03-27,2462222.534165,2462223.042319,2,11,8,7,0,0,1,42,2462223.057747,2462222.586650
2029-03-28,2462223.533704,2462224.042362,3,12,10,8,3,0,1,42,2462223.920058,2462224.377572
2029-03-29,2462224.533243,2462225.042404,4,13,11,10,5,0,1,42,2462224.765382,2462225.249770
2029-03-30,2462225.532784,2462226.042447,5,14,12,11,0,0,1,42,2462225.601513,2462226.117425
2029-03-31,2462226.532326,2462227.042490,6,16,13,12,3,0,1,42,2462227.278553,2462226.989062
2029-04-01,2462227.531870,2462228.042534,0,17,14,13,5,0,1,42,2462228.135280,2462227.872959
2029-04-02,2462228.531415,2462229.042579,1,18,15,14,0,0,1,42,2462229.013768,2462228.776703
2029-04-03,2462229.530962,2462230.042625,2,19,16,16,3,0,1,42,2462229.919880,2462229.706669
2029-04-04,2462230.530512,2462231.042672,3,20,17,17,5,0,1,42,2462230.857738,2462230.667419
2029-04-05,2462231.530064,2462232.042720,4,21,18,18,0,0,1,42,2462231.829228,2462231.661172
2029-04-06,2462232.529619,2462233.042770,5,22,19,19,2,0,1,42,2462232.833733,2462232.687530
2029-04-07,2462233.529177,2462234.042822,6,23,20,20,4,0,1,42,2462233.868250,2462233.743620
2029-04-08,2462234.528739,2462235.042876,0,24,21,21,6,0,1,42,2462234.927892,2462234.824633
2029-04-09,2462235.528304,2462236.042931,1,25,22,22,1,0,1,42,2462236.006691,2462235.924664
2029-04-10,2462236.527873,2462237.042989,2,26,23,23,2,0,1,42,2462237.098527,2462237.037650
2029-04-11,2462237.527446,2462238.043049,3,27,24,24,4,0,1,42,2462238.197926,2462238.158178
2029-04-12,2462238.527023,2462239.043112,4,28,25,25,6,0,1,42,2462239.300491,2462239.281916
2029-04-13,2462239.526605,2462240.043177,5,29,26,26,8,0,1,42,2462240.402842,2462240.405556
2029-04-14,2462240.526191,2462241.043245,6,0,0,0,10,0,0,42,2462241.502177,2462241.526371
2029-04-15,2462241.525783,2462242.043316,0,1,0,1,1,0,0,42,2462242.595672,2462241.526371
2029-04-16,2462242.525380,2462243.043390,1,1,1,2,2,0,0,42,2462242.595672,2462242.641603
2029-04-17,2462243.524982,2462244.043467,2,2,2,3,4,0,0,42,2462243.679971,2462243.747941
2029-04-18,2462244.524590,2462245.043547,3,3,3,4,6,0,0,42,2462244.750939,2462244.841273
2029-04-19,2462245.524204,2462246.043630,4,4,4,5,1,0,0,42,2462245.803814,2462245.916835
2029-04-20,2462246.523825,2462247.043717,5,5,5,6,3,0,0,42,2462246.833716,2462246.969729
2029-04-21,2462247.523451,2462248.043807,6,6,6,7,5,0,0,42,2462247.836377,2462247.995688
2029-04-22,2462248.523085,2462249.043901,0,7,7,8,0,0,0,42,2462248.808899,2462248.991868
2029-04-23,2462249.522725,2462250.043998,1,8,8,9,2,0,0,42,2462249.750336,2462249.957477
2029-04-24,2462250.522372,2462251.044100,2,9,9,10,4,0,0,42,2462250.661957,2462250.894067
2029-04-25,2462251.522026,2462252.044205,3,10,10,11,6,0,0,42,2462251.547145,2462251.805426
2029-04-26,2462252.521687,2462253.044314,4,12,11,12,2,0,0,42,2462253.259973,2462252.697177
2029-04-27,2462253.521357,2462254.044426,5,13,12,13,4,0,0,42,2462254.101167,2462253.576242
2029-04-28,2462254.521034,2462255.044543,6,14,14,15,6,0,0,42,2462254.942191,2462255.327522
2029-04-29,2462255.520718,2462256.044664,0,15,15,16,2,0,0,42,2462255.790727,2462256.215815
2029-04-30,2462256.520411,2462257.044788,1,16,16,17,4,0,0,42,2462256.654245,2462257.122763
2029-05-01,2462257.520113,2462258.044917,2,17,17,18,6,0,0,42,2462257.539638,2462258.054951
2029-05-02,2462258.519822,2462259.045049,3,19,18,19,2,0,0,42,2462259.397861,2462259.017421
2029-05-03,2462259.519541,2462260.045186,4,20,19,20,4,0,0,42,2462260.377087,2462260.013097
2029-05-04,2462260.519268,2462261.045326,5,21,20,21,6,0,0,42,2462261.390058,2462261.042350
2029-05-05,2462261.519004,2462262.045471,6,22,21,22,1,0,0,42,2462262.433785,2462262.102854
2029-05-06,2462262.518748,2462263.045619,0,23,22,23,3,0,0,42,2462263.502947,2462263.189831
2029-05-07,2462263.518502,2462264.045772,1,24,23,24,5,0,0,42,2462264.590594,2462264.296691
2029-05-08,2462264.518266,2462265.045928,2,24,24,25,6,0,0,42,2462264.590594,2462265.416026
2029-05-09,2462265.518038,2462266.046088,3,25,25,26,1,0,0,42,2462265.689184,2462266.540712
2029-05-10,2462266.517820,2462267.046252,4,26,25,0,3,0,0,42,2462266.791658,2462266.540712
2029-05-11,2462267.517612,2462268.046419,5,27,26,1,5,0,0,42,2462267.892173,2462267.664722
2029-05-12,2462268.517413,2462269.046590,6,28,0,2,7,0,0,42,2462268.986299,2462268.783434
2029-05-13,2462269.517224,2462270.046764,0,29,1,3,8,0,0,42,2462270.070804,2462269.893470
2029-05-14,2462270.517045,2462271.046942,1,0,2,4,10,1,0,42,2462271.143244,2462270.992299
2029-05-15,2462271.516875,2462272.047123,2,1,3,5,1,1,0,42,2462272.201536,2462272.077803
2029-05-16,2462272.516716,2462273.047307,3,2,4,6,3,1,0,42,2462273.243624,2462273.147903
2029-05-17,2462273.516566,2462274.047494,4,3,5,7,5,1,0,42,2462274.267335,2462274.200388
2029-05-18,2462274.516427,2462275.047684,5,4,6,8,0,1,0,42,2462275.270481,2462275.232977
2029-05-19,2462275.516297,2462276.047876,6,5,7,9,2,1,0,42,2462276.251178,2462276.243646
2029-05-20,2462276.516178,2462277.048072,0,6,8,10,4,1,0,42,2462277.208266,2462277.231076
2029-05-21,2462277.516068,2462278.048269,1,7,9,11,6,1,0,42,2462278.141696,2462278.195102
2029-05-22,2462278.515969,2462279.048469,2,8,10,13,1,1,0,42,2462279.052769,2462279.136993
2029-05-23,2462279.515879,2462280.048671,3,9,11,14,4,1,0,42,2462279.944178,2462280.059539
2029-05-24,2462280.515799,2462281.048874,4,10,12,15,6,1,0,42,2462280.819890,2462280.966932
2029-05-25,2462281.515730,2462282.049079,5,11,13,16,1,1,0,42,2462281.684920,2462281.864516
2029-05-26,2462282.515670,2462283.049286,6,12,14,17,3,1,0,42,2462282.545060,2462282.758474
2029-05-27,2462283.515620,2462284.049494,0,14,15,18,6,1,0,42,2462284.276067,2462283.655495
2029-05-28,2462284.515580,2462285.049702,1,15,16,20,1,1,0,42,2462285.159917,2462284.562425
2029-05-29,2462285.515550,2462286.049912,2,16,18,21,3,1,0,42,2462286.064206,2462286.431874
2029-05-30,2462286.515529,2462287.050122,3,17,19,22,5,1,0,42,2462286.994167,2462287.405182
2029-05-31,2462287.515517,2462288.050332,4,18,20,23,1,1,0,42,2462287.953732,2462288.408948
2029-06-01,2462288.515515,2462289.050542,5,19,21,24,3,1,0,42,2462288.945020,2462289.444121
2029-06-02,2462289.515523,2462290.050752,6,20,22,25,5,1,0,42,2462289.967872,2462290.509113
2029-06-03,2462290.515539,2462291.050961,0,21,23,26,0,1,0,42,2462291.019559,2462291.599709
2029-06-04,2462291.515564,2462292.051170,1,22,23,0,1,1,0,42,2462292.094795,2462291.599709
2029-06-05,2462292.515599,2462293.051377,2,23,24,1,3,1,0,42,2462293.186243,2462292.709394
2029-06-06,2462293.515642,2462294.051583,3,24,25,2,5,1,0,42,2462294.285517,2462293.830182
2029-06-07,2462294.515693,2462295.051788,4,25,26,3,0,1,0,42,2462295.384388,2462294.953784
2029-06-08,2462295.515753,2462296.051990,5,26,0,4,2,1,0,42,2462296.475787,2462296.072724
2029-06-09,2462296.515821,2462297.052191,6,27,1,5,4,1,0,42,2462297.554330,2462297.181040
2029-06-10,2462297.515897,2462298.052389,0,27,2,6,5,1,0,42,2462297.554330,2462298.274528
2029-06-11,2462298.515981,2462299.052584,1,28,3,7,7,1,0,42,2462298.616422,2462299.350650
2029-06-12,2462299.516072,2462300.052776,2,29,4,8,9,1,0,42,2462299.660063,2462300.408237
2029-06-13,2462300.516171,2462301.052964,3,0,5,9,0,2,0,42,2462300.684503,2462301.447097
2029-06-14,2462301.516276,2462302.053149,4,1,6,10,2,2,0,42,2462301.689832,2462302.467618
2029-06-15,2462302.516389,2462303.053330,5,2,7,11,4,2,0,42,2462302.676607,2462303.470480
2029-06-16,2462303.516508,2462304.053507,6,3,8,12,6,2,0,42,2462303.645616,2462304.456529
2029-06-17,2462304.516634,2462305.053679,0,4,9,13,1,2,0,42,2462304.597785,2462305.426799
2029-06-18,2462305.516765,2462306.053847,1,5,10,14,3,2,0,42,2462305.534224,2462306.382624
2029-06-19,2462306.516903,2462307.054009,2,7,11,15,6,2,0,42,2462307.365887,2462307.325772
2029-06-20,2462307.517046,2462308.054166,3,8,12,17,1,2,0,42,2462308.265196,2462308.258550
2029-06-21,2462308.517194,2462309.054318,4,9,13,18,3,2,0,42,2462309.157089,2462309.183871
2029-06-22,2462309.517348,2462310.054463,5,10,14,19,5,2,0,42,2462310.044958,2462310.105273
2029-06-23,2462310.517506,2462311.054602,6,11,15,20,1,2,0,42,2462310.932725,2462311.026870
2029-06-24,2462311.517669,2462312.054735,0,12,16,21,3,2,0,42,2462311.824761,2462311.953257
2029-06-25,2462312.517836,2462313.054861,1,13,17,22,5,2,0,42,2462312.725752,2462312.889330
2029-06-26,2462313.518007,2462314.054980,2,14,18,23,0,2,0,42,2462313.640509,2462313.840050
2029-06-27,2462314.518181,2462315.055092,3,15,19,25,2,2,0,42,2462314.573703,2462314.810111
2029-06-28,2462315.518359,2462316.055197,4,16,20,26,4,2,0,42,2462315.529520,2462315.803534
2029-06-29,2462316.518540,2462317.055293,5,18,21,0,0,2,0,42,2462317.520669,2462316.823175
2029-06-30,2462317.518723,2462318.055382,6,18,22,1,1,2,0,42,2462317.520669,2462317.870200
2029-07-01,2462318.518910,2462319.055463,0,19,23,2,3,2,0,42,2462318.557730,2462318.943573
2029-07-02,2462319.519098,2462320.055535,1,20,24,3,5,2,0,42,2462319.619877,2462320.039714
2029-07-03,2462320.519288,2462321.055599,2,21,25,4,0,2,0,42,2462320.701971,2462321.152514
2029-07-04,2462321.519480,2462322.055655,3,22,26,5,2,2,0,42,2462321.796555,2462322.273890
2029-07-05,2462322.519673,2462323.055701,4,23,0,6,4,2,0,42,2462322.894725,2462323.394851
2029-07-06,2462323.519867,2462324.055738,5,24,1,7,6,2,0,42,2462323.987379,2462324.506782
2029-07-07,2462324.520062,2462325.055766,6,25,2,8,0,2,0,42,2462325.066475,2462325.602546
2029-07-08,2462325.520257,2462326.055785,0,26,2,9,2,2,0,42,2462326.125928,2462325.602546
2029-07-09,2462326.520453,2462327.055794,1,27,3,10,4,2,0,42,2462327.162011,2462326.677169
2029-07-10,2462327.520648,2462328.055793,2,28,4,11,6,2,0,42,2462328.173330,2462327.728048
2029-07-11,2462328.520843,2462329.055783,3,29,5,12,8,2,0,42,2462329.160490,2462328.754798
2029-07-12,2462329.521038,2462330.055763,4,0,6,13,10,3,0,42,2462330.125595,2462329.758833
2029-07-13,2462330.521232,2462331.055733,5,1,7,14,1,3,0,42,2462331.071717,2462330.742844
2029-07-14,2462331.521425,2462332.055692,6,2,8,15,3,3,0,42,2462332.002413,2462331.710262
2029-07-15,2462332.521616,2462333.055642,0,3,9,16,6,3,0,42,2462332.921360,2462332.664815
2029-07-16,2462333.521807,2462334.055581,1,4,10,17,1,3,0,42,2462333.832091,2462333.610188
2029-07-17,2462334.521995,2462335.055510,2,5,11,18,3,3,0,42,2462334.737837,2462334.549810
2029-07-18,2462335.522181,2462336.055429,3,6,13,19,5,3,0,42,2462335.641464,2462336.423640
2029-07-19,2462336.522366,2462337.055337,4,7,14,21,0,3,0,42,2462336.545475,2462337.362855
2029-07-20,2462337.522547,2462338.055235,5,9,15,22,3,3,0,42,2462338.363333,2462338.306518
2029-07-21,2462338.522727,2462339.055123,6,10,16,23,5,3,0,42,2462339.281252,2462339.256718
2029-07-22,2462339.522904,2462340.055000,0,11,17,24,0,3,0,42,2462340.208000,2462340.215668
2029-07-23,2462340.523077,2462341.054866,1,12,18,25,2,3,0,42,2462341.145978,2462341.185817
2029-07-24,2462341.523248,2462342.054722,2,13,19,26,4,3,0,42,2462342.097849,2462342.169872
2029-07-25,2462342.523416,2462343.054568,3,14,20,0,6,3,0,42,2462343.066449,2462343.170681
2029-07-26,2462343.523580,2462344.054403,4,15,21,1,1,3,0,42,2462344.054544,2462344.190956
2029-07-27,2462344.523741,2462345.054228,5,16,22,2,3,3,0,42,2462345.064432,2462345.232825
2029-07-28,2462345.523898,2462346.054043,6,17,23,3,5,3,0,42,2462346.097412,2462346.297271
2029-07-29,2462346.524051,2462347.053847,0,18,24,4,0,3,0,42,2462347.153170,2462347.383509
2029-07-30,2462347.524201,2462348.053641,1,19,25,5,2,3,0,42,2462348.229207,2462348.488461
2029-07-31,2462348.524347,2462349.053425,2,20,26,6,4,3,0,42,2462349.320476,2462349.606513
2029-08-01,2462349.524488,2462350.053200,3,21,26,7,6,3,0,42,2462350.419490,2462349.606513
2029-08-02,2462350.524626,2462351.052964,4,22,0,8,1,3,0,42,2462351.517035,2462350.729776
2029-08-03,2462351.524759,2462352.052718,5,23,1,9,3,3,0,42,2462352.603451,2462351.848958
2029-08-04,2462352.524889,2462353.052463,6,23,2,10,4,3,0,42,2462352.603451,2462352.954712
2029-08-05,2462353.525014,2462354.052198,0,24,3,11,6,3,0,42,2462353.670099,2462354.039047
2029-08-06,2462354.525134,2462355.051923,1,25,4,12,1,3,0,42,2462354.710562,2462355.096390
2029-08-07,2462355.525251,2462356.051639,2,26,5,13,3,3,0,42,2462355.721275,2462356.124078
2029-08-08,2462356.525362,2462357.051346,3,27,6,14,5,3,0,42,2462356.701582,2462357.122316
2029-08-09,2462357.525470,2462358.051044,4,28,7,15,7,3,0,42,2462357.653359,2462358.093745
2029-08-10,2462358.525573,2462359.050733,5,29,8,16,9,3,0,42,2462358.580412,2462359.042804
2029-08-11,2462359.525672,2462360.050413,6,1,9,18,1,4,0,42,2462360.381304,2462359.975054
2029-08-12,2462360.525766,2462361.050084,0,2,10,19,3,4,0,42,2462361.266775,2462360.896550
2029-08-13,2462361.525856,2462362.049747,1,3,11,20,5,4,0,42,2462362.149888,2462361.813326
2029-08-14,2462362.525942,2462363.049402,2,4,12,21,0,4,0,42,2462363.035756,2462362.730974
2029-08-15,2462363.526023,2462364.049049,3,5,13,22,3,4,0,42,2462363.928696,2462363.654319
2029-08-16,2462364.526100,2462365.048687,4,6,14,23,5,4,0,42,2462364.832062,2462364.587176
2029-08-17,2462365.526173,2462366.048318,5,7,15,25,0,4,0,42,2462365.748180,2462365.532241
2029-08-18,2462366.526242,2462367.047942,6,8,17,26,2,4,0,42,2462366.678413,2462367.464534
2029-08-19,2462367.526306,2462368.047558,0,9,18,0,4,4,0,42,2462367.623370,2462368.452669
2029-08-20,2462368.526367,2462369.047167,1,10,19,1,6,4,0,42,2462368.583220,2462369.455553
2029-08-21,2462369.526423,2462370.046769,2,11,20,2,1,4,0,42,2462369.558053,2462370.473400
2029-08-22,2462370.526476,2462371.046364,3,12,21,3,3,4,0,42,2462370.548170,2462371.506788
2029-08-23,2462371.526525,2462372.045953,4,13,22,4,5,4,0,42,2462371.554234,2462372.556603
2029-08-24,2462372.526570,2462373.045535,5,14,22,5,0,4,0,42,2462372.577203,2462372.556603
2029-08-25,2462373.526612,2462374.045111,6,15,23,6,2,4,0,42,2462373.618023,2462373.623722
2029-08-26,2462374.526650,2462375.044682,0,16,24,7,4,4,0,42,2462374.677105,2462374.708477
2029-08-27,2462375.526685,2462376.044247,1,17,25,8,6,4,0,42,2462375.753660,2462375.809985
2029-08-28,2462376.526717,2462377.043806,2,18,26,9,1,4,0,42,2462376.845035,2462376.925481
2029-08-29,2462377.526746,2462378.043360,3,19,0,10,3,4,0,42,2462377.946227,2462378.049878
2029-08-30,2462378.526771,2462379.042910,4,20,1,11,5,4,0,42,2462379.049849,2462379.175772
2029-08-31,2462379.526794,2462380.042454,5,21,2,12,6,4,0,42,2462380.146733,2462380.294098
2029-09-01,2462380.526814,2462381.041995,6,22,3,13,1,4,0,42,2462381.227193,2462381.395391
2029-09-02,2462381.526832,2462382.041531,0,23,4,14,3,4,0,42,2462382.282568,2462382.471312
2029-09-03,2462382.526847,2462383.041063,1,24,5,15,5,4,0,42,2462383.306564,2462383.515939
2029-09-04,2462383.526860,2462384.040591,2,25,6,16,0,4,0,42,2462384.296009,2462384.526501
2029-09-05,2462384.526871,2462385.040116,3,26,7,17,2,4,0,42,2462385.250961,2462385.503484
2029-09-06,2462385.526880,2462386.039638,4,27,8,18,4,4,0,42,2462386.174297,2462386.450215
2029-09-07,2462386.526888,2462387.039157,5,28,9,19,6,4,0,42,2462387.071017,2462387.372158
2029-09-08,2462387.526894,2462388.038673,6,29,10,20,9,4,0,42,2462387.947504,2462388.276144
2029-09-09,2462388.526898,2462389.038186,0,0,11,21,0,5,0,42,2462388.810868,2462389.169681
2029-09-10,2462389.526901,2462390.037698,1,1,12,23,2,5,0,42,2462389.668436,2462390.060397
2029-09-11,2462390.526903,2462391.037207,2,2,13,24,4,5,0,42,2462390.527344,2462390.955568
2029-09-12,2462391.526904,2462392.036715,3,4,14,25,0,5,0,42,2462392.274737,2462391.861699
2029-09-13,2462392.526905,2462393.036222,4,5,15,26,2,5,0,42,2462393.173483,2462392.784116
2029-09-14,2462393.526905,2462394.035727,5,6,16,0,4,5,0,42,2462394.093489,2462393.726619
2029-09-15,2462394.526905,2462395.035231,6,7,17,1,6,5,0,42,2462395.036213,2462394.691280
2029-09-16,2462395.526905,2462396.034735,0,8,18,3,2,5,0,42,2462396.001636,2462395.678507
2029-09-17,2462396.526905,2462397.034239,1,9,19,4,4,5,0,42,2462396.988620,2462396.687369
2029-09-18,2462397.526905,2462398.033743,2,10,20,5,6,5,0,42,2462397.995396,2462397.716123
2029-09-19,2462398.526905,2462399.033246,3,11,21,6,1,5,0,42,2462399.020060,2462398.762766
2029-09-20,2462399.526906,2462400.032751,4,12,22,7,2,5,0,42,2462400.060965,2462399.825486
2029-09-21,2462400.526909,2462401.032256,5,13,23,8,4,5,0,42,2462401.116903,2462400.902915
2029-09-22,2462401.526912,2462402.031762,6,14,24,9,6,5,0,42,2462402.187010,2462401.994095
2029-09-23,2462402.526916,2462403.031269,0,15,25,10,1,5,0,42,2462403.270376,2462403.098131
2029-09-24,2462403.526922,2462404.030778,1,16,26,11,3,5,0,42,2462404.365408,2462404.213580
2029-09-25,2462404.526930,2462405.030289,2,17,0,12,5,5,0,42,2462405.469128,2462405.337746
2029-09-26,2462405.526939,2462406.029802,3,18,1,13,0,5,0,42,2462406.576648,2462406.466118
2029-09-27,2462406.526951,2462407.029317,4,18,2,14,1,5,0,42,2462406.576648,2462407.592198
2029-09-28,2462407.526965,2462408.028835,5,19,2,15,3,5,0,42,2462407.681067,2462407.592198
2029-09-29,2462408.526981,2462409.028356,6,20,3,15,5,5,0,42,2462408.773980,2462408.707915
2029-09-30,2462409.527000,2462410.027881,0,21,4,16,0,5,0,42,2462409.846561,2462409.804615
2029-10-01,2462410.527022,2462411.027408,1,22,5,17,2,5,0,42,2462410.890949,2462410.874406
2029-10-02,2462411.527047,2462412.026940,2,23,6,18,4,5,0,42,2462411.901506,2462411.911447
2029-10-03,2462412.527075,2462413.026475,3,24,7,20,6,5,0,42,2462412.875601,2462412.912840
2029-10-04,2462413.527106,2462414.026015,4,25,8,21,1,5,0,42,2462413.813780,2462413.878924
2029-10-05,2462414.527141,2462415.025560,5,26,9,22,3,5,0,42,2462414.719394,2462414.812989
2029-10-06,2462415.527180,2462416.025109,6,27,10,23,5,5,0,42,2462415.597915,2462415.720629
2029-10-07,2462416.527224,2462417.024663,0,29,11,24,8,5,0,42,2462417.301862,2462416.608968
2029-10-08,2462417.527271,2462418.024223,1,0,13,25,10,6,0,42,2462418.142786,2462418.359911
2029-10-09,2462418.527322,2462419.023789,2,1,14,0,1,6,0,42,2462418.986785,2462419.238903
2029-10-10,2462419.527379,2462420.023361,3,2,15,1,4,6,0,42,2462419.841278,2462420.130519
2029-10-11,2462420.527440,2462421.022938,4,3,16,2,6,6,0,42,2462420.712952,2462421.041342
2029-10-12,2462421.527505,2462422.022523,5,4,17,3,1,6,0,42,2462421.607361,2462421.976489
2029-10-13,2462422.527576,2462423.022114,6,5,18,4,3,6,0,42,2462422.528510,2462422.939202
2029-10-14,2462423.527653,2462424.021712,0,7,19,5,6,6,0,42,2462424.457651,2462423.930630
2029-10-15,2462424.527734,2462425.021317,1,8,20,6,1,6,0,42,2462425.464283,2462424.949938
2029-10-16,2462425.527821,2462426.020930,2,9,21,7,3,6,0,42,2462426.495563,2462425.994702
2029-10-17,2462426.527914,2462427.020550,3,10,22,8,5,6,0,42,2462427.547823,2462427.061462
2029-10-18,2462427.528013,2462428.020179,4,10,23,9,6,6,0,42,2462427.547823,2462428.146320
2029-10-19,2462428.528117,2462429.019816,5,11,24,10,1,6,0,42,2462428.617174,2462429.245490
2029-10-20,2462429.528228,2462430.019461,6,12,25,11,3,6,0,42,2462429.699992,2462430.355677
2029-10-21,2462430.528345,2462431.019115,0,13,26,12,5,6,0,42,2462430.793178,2462431.474117
2029-10-22,2462431.528469,2462432.018779,1,14,0,13,0,6,0,42,2462431.894047,2462432.598226
2029-10-23,2462432.528598,2462433.018451,2,15,0,14,2,6,0,42,2462432.999855,2462432.598226
2029-10-24,2462433.528735,2462434.018133,3,16,1,15,3,6,0,42,2462434.107219,2462433.725014
2029-10-25,2462434.528878,2462435.017825,4,17,2,16,5,6,0,42,2462435.211658,2462434.850561
2029-10-26,2462435.529028,2462436.017527,5,18,3,17,0,6,0,42,2462436.307484,2462435.969751
2029-10-27,2462436.529185,2462437.017239,6,19,4,18,2,6,0,42,2462437.388107,2462437.076411
2029-10-28,2462437.529349,2462438.016961,0,20,5,19,4,6,0,42,2462438.446735,2462438.163860
2029-10-29,2462438.529519,2462439.016694,1,21,6,20,6,6,0,42,2462439.477334,2462439.225786
2029-10-30,2462439.529697,2462440.016437,2,22,7,21,1,6,0,42,2462440.475584,2462440.257242
2029-10-31,2462440.529882,2462441.016192,3,23,8,22,3,6,0,42,2462441.439563,2462441.255488
2029-11-01,2462441.530074,2462442.015958,4,24,9,23,5,6,0,42,2462442.369977,2462442.220432
2029-11-02,2462442.530274,2462443.015735,5,25,10,24,0,6,0,42,2462443.269951,2462443.154601
2029-11-03,2462443.530480,2462444.015524,6,26,11,26,2,6,0,42,2462444.144535,2462444.062728
2029-11-04,2462444.530694,2462445.015324,0,27,12,0,4,6,0,42,2462445.000117,2462444.951162
2029-11-05,2462445.530915,2462446.015137,1,28,13,1,7,6,0,42,2462445.843891,2462445.827277
2029-11-06,2462446.531144,2462447.014961,2,29,14,2,9,6,0,42,2462446.683445,2462446.698965
2029-11-07,2462447.531379,2462448.014798,3,1,15,3,1,7,0,42,2462448.380378,2462447.574242
2029-11-08,2462448.531622,2462449.014647,4,2,17,5,3,7,0,42,2462449.252200,2462449.366003
2029-11-09,2462449.531872,2462450.014508,5,3,18,6,5,7,0,42,2462450.148006,2462450.295672
2029-11-10,2462450.532128,2462451.014382,6,4,19,7,0,7,0,42,2462451.072569,2462451.254363
2029-11-11,2462451.532392,2462452.014269,0,5,20,8,2,7,0,42,2462452.028911,2462452.244565
2029-11-12,2462452.532663,2462453.014168,1,6,21,9,5,7,0,42,2462453.017989,2462453.266542
2029-11-13,2462453.532941,2462454.014080,2,7,22,10,0,7,0,42,2462454.038585,2462454.318353
2029-11-14,2462454.533225,2462455.014006,3,8,23,11,1,7,0,42,2462455.087435,2462455.396118
2029-11-15,2462455.533516,2462456.013944,4,9,24,12,3,7,0,42,2462456.159617,2462456.494546
2029-11-16,2462456.533813,2462457.013896,5,10,25,13,5,7,0,42,2462457.249208,2462457.607671
2029-11-17,2462457.534117,2462458.013860,6,11,25,14,0,7,0,42,2462458.350098,2462457.607671
2029-11-18,2462458.534427,2462459.013838,0,12,26,15,2,7,0,42,2462459.456696,2462458.729657
2029-11-19,2462459.534743,2462460.013829,1,13,0,16,4,7,0,42,2462460.564226,2462459.855363
2029-11-20,2462460.535064,2462461.013833,2,13,1,17,5,7,0,42,2462460.564226,2462460.980462
2029-11-21,2462461.535392,2462462.013850,3,14,2,18,0,7,0,42,2462461.668628,2462462.101230
2029-11-22,2462462.535724,2462463.013881,4,15,3,19,2,7,0,42,2462462.766252,2462463.214217
2029-11-23,2462463.536062,2462464.013925,5,16,4,20,4,7,0,42,2462463.853561,2462464.315977
2029-11-24,2462464.536405,2462465.013981,6,17,5,21,6,7,0,42,2462464.926948,2462465.402925
2029-11-25,2462465.536753,2462466.014051,0,18,6,22,1,7,0,42,2462465.982690,2462466.471371
2029-11-26,2462466.537105,2462467.014134,1,19,7,23,3,7,0,42,2462467.017132,2462467.517790
2029-11-27,2462467.537461,2462468.014230,2,20,8,24,5,7,0,42,2462468.027071,2462468.539286
2029-11-28,2462468.537821,2462469.014338,3,21,8,25,0,7,0,42,2462469.010250,2462468.539286
2029-11-29,2462469.538185,2462470.014459,4,22,10,26,2,7,0,42,2462469.965794,2462470.502063
2029-11-30,2462470.538551,2462471.014593,5,23,11,0,4,7,0,42,2462470.894442,2462471.444660
2029-12-01,2462471.538921,2462472.014739,6,24,12,1,6,7,0,42,2462471.798559,2462472.365079
2029-12-02,2462472.539294,2462473.014897,0,25,13,3,1,7,0,42,2462472.681961,2462473.267924
2029-12-03,2462473.539669,2462474.015067,1,26,14,4,3,7,0,42,2462473.549635,2462474.158907
2029-12-04,2462474.540046,2462475.015249,2,28,15,5,6,7,0,42,2462475.261783,2462475.044510
2029-12-05,2462475.540424,2462476.015443,3,29,16,6,8,7,0,42,2462476.119429,2462475.931664
2029-12-06,2462476.540804,2462477.015648,4,0,17,7,10,8,0,42,2462476.987191,2462476.827432
2029-12-07,2462477.541184,2462478.015864,5,1,18,9,2,8,0,42,2462477.871687,2462477.738682
2029-12-08,2462478.541565,2462479.016091,6,2,19,10,4,8,0,42,2462478.779005,2462478.671704
2029-12-09,2462479.541946,2462480.016329,0,3,20,11,6,8,0,42,2462479.714284,2462479.631750
2029-12-10,2462480.542327,2462481.016578,1,4,21,12,1,8,0,42,2462480.681227,2462480.622530
2029-12-11,2462481.542707,2462482.016836,2,5,22,13,3,8,0,42,2462481.681582,2462481.645708
2029-12-12,2462482.543086,2462483.017105,3,6,23,14,5,8,0,42,2462482.714690,2462482.700499
2029-12-13,2462483.543464,2462484.017382,4,7,24,15,0,8,0,42,2462483.777234,2462483.783492
2029-12-14,2462484.543840,2462485.017669,5,8,25,16,2,8,0,42,2462484.863380,2462484.888867
2029-12-15,2462485.544213,2462486.017965,6,9,26,17,4,8,0,42,2462485.965451,2462486.009114
2029-12-16,2462486.544583,2462487.018270,0,10,0,18,6,8,0,42,2462487.075026,2462487.136117
2029-12-17,2462487.544951,2462488.018582,1,11,1,19,0,8,0,42,2462488.184098,2462488.262248
2029-12-18,2462488.545315,2462489.018903,2,12,2,20,2,8,0,42,2462489.285909,2462489.381120
2029-12-19,2462489.545675,2462490.019231,3,13,3,21,4,8,0,42,2462490.375337,2462490.487921
2029-12-20,2462490.546030,2462491.019565,4,14,4,22,6,8,0,42,2462491.448932,2462491.579426
2029-12-21,2462491.546381,2462492.019907,5,15,4,23,1,8,0,42,2462492.504690,2462491.579426
2029-12-22,2462492.546726,2462493.020255,6,16,5,24,3,8,0,42,2462493.541670,2462492.653765
2029-12-23,2462493.547066,2462494.020609,0,17,6,25,5,8,0,42,2462494.559571,2462493.710051
2029-12-24,2462494.547400,2462495.020968,1,17,7,26,6,8,0,42,2462494.559571,2462494.747969
2029-12-25,2462495.547727,2462496.021332,2,18,8,0,1,8,0,42,2462495.558409,2462495.767488
2029-12-26,2462496.548048,2462497.021701,3,20,9,1,4,8,0,42,2462497.499849,2462496.768746
2029-12-27,2462497.548362,2462498.022074,4,21,10,2,6,8,0,42,2462498.443506,2462497.752098
2029-12-28,2462498.548668,2462499.022452,5,22,11,3,1,8,0,42,2462499.370450,2462498.718244
2029-12-29,2462499.548966,2462500.022832,6,23,12,4,3,8,0,42,2462500.282341,2462499.668378
2029-12-30,2462500.549256,2462501.023216,0,24,13,6,5,8,0,42,2462501.181497,2462500.604325
2029-12-31,2462501.549538,2462502.023602,1,25,15,7,0,8,0,42,2462502.070966,2462502.444758
2030-01-01,2462502.549810,2462503.023990,2,26,16,8,3,8,0,43,2462502.954541,2462503.356808
2030-01-02,2462503.550074,2462504.024380,3,27,17,9,5,8,0,43,2462503.836717,2462504.269710
2030-01-03,2462504.550328,2462505.024772,4,28,18,10,7,8,0,43,2462504.722588,2462505.188923
2030-01-04,2462505.550572,2462506.025164,5,29,19,11,9,8,0,43,2462505.617674,2462506.120217
2030-01-05,2462506.550806,2462507.025557,6,1,20,12,1,9,0,42,2462507.458238,2462507.069347
2030-01-06,2462507.551029,2462508.025950,0,2,21,14,3,9,0,42,2462508.414339,2462508.041619
2030-01-07,2462508.551242,2462509.026343,1,3,22,15,5,9,0,42,2462509.399905,2462509.041339
2030-01-08,2462509.551445,2462510.026736,2,4,23,16,0,9,0,42,2462510.417027,2462510.071150
2030-01-09,2462510.551636,2462511.027127,3,5,24,17,2,9,0,42,2462511.465266,2462511.131340
2030-01-10,2462511.551815,2462512.027517,4,6,25,18,4,9,0,42,2462512.541106,2462512.219280
2030-01-11,2462512.551984,2462513.027906,5,7,26,19,6,9,0,42,2462513.637904,2462513.329275
2030-01-12,2462513.552140,2462514.028292,6,7,0,20,0,9,0,42,2462513.637904,2462514.453055
2030-01-13,2462514.552285,2462515.028676,0,8,1,21,2,9,0,42,2462514.746545,2462515.580916
2030-01-14,2462515.552418,2462516.029057,1,9,1,22,4,9,0,42,2462515.856760,2462515.580916
2030-01-15,2462516.552539,2462517.029436,2,10,2,23,6,9,0,42,2462516.958712,2462516.703199
2030-01-16,2462517.552647,2462518.029811,3,11,3,24,1,9,0,42,2462518.044348,2462517.811653
2030-01-17,2462518.552743,2462519.030182,4,12,4,25,2,9,0,42,2462519.108222,2462518.900362
2030-01-18,2462519.552826,2462520.030550,5,13,5,26,4,9,0,42,2462520.147696,2462519.966103
2030-01-19,2462520.552897,2462521.030913,6,14,6,0,6,9,0,42,2462521.162628,2462521.008182
2030-01-20,2462521.552955,2462522.031272,0,15,7,1,1,9,0,42,2462522.154738,2462522.027903
2030-01-21,2462522.553001,2462523.031627,1,16,8,2,3,9,0,42,2462523.126899,2462523.027880
2030-01-22,2462523.553034,2462524.031976,2,17,9,3,5,9,0,42,2462524.082487,2462524.011366
2030-01-23,2462524.553054,2462525.032320,3,18,10,4,0,9,0,42,2462525.024902,2462524.981728
2030-01-24,2462525.553061,2462526.032659,4,19,11,5,3,9,0,42,2462525.957242,2462525.942080
2030-01-25,2462526.553055,2462527.032993,5,20,12,6,5,9,0,42,2462526.882129,2462526.895069
2030-01-26,2462527.553037,2462528.033321,6,21,13,7,0,9,0,42,2462527.801659,2462527.842813
2030-01-27,2462528.553006,2462529.033643,0,22,14,8,2,9,0,42,2462528.717475,2462528.786966
2030-01-28,2462529.552962,2462530.033959,1,23,15,10,4,9,0,42,2462529.630951,2462529.728917
2030-01-29,2462530.552905,2462531.034269,2,25,16,11,0,9,0,42,2462531.456669,2462530.670080
2030-01-30,2462531.552836,2462532.034572,3,26,17,12,2,9,0,42,2462532.372820,2462531.612222
2030-01-31,2462532.552755,2462533.034869,4,27,18,13,4,9,0,42,2462533.294858,2462532.557723
2030-02-01,2462533.552661,2462534.035160,5,28,20,14,6,9,0,42,2462534.226458,2462534.472069
2030-02-02,2462534.552554,2462535.035444,6,29,21,15,8,9,0,42,2462535.171871,2462535.449133
2030-02-03,2462535.552436,2462536.035722,0,0,22,16,10,10,0,42,2462536.135611,2462536.445383
2030-02-04,2462536.552305,2462537.035992,1,1,23,17,1,10,0,42,2462537.121973,2462537.464815
2030-02-05,2462537.552162,2462538.036256,2,2,24,18,3,10,0,42,2462538.134376,2462538.510216
2030-02-06,2462538.552007,2462539.036514,3,3,25,20,5,10,0,42,2462539.174541,2462539.582323
2030-02-07,2462539.551841,2462540.036764,4,4,25,21,0,10,0,42,2462540.241641,2462539.582323
2030-02-08,2462540.551663,2462541.037007,5,5,26,22,2,10,0,42,2462541.331631,2462540.679049
2030-02-09,2462541.551473,2462542.037244,6,6,0,22,4,10,0,42,2462542.437107,2462541.795058
2030-02-10,2462542.551273,2462543.037474,0,7,1,23,6,10,0,42,2462543.547990,2462542.921982
2030-02-11,2462543.551061,2462544.037696,1,8,2,24,1,10,0,42,2462544.652998,2462544.049444
2030-02-12,2462544.550838,2462545.037912,2,8,3,25,2,10,0,42,2462544.652998,2462545.166679
2030-02-13,2462545.550605,2462546.038122,3,9,4,26,4,10,0,42,2462545.741528,2462546.264295
2030-02-14,2462546.550361,2462547.038324,4,10,5,0,6,10,0,42,2462546.805317,2462547.335620
2030-02-15,2462547.550106,2462548.038520,5,11,6,1,1,10,0,42,2462547.839425,2462548.377359
2030-02-16,2462548.549842,2462549.038709,6,12,7,2,3,10,0,42,2462548.842410,2462549.389509
2030-02-17,2462549.549568,2462550.038892,0,13,8,3,5,10,0,42,2462549.815863,2462550.374764
2030-02-18,2462550.549284,2462551.039068,1,14,9,5,0,10,0,42,2462550.763592,2462551.337680
2030-02-19,2462551.548991,2462552.039238,2,15,10,6,2,10,0,42,2462551.690762,2462552.283831
2030-02-20,2462552.548688,2462553.039401,3,16,11,7,4,10,0,42,2462552.603133,2462553.219091
2030-02-21,2462553.548376,2462554.039559,4,18,12,8,0,10,0,42,2462554.406069,2462554.149066
2030-02-22,2462554.548056,2462555.039710,5,19,13,9,2,10,0,42,2462555.306486,2462555.078671
2030-02-23,2462555.547727,2462556.039855,6,20,14,10,4,10,0,42,2462556.211261,2462556.011826
2030-02-24,2462556.547390,2462557.039995,0,21,15,11,6,10,0,42,2462557.122862,2462556.951314
2030-02-25,2462557.547045,2462558.040128,1,22,16,13,1,10,0,42,2462558.042749,2462557.898812
2030-02-26,2462558.546692,2462559.040256,2,23,17,14,4,10,0,42,2462558.971626,2462558.855134
2030-02-27,2462559.546332,2462560.040379,3,24,18,15,6,10,0,42,2462559.909827,2462559.820631
2030-02-28,2462560.545964,2462561.040497,4,25,19,16,1,10,0,42,2462560.857756,2462560.795669
2030-03-01,2462561.545589,2462562.040609,5,26,20,17,3,10,0,42,2462561.816275,2462561.781051
2030-03-02,2462562.545208,2462563.040716,6,27,21,18,5,10,0,42,2462562.786923,2462562.778267
2030-03-03,2462563.544820,2462564.040819,0,28,22,19,7,10,0,42,2462563.771938,2462563.789509
2030-03-04,2462564.544426,2462565.040917,1,29,23,20,9,10,0,42,2462564.774033,2462564.817434
2030-03-05,2462565.544026,2462566.041010,2,0,24,21,0,11,0,42,2462565.795944,2462565.864676
2030-03-06,2462566.543620,2462567.041099,3,1,25,22,2,11,0,42,2462566.839751,2462566.933133
2030-03-07,2462567.543209,2462568.041184,4,2,26,23,4,11,0,42,2462567.906043,2462568.023127
2030-03-08,2462568.542793,2462569.041265,5,3,0,24,6,11,0,42,2462568.993056,2462569.132575
2030-03-09,2462569.542372,2462570.041343,6,4,1,25,0,11,0,42,2462570.096029,2462570.256440
2030-03-10,2462570.541946,2462571.041417,0,5,2,26,2,11,0,42,2462571.207115,2462571.386760
2030-03-11,2462571.541516,2462572.041487,1,6,3,0,4,11,0,42,2462572.316092,2462572.513454
2030-03-12,2462572.541082,2462573.041554,2,7,4,1,6,11,0,42,2462573.411857,2462573.625830
2030-03-13,2462573.540644,2462574.041618,3,8,4,2,1,11,0,42,2462574.484297,2462573.625830
2030-03-14,2462574.540203,2462575.041679,4,9,5,3,3,11,0,42,2462575.525923,2462574.714370
2030-03-15,2462575.539759,2462576.041738,5,10,6,4,5,11,0,42,2462576.532790,2462575.772248
2030-03-16,2462576.539311,2462577.041794,6,11,7,5,0,11,0,42,2462577.504582,2462576.796150
2030-03-17,2462577.538861,2462578.041848,0,12,8,6,2,11,0,42,2462578.444072,2462577.786327
2030-03-18,2462578.538409,2462579.041900,1,13,9,7,4,11,0,42,2462579.356258,2462578.746038
2030-03-19,2462579.537954,2462580.041950,2,14,10,8,6,11,0,42,2462580.247492,2462579.680698
2030-03-20,2462580.537498,2462581.041999,3,15,11,10,1,11,0,42,2462581.124743,2462580.596996
2030-03-21,2462581.537040,2462582.042046,4,16,13,11,3,11,0,42,2462581.995032,2462582.403316
2030-03-22,2462582.536581,2462583.042092,5,17,14,12,6,11,0,42,2462582.865022,2462583.307114
2030-03-23,2462583.536121,2462584.042137,6,18,15,13,1,11,0,42,2462583.740672,2462584.219254
2030-03-24,2462584.535660,2462585.042180,0,19,16,14,3,11,0,42,2462584.626955,2462585.144225
2030-03-25,2462585.535199,2462586.042224,1,21,17,15,6,11,0,42,2462586.445154,2462586.085105
2030-03-26,2462586.534737,2462587.042266,2,22,18,17,1,11,0,42,2462587.380710,2462587.043558
2030-03-27,2462587.534276,2462588.042309,3,23,19,18,3,11,0,42,2462588.334498,2462588.020058
2030-03-28,2462588.533815,2462589.042351,4,24,20,19,5,11,0,42,2462589.306104,2462589.014281
2030-03-29,2462589.533355,2462590.042393,5,25,21,20,0,11,0,42,2462590.294923,2462590.025566
2030-03-30,2462590.532895,2462591.042436,6,26,22,21,2,11,0,42,2462591.300499,2462591.053327
2030-03-31,2462591.532437,2462592.042479,0,27,23,22,4,11,0,42,2462592.322738,2462592.097307
2030-04-01,2462592.531980,2462593.042523,1,28,24,23,6,11,0,42,2462593.361903,2462593.157639
2030-04-02,2462593.531525,2462594.042568,2,29,25,24,8,11,0,42,2462594.418360,2462594.234635
2030-04-03,2462594.531072,2462595.042613,3,0,26,25,10,0,0,43,2462595.492060,2462595.328306
2030-04-04,2462595.530621,2462596.042660,4,1,0,26,1,0,0,43,2462596.581835,2462596.437675
2030-04-05,2462596.530173,2462597.042708,5,1,1,0,2,0,0,43,2462596.581835,2462597.560064
2030-04-06,2462597.529727,2462598.042758,6,2,1,1,4,0,0,43,2462597.684685,2462597.560064
2030-04-07,2462598.529285,2462599.042809,0,3,2,2,6,0,0,43,2462598.795311,2462598.690590
2030-04-08,2462599.528845,2462600.042863,1,4,3,3,1,0,0,43,2462599.906125,2462599.822115
2030-04-09,2462600.528409,2462601.042918,2,5,4,4,3,0,0,43,2462601.007895,2462600.945794
2030-04-10,2462601.527977,2462602.042975,3,6,5,5,4,0,0,43,2462602.090972,2462602.052203
2030-04-11,2462602.527549,2462603.043035,4,7,6,6,6,0,0,43,2462603.146815,2462603.132805
2030-04-12,2462603.527125,2462604.043097,5,8,7,7,1,0,0,43,2462604.169326,2462604.181315
2030-04-13,2462604.526706,2462605.043161,6,9,8,8,3,0,0,43,2462605.155607,2462605.194572
2030-04-14,2462605.526292,2462606.043229,0,10,9,9,5,0,0,43,2462606.106036,2462606.172729
2030-04-15,2462606.525882,2462607.043299,1,11,10,10,0,0,0,43,2462607.023783,2462607.118870
2030-04-16,2462607.525478,2462608.043372,2,12,11,11,3,0,0,43,2462607.914067,2462608.038288
2030-04-17,2462608.525079,2462609.043448,3,13,12,12,5,0,0,43,2462608.783389,2462608.937698
2030-04-18,2462609.524686,2462610.043527,4,14,13,13,0,0,0,43,2462609.638895,2462609.824543
2030-04-19,2462610.524298,2462611.043610,5,16,14,15,3,0,0,43,2462611.337577,2462610.706459
2030-04-20,2462611.523917,2462612.043696,6,17,15,16,5,0,0,43,2462612.194595,2462611.590855
2030-04-21,2462612.523542,2462613.043785,0,18,17,17,0,0,0,43,2462613.064939,2462613.393498
2030-04-22,2462613.523174,2462614.043878,1,19,18,18,3,0,0,43,2462613.953610,2462614.322380
2030-04-23,2462614.522812,2462615.043975,2,20,19,19,5,0,0,43,2462614.864397,2462615.274487
2030-04-24,2462615.522458,2462616.044075,3,21,20,20,0,0,0,43,2462615.799732,2462616.251576
2030-04-25,2462616.522110,2462617.044179,4,22,21,22,2,0,0,43,2462616.760663,2462617.253962
2030-04-26,2462617.521770,2462618.044287,5,23,22,23,4,0,0,43,2462617.746972,2462618.280738
2030-04-27,2462618.521437,2462619.044399,6,24,23,24,6,0,0,43,2462618.757397,2462619.330085
2030-04-28,2462619.521112,2462620.044515,0,25,24,25,1,0,0,43,2462619.789929,2462620.399636
2030-04-29,2462620.520795,2462621.044635,1,26,25,26,3,0,0,43,2462620.842153,2462621.486829
2030-04-30,2462621.520486,2462622.044758,2,27,26,0,5,0,0,43,2462621.911548,2462622.589131
2030-05-01,2462622.520186,2462623.044886,3,28,26,1,7,0,0,43,2462622.995607,2462622.589131
2030-05-02,2462623.519893,2462624.045017,4,29,0,2,8,0,0,43,2462624.091663,2462623.703979
2030-05-03,2462624.519610,2462625.045153,5,0,1,3,10,1,0,43,2462625.196509,2462624.828450
2030-05-04,2462625.519334,2462626.045293,6,1,2,4,1,1,0,43,2462626.305996,2462625.958835
2030-05-05,2462626.519068,2462627.045436,0,2,3,5,3,1,0,43,2462627.414816,2462627.090339
2030-05-06,2462627.518811,2462628.045584,1,3,4,5,5,1,0,43,2462628.516558,2462628.217022
2030-05-07,2462628.518563,2462629.045735,2,4,5,6,0,1,0,43,2462629.604089,2462629.332056
2030-05-08,2462629.518324,2462630.045890,3,4,6,7,1,1,0,43,2462629.604089,2462630.428305
2030-05-09,2462630.518094,2462631.046049,4,5,7,8,3,1,0,43,2462630.670253,2462631.499211
2030-05-10,2462631.517874,2462632.046212,5,6,8,9,5,1,0,43,2462631.708826,2462632.539773
2030-05-11,2462632.517663,2462633.046379,6,7,8,10,0,1,0,43,2462632.715419,2462632.539773
2030-05-12,2462633.517462,2462634.046549,0,8,9,11,2,1,0,43,2462633.688058,2462633.547288
2030-05-13,2462634.517271,2462635.046722,1,9,10,13,4,1,0,43,2462634.627299,2462634.521648
2030-05-14,2462635.517089,2462636.046899,2,10,12,14,6,1,0,43,2462635.535951,2462636.382326
2030-05-15,2462636.516917,2462637.047079,3,12,13,15,2,1,0,43,2462637.280982,2462637.278843
2030-05-16,2462637.516756,2462638.047263,4,13,14,16,4,1,0,43,2462638.129681,2462638.161514
2030-05-17,2462638.516604,2462639.047449,5,14,15,17,6,1,0,43,2462638.971576,2462639.037576
2030-05-18,2462639.516462,2462640.047638,6,15,16,19,2,1,0,43,2462639.813648,2462639.914389
2030-05-19,2462640.516330,2462641.047830,0,16,17,20,4,1,0,43,2462640.662731,2462640.799130
2030-05-20,2462641.516208,2462642.048025,1,17,18,21,6,1,0,43,2462641.525299,2462641.698509
2030-05-21,2462642.516096,2462643.048222,2,19,19,22,2,1,0,43,2462643.313447,2462642.618454
2030-05-22,2462643.515994,2462644.048421,3,20,20,23,4,1,0,43,2462644.247769,2462643.563779
2030-05-23,2462644.515902,2462645.048622,4,21,21,24,6,1,0,43,2462645.212449,2462644.537847
2030-05-24,2462645.515820,2462646.048826,5,22,22,25,1,1,0,43,2462646.208010,2462645.542292
2030-05-25,2462646.515748,2462647.049030,6,23,23,26,3,1,0,43,2462647.233108,2462646.576836
2030-05-26,2462647.515686,2462648.049237,0,24,24,0,5,1,0,43,2462648.284634,2462647.639293
2030-05-27,2462648.515633,2462649.049444,1,25,25,1,0,1,0,43,2462649.358091,2462648.725828
2030-05-28,2462649.515591,2462650.049653,2,26,26,2,2,1,0,43,2462650.448209,2462649.831501
2030-05-29,2462650.515558,2462651.049862,3,27,0,3,4,1,0,43,2462651.549520,2462650.950921
2030-05-30,2462651.515535,2462652.050072,4,27,1,4,5,1,0,43,2462651.549520,2462652.078744
2030-05-31,2462652.515521,2462653.050282,5,28,2,5,7,1,0,43,2462652.656713,2462653.209878
2030-06-01,2462653.515517,2462654.050492,6,29,3,6,9,1,0,43,2462653.764718,2462654.339485
2030-06-02,2462654.515522,2462655.050702,0,0,4,7,0,2,0,43,2462654.868704,2462655.462950
2030-06-03,2462655.515536,2462656.050911,1,1,5,8,2,2,0,43,2462655.964059,2462656.575836
2030-06-04,2462656.515560,2462657.051120,2,2,5,9,4,2,0,43,2462657.046347,2462656.575836
2030-06-05,2462657.515592,2462658.051328,3,3,6,10,5,2,0,43,2462658.111279,2462657.673820
2030-06-06,2462658.515633,2462659.051534,4,4,7,11,0,2,0,43,2462659.154814,2462658.752712
2030-06-07,2462659.515682,2462660.051739,5,5,8,12,2,2,0,43,2462660.173485,2462659.808685
2030-06-08,2462660.515740,2462661.051942,6,6,9,13,4,2,0,43,2462661.164840,2462660.838714
2030-06-09,2462661.515806,2462662.052143,0,7,10,14,6,2,0,43,2462662.127803,2462661.841031
2030-06-10,2462662.515880,2462663.052342,1,8,11,15,1,2,0,43,2462663.062841,2462662.815428
2030-06-11,2462663.515962,2462664.052537,2,9,12,16,3,2,0,43,2462663.971930,2462663.763330
2030-06-12,2462664.516051,2462665.052730,3,10,13,18,6,2,0,43,2462664.858394,2462664.687700
2030-06-13,2462665.516148,2462666.052920,4,11,14,19,1,2,0,43,2462665.726674,2462665.592830
2030-06-14,2462666.516252,2462667.053105,5,12,16,20,3,2,0,43,2462666.582075,2462667.367573
2030-06-15,2462667.516363,2462668.053287,6,14,17,21,6,2,0,43,2462668.278363,2462668.249973
2030-06-16,2462668.516481,2462669.053465,0,15,18,22,1,2,0,43,2462669.132125,2462669.138167
2030-06-17,2462669.516605,2462670.053639,1,16,19,24,3,2,0,43,2462669.998349,2462670.039026
2030-06-18,2462670.516735,2462671.053807,2,17,20,25,6,2,0,43,2462670.883323,2462670.959081
2030-06-19,2462671.516871,2462672.053971,3,18,21,26,1,2,0,43,2462671.792768,2462671.904134
2030-06-20,2462672.517013,2462673.054129,4,19,22,0,3,2,0,43,2462672.731416,2462672.878780
2030-06-21,2462673.517160,2462674.054282,5,20,23,1,5,2,0,43,2462673.702500,2462673.885860
2030-06-22,2462674.517312,2462675.054429,6,21,24,2,0,2,0,43,2462674.707200,2462674.925921
2030-06-23,2462675.517469,2462676.054569,0,22,25,3,2,2,0,43,2462675.744196,2462675.996865
2030-06-24,2462676.517631,2462677.054704,1,23,26,4,4,2,0,43,2462676.809514,2462677.093975
2030-06-25,2462677.517797,2462678.054832,2,24,0,5,6,2,0,43,2462677.896885,2462678.210478
2030-06-26,2462678.517967,2462679.054952,3,25,1,6,1,2,0,43,2462678.998594,2462679.338529
2030-06-27,2462679.518140,2462680.055066,4,26,2,7,2,2,0,43,2462680.106548,2462680.470264
2030-06-28,2462680.518317,2462681.055172,5,27,3,8,4,2,0,43,2462681.213219,2462681.598634
2030-06-29,2462681.518498,2462682.055271,6,28,3,9,6,2,0,43,2462682.312269,2462681.598634
2030-06-30,2462682.518681,2462683.055362,0,29,4,10,8,2,0,43,2462683.398871,2462682.717902
2030-07-01,2462683.518866,2462684.055444,1,0,5,11,10,3,0,43,2462684.469725,2462683.823852
2030-07-02,2462684.519054,2462685.055519,2,1,6,12,1,3,0,43,2462685.522787,2462684.913695
2030-07-03,2462685.519243,2462686.055585,3,1,7,13,2,3,0,43,2462685.522787,2462685.985724
2030-07-04,2462686.519435,2462687.055642,4,2,8,14,4,3,0,43,2462686.556838,2462687.038869
2030-07-05,2462687.519628,2462688.055691,5,3,9,15,6,3,0,43,2462687.571093,2462688.072375
2030-07-06,2462688.519821,2462689.055730,6,4,10,16,1,3,0,43,2462688.565003,2462689.085705
2030-07-07,2462689.520016,2462690.055760,0,5,11,17,3,3,0,43,2462689.538259,2462690.078617
2030-07-08,2462690.520211,2462691.055781,1,7,12,18,6,3,0,43,2462691.423481,2462691.051321
2030-07-09,2462691.520407,2462692.055793,2,8,13,19,1,3,0,43,2462692.337172,2462692.004652
2030-07-10,2462692.520602,2462693.055794,3,9,14,20,3,3,0,43,2462693.233924,2462692.940228
2030-07-11,2462693.520798,2462694.055787,4,10,15,21,5,3,0,43,2462694.116542,2462693.860582
2030-07-12,2462694.520993,2462695.055769,5,11,16,23,0,3,0,43,2462694.988719,2462694.769243
2030-07-13,2462695.521187,2462696.055741,6,12,17,24,3,3,0,43,2462695.854996,2462695.670717
2030-07-14,2462696.521380,2462697.055703,0,13,18,25,5,3,0,43,2462696.720653,2462696.570375
2030-07-15,2462697.521572,2462698.055655,1,14,20,26,0,3,0,43,2462697.591536,2462698.388812
2030-07-16,2462698.521762,2462699.055597,2,16,21,0,3,3,0,43,2462699.373828,2462699.320546
2030-07-17,2462699.521951,2462700.055528,3,17,22,1,5,3,0,43,2462700.297431,2462700.275577
2030-07-18,2462700.522138,2462701.055450,4,18,23,3,0,3,0,43,2462701.249741,2462701.259052
2030-07-19,2462701.522322,2462702.055360,5,19,24,4,2,3,0,43,2462702.234343,2462702.274436
2030-07-20,2462702.522505,2462703.055261,6,20,25,5,4,3,0,43,2462703.252557,2462703.322752
2030-07-21,2462703.522685,2462704.055151,0,21,26,6,6,3,0,43,2462704.302767,2462704.401966
2030-07-22,2462704.522862,2462705.055030,1,22,0,7,1,3,0,43,2462705.380113,2462705.506801
2030-07-23,2462705.523037,2462706.054899,2,23,1,8,3,3,0,43,2462706.476813,2462706.629218
2030-07-24,2462706.523208,2462707.054758,3,24,1,9,5,3,0,43,2462707.583214,2462706.629218
2030-07-25,2462707.523377,2462708.054606,4,24,2,10,6,3,0,43,2462707.583214,2462707.759574
2030-07-26,2462708.523542,2462709.054444,5,25,3,11,1,3,0,43,2462708.689281,2462708.888122
2030-07-27,2462709.523703,2462710.054271,6,26,4,12,3,3,0,43,2462709.786074,2462710.006400
2030-07-28,2462710.523861,2462711.054088,0,27,5,13,5,3,0,43,2462710.866807,2462711.108182
2030-07-29,2462711.524016,2462712.053895,1,28,6,14,7,3,0,43,2462711.927312,2462712.189835
2030-07-30,2462712.524166,2462713.053692,2,29,7,15,9,3,0,43,2462712.965932,2462713.250140
2030-07-31,2462713.524313,2462714.053478,3,0,8,16,0,4,0,43,2462713.982986,2462714.289718
2030-08-01,2462714.524455,2462715.053255,4,1,9,17,2,4,0,43,2462714.980051,2462715.310294
2030-08-02,2462715.524594,2462716.053021,5,2,10,18,4,4,0,43,2462715.959272,2462716.314025
2030-08-03,2462716.524728,2462717.052778,6,3,11,19,6,4,0,43,2462716.922841,2462717.303009
2030-08-04,2462717.524859,2462718.052525,0,4,12,20,1,4,0,43,2462717.872675,2462718.279012
2030-08-05,2462718.524985,2462719.052262,1,5,13,21,3,4,0,43,2462718.810294,2462719.243391
2030-08-06,2462719.525106,2462720.051990,2,6,14,22,5,4,0,43,2462719.736853,2462720.197189
2030-08-07,2462720.525224,2462721.051709,3,7,15,23,0,4,0,43,2462720.653309,2462721.141369
2030-08-08,2462721.525336,2462722.051418,4,8,16,24,2,4,0,43,2462721.560689,2462722.077147
2030-08-09,2462722.525445,2462723.051118,5,10,17,25,5,4,0,43,2462723.354540,2462723.006333
2030-08-10,2462723.525549,2462724.050809,6,11,18,0,0,4,0,43,2462724.246044,2462723.931605
2030-08-11,2462724.525649,2462725.050491,0,12,19,1,2,4,0,43,2462725.138783,2462724.856635
2030-08-12,2462725.525744,2462726.050164,1,13,20,2,4,4,0,43,2462726.037465,2462725.786046
2030-08-13,2462726.525835,2462727.049829,2,14,21,3,0,4,0,43,2462726.947427,2462726.725205
2030-08-14,2462727.525922,2462728.049486,3,15,22,4,2,4,0,43,2462727.874320,2462727.679879
2030-08-15,2462728.526004,2462729.049135,4,16,23,5,4,4,0,43,2462728.823641,2462728.655736
2030-08-16,2462729.526082,2462730.048775,5,17,24,6,6,4,0,43,2462729.800126,2462729.657692
2030-08-17,2462730.526156,2462731.048408,6,18,25,7,1,4,0,43,2462730.806974,2462730.689113
2030-08-18,2462731.526226,2462732.048033,0,19,26,8,3,4,0,43,2462731.844981,2462731.750943
2030-08-19,2462732.526291,2462733.047651,1,20,0,9,5,4,0,43,2462732.911784,2462732.840966
2030-08-20,2462733.526353,2462734.047262,2,21,1,10,0,4,0,43,2462734.001520,2462733.953492
2030-08-21,2462734.526410,2462735.046865,3,22,2,11,1,4,0,43,2462735.105204,2462735.079765
2030-08-22,2462735.526464,2462736.046462,4,23,3,12,3,4,0,43,2462736.211939,2462736.209157
2030-08-23,2462736.526514,2462737.046052,5,24,4,13,5,4,0,43,2462737.310701,2462737.330897
2030-08-24,2462737.526560,2462738.045636,6,25,5,14,0,4,0,43,2462738.392130,2462738.435815
2030-08-25,2462738.526603,2462739.045214,0,26,6,15,2,4,0,43,2462739.449768,2462739.517576
2030-08-26,2462739.526642,2462740.044786,1,27,7,16,4,4,0,43,2462740.480508,2462740.573136
2030-08-27,2462740.526677,2462741.044352,2,28,7,17,6,4,0,43,2462741.484298,2462740.573136
2030-08-28,2462741.526710,2462742.043913,3,29,8,18,8,4,0,43,2462742.463414,2462741.602499
2030-08-29,2462742.526739,2462743.043469,4,0,9,19,10,5,0,43,2462743.421590,2462742.608005
2030-08-30,2462743.526766,2462744.043019,5,1,10,20,1,5,0,43,2462744.363222,2462743.593459
2030-08-31,2462744.526789,2462745.042565,6,2,11,21,3,5,0,43,2462745.292720,2462744.563308
2030-09-01,2462745.526810,2462746.042106,0,3,13,23,5,5,0,43,2462746.214053,2462746.473352
2030-09-02,2462746.526828,2462747.041643,1,4,14,24,0,5,0,43,2462747.130454,2462747.420543
2030-09-03,2462747.526844,2462748.041176,2,5,15,25,2,5,0,43,2462748.044301,2462748.365737
2030-09-04,2462748.526858,2462749.040705,3,6,16,26,5,5,0,43,2462748.957180,2462749.310346
2030-09-05,2462749.526869,2462750.040231,4,7,17,0,0,5,0,43,2462749.870115,2462750.255304
2030-09-06,2462750.526878,2462751.039754,5,8,18,1,2,5,0,43,2462750.783924,2462751.201489
2030-09-07,2462751.526886,2462752.039273,6,9,19,2,4,5,0,43,2462751.699618,2462752.150153
2030-09-08,2462752.526892,2462753.038790,0,10,20,3,6,5,0,43,2462752.618750,2462753.103249
2030-09-09,2462753.526897,2462754.038304,1,11,21,5,1,5,0,43,2462753.543637,2462754.063582
2030-09-10,2462754.526900,2462755.037816,2,13,22,6,4,5,0,43,2462755.423931,2462755.034763
2030-09-11,2462755.526903,2462756.037326,3,14,23,7,6,5,0,43,2462756.387440,2462756.020967
2030-09-12,2462756.526904,2462757.036834,4,15,24,8,1,5,0,43,2462757.372167,2462757.026493
2030-09-13,2462757.526905,2462758.036341,5,16,25,9,3,5,0,43,2462758.381649,2462758.055139
2030-09-14,2462758.526905,2462759.035847,6,17,26,10,5,5,0,43,2462759.417929,2462759.109402
2030-09-15,2462759.526905,2462760.035351,0,18,0,11,0,5,0,43,2462760.480678,2462760.189600
2030-09-16,2462760.526905,2462761.034855,1,19,1,12,2,5,0,43,2462761.566481,2462761.293121
2030-09-17,2462761.526904,2462762.034359,2,19,2,13,3,5,0,43,2462761.566481,2462762.414078
2030-09-18,2462762.526904,2462763.033863,3,20,3,14,5,5,0,43,2462762.668583,2462763.543649
2030-09-19,2462763.526905,2462764.033366,4,21,3,15,0,5,0,43,2462763.777378,2462763.543649
2030-09-20,2462764.526906,2462765.032870,5,22,4,16,2,5,0,43,2462764.881701,2462764.671175
2030-09-21,2462765.526908,2462766.032375,6,23,5,17,4,5,0,43,2462765.970637,2462765.785842
2030-09-22,2462766.526911,2462767.031881,0,24,6,18,6,5,0,43,2462767.035317,2462766.878461
2030-09-23,2462767.526915,2462768.031388,1,25,7,19,0,5,0,43,2462768.070121,2462767.942818
2030-09-24,2462768.526920,2462769.030897,2,26,8,20,2,5,0,43,2462769.073015,2462768.976223
2030-09-25,2462769.526927,2462770.030407,3,27,9,21,4,5,0,43,2462770.045159,2462769.979302
2030-09-26,2462770.526936,2462771.029919,4,28,10,22,7,5,0,43,2462770.990104,2462770.955279
2030-09-27,2462771.526947,2462772.029434,5,29,11,23,9,5,0,43,2462771.912901,2462771.909097
2030-09-28,2462772.526961,2462773.028952,6,0,12,24,0,6,0,43,2462772.819329,2462772.846581
2030-09-29,2462773.526976,2462774.028472,0,1,13,25,2,6,0,43,2462773.715284,2462773.773758
2030-09-30,2462774.526995,2462775.027995,1,2,14,0,4,6,0,43,2462774.606315,2462774.696325
2030-10-01,2462775.527016,2462776.027522,2,4,15,1,0,6,0,43,2462776.392216,2462775.619254
2030-10-02,2462776.527040,2462777.027053,3,5,16,2,2,6,0,43,2462777.294051,2462776.546540
2030-10-03,2462777.527067,2462778.026587,4,6,18,3,4,6,0,43,2462778.204852,2462778.424875
2030-10-04,2462778.527098,2462779.026126,5,7,19,4,6,6,0,43,2462779.125928,2462779.379053
2030-10-05,2462779.527132,2462780.025669,6,8,20,5,1,6,0,43,2462780.058167,2462780.344462
2030-10-06,2462780.527170,2462781.025217,0,9,21,6,3,6,0,43,2462781.002364,2462781.321913
2030-10-07,2462781.527212,2462782.024771,1,10,22,7,6,6,0,43,2462781.959505,2462782.312469
2030-10-08,2462782.527258,2462783.024329,2,11,23,9,1,6,0,43,2462782.930928,2462783.317574
2030-10-09,2462783.527309,2462784.023893,3,12,24,10,3,6,0,43,2462783.918357,2462784.339025
2030-10-10,2462784.527364,2462785.023464,4,13,25,11,5,6,0,43,2462784.923784,2462785.378770
2030-10-11,2462785.527424,2462786.023040,5,14,26,12,0,6,0,43,2462785.949166,2462786.438495
2030-10-12,2462786.527488,2462787.022622,6,15,0,13,2,6,0,43,2462786.995908,2462787.519001
2030-10-13,2462787.527558,2462788.022212,0,16,1,14,4,6,0,43,2462788.064160,2462788.619466
2030-10-14,2462788.527633,2462789.021808,1,17,1,15,5,6,0,43,2462789.152069,2462788.619466
2030-10-15,2462789.527713,2462790.021411,2,18,2,16,0,6,0,43,2462790.255227,2462789.736782
2030-10-16,2462790.527799,2462791.021022,3,19,3,17,2,6,0,43,2462791.366570,2462790.865252
2030-10-17,2462791.527890,2462792.020641,4,20,4,18,4,6,0,43,2462792.476902,2462791.996818
2030-10-18,2462792.527987,2462793.020268,5,21,5,19,6,6,0,43,2462793.576004,2462793.121889
2030-10-19,2462793.528091,2462794.019903,6,21,6,19,0,6,0,43,2462793.576004,2462794.230643
2030-10-20,2462794.528200,2462795.019546,0,22,7,20,2,6,0,43,2462794.654157,2462795.314552
2030-10-21,2462795.528315,2462796.019198,1,23,8,21,4,6,0,43,2462795.703655,2462796.367656
2030-10-22,2462796.528437,2462797.018859,2,24,9,22,6,6,0,43,2462796.719847,2462797.387242
2030-10-23,2462797.528565,2462798.018529,3,25,10,24,1,6,0,43,2462797.701429,2462798.373802
2030-10-24,2462798.528700,2462799.018209,4,26,11,25,3,6,0,43,2462798.650094,2462799.330487
2030-10-25,2462799.528842,2462800.017898,5,27,12,26,5,6,0,43,2462799.569811,2462800.262343
2030-10-26,2462800.528990,2462801.017598,6,29,13,0,8,6,0,43,2462801.345104,2462801.175569
2030-10-27,2462801.529145,2462802.017307,0,0,14,1,10,7,0,43,2462802.213566,2462802.076892
2030-10-28,2462802.529307,2462803.017027,1,1,15,2,1,7,0,43,2462803.077953,2462802.973089
2030-10-29,2462803.529476,2462804.016757,2,2,16,3,4,7,0,43,2462803.944409,2462803.870609
2030-10-30,2462804.529652,2462805.016498,3,3,17,5,6,7,0,43,2462804.818474,2462804.775271
2030-10-31,2462805.529836,2462806.016250,4,4,18,6,1,7,0,43,2462805.704881,2462805.692012
2030-11-01,2462806.530026,2462807.016013,5,5,19,7,3,7,0,43,2462806.607412,2462806.624717
2030-11-02,2462807.530223,2462808.015787,6,7,20,8,6,7,0,43,2462808.470907,2462807.576147
2030-11-03,2462808.530428,2462809.015573,0,8,21,9,1,7,0,43,2462809.434524,2462808.547977
2030-11-04,2462809.530640,2462810.015371,1,9,22,10,3,7,0,43,2462810.419831,2462809.540942
2030-11-05,2462810.530860,2462811.015180,2,10,23,11,5,7,0,43,2462811.426409,2462810.555020
2030-11-06,2462811.531086,2462812.015002,3,11,24,12,0,7,0,43,2462812.453453,2462811.589626
2030-11-07,2462812.531320,2462813.014836,4,12,25,13,2,7,0,43,2462813.499921,2462812.643814
2030-11-08,2462813.531561,2462814.014681,5,13,26,14,4,7,0,43,2462814.564596,2462813.716435
2030-11-09,2462814.531809,2462815.014540,6,13,0,15,5,7,0,43,2462814.564596,2462814.806166
2030-11-10,2462815.532064,2462816.014411,0,14,1,16,0,7,0,43,2462815.645922,2462815.911308
2030-11-11,2462816.532326,2462817.014294,1,15,2,17,2,7,0,43,2462816.741640,2462817.029391
2030-11-12,2462817.532595,2462818.014191,2,16,3,18,4,7,0,43,2462817.848341,2462818.156754
2030-11-13,2462818.532871,2462819.014100,3,17,4,19,6,7,0,43,2462818.961164,2462819.288320
2030-11-14,2462819.533153,2462820.014022,4,18,5,20,1,7,0,43,2462820.073780,2462820.417643
2030-11-15,2462820.533443,2462821.013957,5,19,6,21,2,7,0,43,2462821.178683,2462821.537272
2030-11-16,2462821.533738,2462822.013905,6,20,6,22,4,7,0,43,2462822.267840,2462821.537272
2030-11-17,2462822.534041,2462823.013867,0,21,7,23,6,7,0,43,2462823.333646,2462822.639446
2030-11-18,2462823.534349,2462824.013841,1,22,8,24,1,7,0,43,2462824.370002,2462823.717076
2030-11-19,2462824.534663,2462825.013829,2,23,9,25,3,7,0,43,2462825.373140,2462824.764775
2030-11-20,2462825.534984,2462826.013830,3,24,10,26,5,7,0,43,2462826.341959,2462825.779582
2030-11-21,2462826.535309,2462827.013844,4,25,11,0,0,7,0,43,2462827.277877,2462826.761188
2030-11-22,2462827.535641,2462828.013871,5,26,12,1,2,7,0,43,2462828.184385,2462827.711737
2030-11-23,2462828.535977,2462829.013912,6,27,13,3,4,7,0,43,2462829.066505,2462828.635362
2030-11-24,2462829.536319,2462830.013965,0,28,14,4,7,7,0,43,2462829.930276,2462829.537647
2030-11-25,2462830.536666,2462831.014032,1,29,16,5,9,7,0,43,2462830.782331,2462831.304820
2030-11-26,2462831.537016,2462832.014112,2,0,17,6,0,8,0,43,2462831.629568,2462832.183960
2030-11-27,2462832.537372,2462833.014204,3,2,18,7,3,8,0,43,2462833.337061,2462833.069621
2030-11-28,2462833.537731,2462834.014309,4,3,19,9,5,8,0,43,2462834.210307,2462833.968470
2030-11-29,2462834.538093,2462835.014427,5,4,20,10,0,8,0,43,2462835.104223,2462834.886447
2030-11-30,2462835.538460,2462836.014558,6,5,21,11,2,8,0,43,2462836.023373,2462835.828421
2030-12-01,2462836.538829,2462837.014701,0,6,22,12,5,8,0,43,2462836.970988,2462836.797853
2030-12-02,2462837.539201,2462838.014856,1,7,23,13,0,8,0,43,2462837.948682,2462837.796510
2030-12-03,2462838.539575,2462839.015023,2,8,24,14,2,8,0,43,2462838.956284,2462838.824313
2030-12-04,2462839.539951,2462840.015202,3,9,25,15,4,8,0,43,2462839.991852,2462839.879379
2030-12-05,2462840.540329,2462841.015393,4,10,26,16,6,8,0,43,2462841.051947,2462840.958320
2030-12-06,2462841.540709,2462842.015596,5,11,0,17,0,8,0,43,2462842.132126,2462842.056763
2030-12-07,2462842.541089,2462843.015809,6,12,1,18,2,8,0,43,2462843.227519,2462843.169933
2030-12-08,2462843.541470,2462844.016034,0,13,2,19,4,8,0,43,2462844.333260,2462844.293099
2030-12-09,2462844.541851,2462845.016269,1,14,3,20,6,8,0,43,2462845.444674,2462845.421744
2030-12-10,2462845.542232,2462846.016515,2,15,4,21,1,8,0,43,2462846.557256,2462846.551550
2030-12-11,2462846.542612,2462847.016771,3,15,4,22,2,8,0,43,2462846.557256,2462846.551550
2030-12-12,2462847.542991,2462848.017037,4,16,5,23,4,8,0,43,2462847.666575,2462847.678273
2030-12-13,2462848.543369,2462849.017312,5,17,6,24,6,8,0,43,2462848.768106,2462848.797569
2030-12-14,2462849.543745,2462850.017597,6,18,7,25,1,8,0,43,2462849.857092,2462849.904843
2030-12-15,2462850.544119,2462851.017891,0,19,8,26,3,8,0,43,2462850.928571,2462850.995258
2030-12-16,2462851.544491,2462852.018193,1,20,9,0,5,8,0,43,2462851.977710,2462852.064062
2030-12-17,2462852.544859,2462853.018504,2,21,10,1,0,8,0,43,2462853.000372,2462853.107157
2030-12-18,2462853.545223,2462854.018822,3,22,11,2,2,8,0,43,2462853.993683,2462854.121675
2030-12-19,2462854.545584,2462855.019148,4,23,12,3,4,8,0,43,2462854.956402,2462855.106388
2030-12-20,2462855.545941,2462856.019482,5,24,13,4,6,8,0,43,2462855.889073,2462856.061890
2030-12-21,2462856.546293,2462857.019822,6,25,14,5,1,8,0,43,2462856.793986,2462856.990603
2030-12-22,2462857.546639,2462858.020168,0,26,15,7,3,8,0,43,2462857.674997,2462857.896616
2030-12-23,2462858.546981,2462859.020520,1,28,16,8,6,8,0,43,2462859.386883,2462858.785397
2030-12-24,2462859.547316,2462860.020878,2,29,17,9,8,8,0,43,2462860.230671,2462859.663452
2030-12-25,2462860.547645,2462861.021241,3,0,19,10,10,9,0,43,2462861.075817,2462861.416542
2030-12-26,2462861.547967,2462862.021609,4,1,20,11,2,9,0,43,2462861.929678,2462862.306760
2030-12-27,2462862.548283,2462863.021981,5,2,21,13,4,9,0,43,2462862.799515,2462863.215942
2030-12-28,2462863.548591,2462864.022357,6,3,22,14,6,9,0,43,2462863.692153,2462864.150631
2030-12-29,2462864.548891,2462865.022737,0,4,23,15,1,9,0,43,2462864.613532,2462865.116033
2030-12-30,2462865.549183,2462866.023120,1,5,24,16,3,9,0,43,2462865.568113,2462866.115367
2030-12-31,2462866.549466,2462867.023505,2,6,25,17,5,9,0,43,2462866.558238,2462867.149284
2031-01-01,2462867.549741,2462868.023893,3,7,26,18,0,9,0,43,2462867.583581,2462868.215563
2031-01-02,2462868.550007,2462869.024283,4,8,0,19,2,9,0,43,2462868.640921,2462869.309267
2031-01-03,2462869.550263,2462870.024674,5,9,1,20,4,9,0,43,2462869.724432,2462870.423449
2031-01-04,2462870.550510,2462871.025066,6,10,2,21,6,9,0,43,2462870.826509,2462871.550222
2031-01-05,2462871.550746,2462872.025459,0,11,3,22,1,9,0,43,2462871.938927,2462872.681897
2031-01-06,2462872.550972,2462873.025852,1,12,3,23,3,9,0,43,2462873.053965,2462872.681897
2031-01-07,2462873.551188,2462874.026245,2,13,4,24,4,9,0,43,2462874.165200,2462873.811855
2031-01-08,2462874.551393,2462875.026638,3,14,5,25,6,9,0,43,2462875.267855,2462874.935001
2031-01-09,2462875.551586,2462876.027030,4,15,6,26,1,9,0,43,2462876.358686,2462876.047784
2031-01-10,2462876.551769,2462877.027420,5,16,7,0,3,9,0,43,2462877.435538,2462877.147845
2031-01-11,2462877.551940,2462878.027809,6,17,8,1,5,9,0,43,2462878.496751,2462878.233456
2031-01-12,2462878.552100,2462879.028196,0,18,9,2,0,9,0,43,2462879.540697,2462879.302995
2031-01-13,2462879.552247,2462880.028580,1,19,10,3,2,9,0,43,2462880.565581,2462880.354680
2031-01-14,2462880.552383,2462881.028962,2,19,11,4,3,9,0,43,2462880.565581,2462881.386591
2031-01-15,2462881.552506,2462882.029341,3,20,12,5,5,9,0,43,2462881.569542,2462882.396913
2031-01-16,2462882.552618,2462883.029717,4,22,13,6,1,9,0,43,2462883.508533,2462883.384268
2031-01-17,2462883.552717,2462884.030090,5,23,14,7,3,9,0,43,2462884.442143,2462884.348103
2031-01-18,2462884.552803,2462885.030458,6,24,15,8,5,9,0,43,2462885.352668,2462885.289073
2031-01-19,2462885.552877,2462886.030823,0,25,16,9,0,9,0,43,2462886.242453,2462886.209321
2031-01-20,2462886.552938,2462887.031183,1,26,17,11,2,9,0,43,2462887.115290,2462887.112569
2031-01-21,2462887.552987,2462888.031538,2,27,18,12,5,9,0,43,2462887.976279,2462888.003989
2031-01-22,2462888.553023,2462889.031889,3,28,19,13,7,9,0,43,2462888.831564,2462888.889935
2031-01-23,2462889.553046,2462890.032234,4,29,20,14,9,9,0,43,2462889.688052,2462889.777587
2031-01-24,2462890.553056,2462891.032575,5,0,21,15,0,10,0,43,2462890.553104,2462890.674585
2031-01-25,2462891.553054,2462892.032910,6,2,22,17,3,10,0,43,2462892.338613,2462891.588614
2031-01-26,2462892.553039,2462893.033239,0,3,24,18,5,10,0,43,2462893.272689,2462893.495515
2031-01-27,2462893.553011,2462894.033562,1,4,25,19,0,10,0,43,2462894.241272,2462894.498634
2031-01-28,2462894.552970,2462895.033880,2,5,26,20,2,10,0,43,2462895.246768,2462895.537622
2031-01-29,2462895.552917,2462896.034191,3,6,0,21,4,10,0,43,2462896.288378,2462896.610453
2031-01-30,2462896.552851,2462897.034496,4,7,0,22,6,10,0,43,2462897.361706,2462896.610453
2031-01-31,2462897.552772,2462898.034795,5,8,1,23,1,10,0,43,2462898.459061,2462897.711604
2031-02-01,2462898.552681,2462899.035087,6,9,2,24,3,10,0,43,2462899.570544,2462898.832695
2031-02-02,2462899.552578,2462900.035373,0,9,3,25,4,10,0,43,2462899.570544,2462899.963802
2031-02-03,2462900.552462,2462901.035652,1,10,4,26,6,10,0,43,2462900.685684,2462901.095094
2031-02-04,2462901.552334,2462902.035924,2,11,5,0,1,10,0,43,2462901.795110,2462902.218293
2031-02-05,2462902.552194,2462903.036190,3,12,6,1,3,10,0,43,2462902.891752,2462903.327562
2031-02-06,2462903.552042,2462904.036449,4,13,7,2,5,10,0,43,2462903.971299,2462904.419694
2031-02-07,2462904.551879,2462905.036701,5,14,8,3,0,10,0,43,2462905.031962,2462905.493698
2031-02-08,2462905.551703,2462906.036946,6,15,9,4,1,10,0,43,2462906.073786,2462906.550046
2031-02-09,2462906.551517,2462907.037184,0,16,10,5,3,10,0,43,2462907.097808,2462907.589866
2031-02-10,2462907.551319,2462908.037416,1,17,10,6,5,10,0,43,2462908.105318,2462907.589866
2031-02-11,2462908.551110,2462909.037640,2,18,11,7,0,10,0,43,2462909.097350,2462908.614288
2031-02-12,2462909.550890,2462910.037858,3,19,12,8,2,10,0,43,2462910.074434,2462909.624045
2031-02-13,2462910.550659,2462911.038069,4,20,13,9,4,10,0,43,2462911.036589,2462910.619329
2031-02-14,2462911.550418,2462912.038273,5,21,14,10,0,10,0,43,2462911.983516,2462911.599897
2031-02-15,2462912.550166,2462913.038470,6,22,15,11,2,10,0,43,2462912.914955,2462912.565363
2031-02-16,2462913.549904,2462914.038661,0,23,17,12,4,10,0,43,2462913.831141,2462914.451531
2031-02-17,2462914.549632,2462915.038845,1,24,18,13,6,10,0,43,2462914.733239,2462915.374944
2031-02-18,2462915.549351,2462916.039023,2,25,19,15,1,10,0,43,2462915.623635,2462916.289270
2031-02-19,2462916.549059,2462917.039194,3,27,20,16,4,10,0,43,2462917.385338,2462917.199241
2031-02-20,2462917.548759,2462918.039359,4,28,21,17,6,10,0,43,2462918.267439,2462918.110718
2031-02-21,2462918.548450,2462919.039518,5,29,22,18,8,10,0,43,2462919.158882,2462919.030333
2031-02-22,2462919.548132,2462920.039671,6,0,23,19,10,11,0,43,2462920.066490,2462919.965048
2031-02-23,2462920.547805,2462921.039818,0,1,24,20,2,11,0,43,2462920.996883,2462920.921609
2031-02-24,2462921.547470,2462922.039959,1,2,25,21,4,11,0,43,2462921.955843,2462921.905854
2031-02-25,2462922.547127,2462923.040094,2,3,26,23,6,11,0,43,2462922.947516,2462922.921880
2031-02-26,2462923.546776,2462924.040223,3,4,0,24,1,11,0,43,2462923.973507,2462923.971147
2031-02-27,2462924.546417,2462925.040347,4,5,1,25,3,11,0,43,2462925.032074,2462925.051746
2031-02-28,2462925.546051,2462926.040466,5,6,2,26,4,11,0,43,2462926.117755,2462926.158124
2031-03-01,2462926.545678,2462927.040580,6,7,3,0,6,11,0,43,2462927.221736,2462927.281566
2031-03-02,2462927.545298,2462928.040688,0,8,4,1,1,11,0,43,2462928.333085,2462928.411460
2031-03-03,2462928.544912,2462929.040792,1,9,5,1,3,11,0,43,2462929.440598,2462929.537079
2031-03-04,2462929.544520,2462930.040891,2,10,6,2,5,11,0,43,2462930.534645,2462930.649309
2031-03-05,2462930.544121,2462931.040986,3,11,6,3,0,11,0,43,2462931.608450,2462930.649309
2031-03-06,2462931.543717,2462932.041076,4,11,7,4,1,11,0,43,2462931.608450,2462931.741823
2031-03-07,2462932.543307,2462933.041162,5,12,8,5,3,11,0,43,2462932.658499,2462932.811438
2031-03-08,2462933.542892,2462934.041244,6,13,9,6,5,11,0,43,2462933.684216,2462933.857791
2031-03-09,2462934.542472,2462935.041322,0,14,10,7,0,11,0,43,2462934.687199,2462934.882587
2031-03-10,2462935.542048,2462936.041397,1,15,11,9,2,11,0,43,2462935.670330,2462935.888731
2031-03-11,2462936.541619,2462937.041468,2,16,12,10,4,11,0,43,2462936.636983,2462936.879546
2031-03-12,2462937.541186,2462938.041536,3,17,13,11,6,11,0,43,2462937.590413,2462937.858160
2031-03-13,2462938.540749,2462939.041601,4,19,14,12,2,11,0,43,2462939.467850,2462938.827127
2031-03-14,2462939.540308,2462940.041663,5,20,15,13,4,11,0,43,2462940.395229,2462939.788268
2031-03-15,2462940.539865,2462941.041722,6,21,16,14,6,11,0,43,2462941.316352,2462940.742742
2031-03-16,2462941.539418,2462942.041779,0,22,17,15,1,11,0,43,2462942.231926,2462941.691315
2031-03-17,2462942.538969,2462943.041833,1,23,18,16,3,11,0,43,2462943.142904,2462942.634755
2031-03-18,2462943.538517,2462944.041886,2,24,19,17,5,11,0,43,2462944.050846,2462943.574262
2031-03-19,2462944.538063,2462945.041936,3,25,21,19,1,11,0,43,2462944.958155,2462945.450330
2031-03-20,2462945.537607,2462946.041985,4,26,22,20,3,11,0,43,2462945.868161,2462946.393717
2031-03-21,2462946.537150,2462947.042033,5,27,23,21,5,11,0,43,2462946.785048,2462947.346645
2031-03-22,2462947.536691,2462948.042079,6,28,24,22,7,11,0,43,2462947.713641,2462948.314236
2031-03-23,2462948.536231,2462949.042124,0,29,25,23,9,11,0,43,2462948.659062,2462949.301580
2031-03-24,2462949.535770,2462950.042168,1,0,26,24,0,0,0,44,2462949.626254,2462950.313102
2031-03-25,2462950.535309,2462951.042211,2,1,0,25,2,0,0,44,2462950.619346,2462951.351803
2031-03-26,2462951.534848,2462952.042254,3,2,1,26,4,0,0,44,2462951.640894,2462952.418447
2031-03-27,2462952.534386,2462953.042297,4,3,2,0,6,0,0,44,2462952.691063,2462953.510884
2031-03-28,2462953.533925,2462954.042339,5,4,3,1,1,0,0,44,2462953.766978,2462954.623758
2031-03-29,2462954.533465,2462955.042381,6,5,3,2,3,0,0,44,2462954.862484,2462954.623758
2031-03-30,2462955.533005,2462956.042424,0,6,4,3,5,0,0,44,2462955.968587,2462955.748821
2031-03-31,2462956.532547,2462957.042467,1,7,5,4,0,0,0,44,2462957.074631,2462956.875958
2031-04-01,2462957.532090,2462958.042511,2,8,6,5,1,0,0,44,2462958.169987,2462957.994739
2031-04-02,2462958.531634,2462959.042555,3,9,7,6,3,0,0,44,2462959.245733,2462959.096081
2031-04-03,2462959.531181,2462960.042601,4,10,8,7,5,0,0,44,2462960.295817,2462960.173498
2031-04-04,2462960.530729,2462961.042647,5,11,9,8,0,0,0,44,2462961.317427,2462961.223651
2031-04-05,2462961.530280,2462962.042695,6,12,10,9,2,0,0,44,2462962.310693,2462962.246195
2031-04-06,2462962.529834,2462963.042744,0,13,11,10,4,0,0,44,2462963.277990,2462963.243178
2031-04-07,2462963.529391,2462964.042795,1,14,12,11,6,0,0,44,2462964.223144,2462964.218262
2031-04-08,2462964.528950,2462965.042848,2,15,13,12,1,0,0,44,2462965.150718,2462965.175975
2031-04-09,2462965.528514,2462966.042903,3,16,14,13,3,0,0,44,2462966.065449,2462966.121101
2031-04-10,2462966.528081,2462967.042960,4,17,15,15,6,0,0,44,2462966.971837,2462967.058215
2031-04-11,2462967.527652,2462968.043019,5,18,16,16,1,0,0,44,2462967.873887,2462967.991381
2031-04-12,2462968.527227,2462969.043080,6,19,17,17,3,0,0,44,2462968.774972,2462968.924001
2031-04-13,2462969.526807,2462970.043144,0,20,18,18,5,0,0,44,2462969.677828,2462969.858809
2031-04-14,2462970.526391,2462971.043211,1,21,19,19,0,0,0,44,2462970.584651,2462970.797984
2031-04-15,2462971.525980,2462972.043280,2,23,20,20,3,0,0,44,2462972.417361,2462971.743353
2031-04-16,2462972.525575,2462973.043353,3,24,21,21,5,0,0,44,2462973.346649,2462972.696628
2031-04-17,2462973.525175,2462974.043428,4,25,22,23,0,0,0,44,2462974.287054,2462973.659607
2031-04-18,2462974.524780,2462975.043507,5,26,23,24,2,0,0,44,2462975.240763,2462974.634312
2031-04-19,2462975.524391,2462976.043588,6,27,24,25,4,0,0,44,2462976.210204,2462975.623033
2031-04-20,2462976.524008,2462977.043674,0,28,25,26,6,0,0,44,2462977.197890,2462976.628239
2031-04-21,2462977.523632,2462978.043762,1,29,26,0,8,0,0,44,2462978.206126,2462977.652355
2031-04-22,2462978.523262,2462979.043854,2,0,0,1,10,1,0,44,2462979.236536,2462978.697370
2031-04-23,2462979.522899,2462980.043950,3,1,1,2,1,1,0,44,2462980.289483,2462979.764289
2031-04-24,2462980.522543,2462981.044050,4,2,2,3,3,1,0,44,2462981.363472,2462980.852528
2031-04-25,2462981.522193,2462982.044153,5,3,3,4,5,1,0,44,2462982.454720,2462981.959403
2031-04-26,2462982.521851,2462983.044260,6,4,4,5,0,1,0,44,2462983.557058,2462983.079886
2031-04-27,2462983.521517,2462984.044371,0,4,5,6,1,1,0,44,2462983.557058,2462984.206770
2031-04-28,2462984.521190,2462985.044486,1,5,6,7,3,1,0,44,2462984.662297,2462985.331296
2031-04-29,2462985.520871,2462986.044604,2,6,7,8,5,1,0,44,2462985.761075,2462986.444224
2031-04-30,2462986.520560,2462987.044727,3,7,8,9,0,1,0,44,2462986.844129,2462987.537165
2031-05-01,2462987.520258,2462988.044854,4,8,8,10,2,1,0,44,2462987.903647,2462987.537165
2031-05-02,2462988.519963,2462989.044984,5,9,9,11,4,1,0,44,2462988.934301,2462988.603782
2031-05-03,2462989.519678,2462990.045119,6,10,10,12,6,1,0,44,2462989.933647,2462989.640484
2031-05-04,2462990.519400,2462991.045258,0,11,11,13,1,1,0,44,2462990.901958,2462990.646516
2031-05-05,2462991.519132,2462992.045400,1,12,12,14,3,1,0,44,2462991.841703,2462991.623594
2031-05-06,2462992.518873,2462993.045547,2,13,13,15,5,1,0,44,2462992.756933,2462992.575324
2031-05-07,2462993.518622,2462994.045697,3,14,15,16,0,1,0,44,2462993.652702,2462994.423045
2031-05-08,2462994.518381,2462995.045852,4,15,16,17,2,1,0,44,2462994.534589,2462995.330595
2031-05-09,2462995.518149,2462996.046010,5,17,17,19,5,1,0,44,2462996.279520,2462996.235114
2031-05-10,2462996.517927,2462997.046172,6,18,18,20,0,1,0,44,2462997.153440,2462997.142137
2031-05-11,2462997.517714,2462998.046337,0,19,19,21,2,1,0,44,2462998.034850,2462998.056652
2031-05-12,2462998.517510,2462999.046506,1,20,20,22,5,1,0,44,2462998.927880,2462998.982939
2031-05-13,2462999.517317,2463000.046679,2,21,21,23,0,1,0,44,2462999.835931,2462999.924455
2031-05-14,2463000.517133,2463001.046855,3,22,22,24,2,1,0,44,2463000.761618,2463000.883777
2031-05-15,2463001.516958,2463002.047035,4,23,23,25,4,1,0,44,2463001.706750,2463001.862596
2031-05-16,2463002.516794,2463003.047217,5,24,24,26,6,1,0,44,2463002.672365,2463002.861773
2031-05-17,2463003.516640,2463004.047403,6,25,25,1,1,1,0,44,2463003.658815,2463003.881464
2031-05-18,2463004.516495,2463005.047591,0,26,26,2,3,1,0,44,2463004.665911,2463004.921294
2031-05-19,2463005.516361,2463006.047783,1,27,0,3,5,1,0,44,2463005.693068,2463005.980506
2031-05-20,2463006.516237,2463007.047977,2,28,1,4,7,1,0,44,2463006.739369,2463007.058012
2031-05-21,2463007.516122,2463008.048173,3,29,2,5,9,1,0,44,2463007.803471,2463008.152246
2031-05-22,2463008.516018,2463009.048372,4,0,3,6,0,2,0,44,2463008.883360,2463009.260900
2031-05-23,2463009.515924,2463010.048573,5,1,4,7,2,2,0,44,2463009.976056,2463010.380634
2031-05-24,2463010.515839,2463011.048775,6,2,5,7,3,2,0,44,2463011.077390,2463011.506906
2031-05-25,2463011.515765,2463012.048980,0,3,6,8,5,2,0,44,2463012.181920,2463012.633933
2031-05-26,2463012.515700,2463013.049186,1,4,6,9,0,2,0,44,2463013.283017,2463012.633933
2031-05-27,2463013.515646,2463014.049393,2,5,7,10,2,2,0,44,2463014.373228,2463013.754847
2031-05-28,2463014.515601,2463015.049601,3,6,8,11,4,2,0,44,2463015.445036,2463014.862185
2031-05-29,2463015.515566,2463016.049810,4,7,9,12,6,2,0,44,2463016.491854,2463015.948761
2031-05-30,2463016.515540,2463017.050020,5,8,10,13,1,2,0,44,2463017.508931,2463017.008674
2031-05-31,2463017.515524,2463018.050230,6,9,11,14,3,2,0,44,2463018.493831,2463018.038087
2031-06-01,2463018.515518,2463019.050440,0,10,12,15,5,2,0,44,2463019.446482,2463019.035566
2031-06-02,2463019.515521,2463020.050650,1,11,13,17,0,2,0,44,2463020.368934,2463020.002028
2031-06-03,2463020.515533,2463021.050860,2,12,14,18,2,2,0,44,2463021.264963,2463020.940458
2031-06-04,2463021.515554,2463022.051069,3,13,15,19,4,2,0,44,2463022.139646,2463021.855497
2031-06-05,2463022.515584,2463023.051277,4,14,16,20,6,2,0,44,2463022.998938,2463022.752991
2031-06-06,2463023.515622,2463024.051484,5,15,17,21,2,2,0,44,2463023.849317,2463023.639559
2031-06-07,2463024.515670,2463025.051689,6,16,18,22,4,2,0,44,2463024.697477,2463024.522206
2031-06-08,2463025.515726,2463026.051892,0,17,20,24,6,2,0,44,2463025.550085,2463026.303722
2031-06-09,2463026.515790,2463027.052094,1,19,21,25,2,2,0,44,2463027.293721,2463027.215632
2031-06-10,2463027.515862,2463028.052293,2,20,22,26,4,2,0,44,2463028.195672,2463028.149025
2031-06-11,2463028.515942,2463029.052489,3,21,23,0,6,2,0,44,2463029.123281,2463029.107910
2031-06-12,2463029.516029,2463030.052683,4,22,24,1,1,2,0,44,2463030.078947,2463030.094652
2031-06-13,2463030.516125,2463031.052873,5,23,25,2,3,2,0,44,2463031.063353,2463031.109770
2031-06-14,2463031.516227,2463032.053060,6,24,26,3,5,2,0,44,2463032.075435,2463032.151960
2031-06-15,2463032.516336,2463033.053243,0,25,0,4,0,2,0,44,2463033.112613,2463033.218397
2031-06-16,2463033.516452,2463034.053422,1,26,1,5,2,2,0,44,2463034.171242,2463034.305265
2031-06-17,2463034.516575,2463035.053596,2,27,2,6,4,2,0,44,2463035.247149,2463035.408323
2031-06-18,2463035.516703,2463036.053766,3,28,3,7,6,2,0,44,2463036.336062,2463036.523315
2031-06-19,2463036.516838,2463037.053931,4,29,3,8,8,2,0,44,2463037.433818,2463036.523315
2031-06-20,2463037.516978,2463038.054090,5,0,4,9,10,3,0,44,2463038.536391,2463037.646150
2031-06-21,2463038.517124,2463039.054244,6,0,5,10,0,3,0,44,2463038.536391,2463038.772886
2031-06-22,2463039.517275,2463040.054393,0,1,6,11,2,3,0,44,2463039.639776,2463039.899577
2031-06-23,2463040.517431,2463041.054535,1,2,7,12,4,3,0,44,2463040.739764,2463041.022013
2031-06-24,2463041.517592,2463042.054671,2,3,8,13,6,3,0,44,2463041.831681,2463042.135457
2031-06-25,2463042.517757,2463043.054800,3,4,9,14,1,3,0,44,2463042.910288,2463043.234596
2031-06-26,2463043.517926,2463044.054923,4,5,10,15,3,3,0,44,2463043.970047,2463044.313908
2031-06-27,2463044.518098,2463045.055038,5,6,11,16,5,3,0,44,2463045.005743,2463045.368348
2031-06-28,2463045.518275,2463046.055146,6,7,12,17,0,3,0,44,2463046.013204,2463046.394061
2031-06-29,2463046.518454,2463047.055247,0,8,13,18,2,3,0,44,2463046.989851,2463047.388927
2031-06-30,2463047.518636,2463048.055339,1,9,14,19,4,3,0,44,2463047.935005,2463048.352846
2031-07-01,2463048.518821,2463049.055424,2,10,15,20,6,3,0,44,2463048.849969,2463049.287813
2031-07-02,2463049.519008,2463050.055500,3,11,16,21,1,3,0,44,2463049.737901,2463050.197759
2031-07-03,2463050.519198,2463051.055568,4,12,17,23,3,3,0,44,2463050.603539,2463051.088219
2031-07-04,2463051.519388,2463052.055628,5,14,18,24,6,3,0,44,2463052.292511,2463051.965913
2031-07-05,2463052.519581,2463053.055678,6,15,19,25,1,3,0,44,2463053.129859,2463052.838315
2031-07-06,2463053.519774,2463054.055720,0,16,20,26,3,3,0,44,2463053.972326,2463053.713277
2031-07-07,2463054.519969,2463055.055753,1,17,21,0,6,3,0,44,2463054.827309,2463054.598671
2031-07-08,2463055.520164,2463056.055776,2,18,23,2,1,3,0,44,2463055.701826,2463056.429963
2031-07-09,2463056.520360,2463057.055789,3,19,24,3,3,3,0,44,2463056.602101,2463057.387798
2031-07-10,2463057.520555,2463058.055794,4,20,25,4,5,3,0,44,2463057.533031,2463058.378740
2031-07-11,2463058.520750,2463059.055788,5,22,26,5,1,3,0,44,2463059.496369,2463059.403468
2031-07-12,2463059.520945,2463060.055773,6,23,0,6,3,3,0,44,2463060.527279,2463060.459927
2031-07-13,2463060.521140,2463061.055747,0,23,1,7,4,3,0,44,2463060.527279,2463061.543614
2031-07-14,2463061.521333,2463062.055712,1,24,1,8,6,3,0,44,2463061.585862,2463061.543614
2031-07-15,2463062.521525,2463063.055666,2,25,2,9,1,3,0,44,2463062.665933,2463062.648316
2031-07-16,2463063.521716,2463064.055610,3,26,3,10,3,3,0,44,2463063.760560,2463063.767128
2031-07-17,2463064.521905,2463065.055544,4,27,4,11,5,3,0,44,2463064.863030,2463064.893425
2031-07-18,2463065.522092,2463066.055468,5,28,5,12,7,3,0,44,2463065.967547,2463066.021540
2031-07-19,2463066.522278,2463067.055381,6,29,6,13,9,3,0,44,2463067.069522,2463067.147020
2031-07-20,2463067.522461,2463068.055284,0,0,7,14,10,4,0,44,2463068.165458,2463068.266486
2031-07-21,2463068.522641,2463069.055177,1,1,8,15,1,4,0,44,2463069.252548,2463069.377197
2031-07-22,2463069.522819,2463070.055059,2,2,9,16,3,4,0,44,2463070.328133,2463070.476497
2031-07-23,2463070.522994,2463071.054930,3,3,10,17,5,4,0,44,2463071.389274,2463071.561392
2031-07-24,2463071.523167,2463072.054792,4,4,10,18,0,4,0,44,2463072.432627,2463071.561392
2031-07-25,2463072.523336,2463073.054642,5,5,11,19,2,4,0,44,2463073.454661,2463072.628450
2031-07-26,2463073.523502,2463074.054483,6,6,12,20,4,4,0,44,2463074.452121,2463073.674075
2031-07-27,2463074.523664,2463075.054312,0,7,13,21,6,4,0,44,2463075.422565,2463074.694999
2031-07-28,2463075.523823,2463076.054132,1,8,14,22,1,4,0,44,2463076.364852,2463075.688867
2031-07-29,2463076.523978,2463077.053941,2,9,15,23,3,4,0,44,2463077.279507,2463076.654763
2031-07-30,2463077.524130,2463078.053741,3,10,16,24,5,4,0,44,2463078.168860,2463077.593604
2031-07-31,2463078.524277,2463079.053530,4,11,18,25,0,4,0,44,2463079.036954,2463079.403471
2031-08-01,2463079.524421,2463080.053308,5,12,19,26,3,4,0,44,2463079.889256,2463080.285391
2031-08-02,2463080.524560,2463081.053077,6,13,20,1,5,4,0,44,2463080.732293,2463081.161271
2031-08-03,2463081.524696,2463082.052836,0,14,21,2,0,4,0,44,2463081.573294,2463082.038995
2031-08-04,2463082.524827,2463083.052586,1,16,22,3,3,4,0,44,2463083.279751,2463082.926688
2031-08-05,2463083.524954,2463084.052325,2,17,23,4,5,4,0,44,2463084.160329,2463083.832297
2031-08-06,2463084.525076,2463085.052055,3,18,24,5,0,4,0,44,2463085.068268,2463084.763063
2031-08-07,2463085.525195,2463086.051776,4,19,25,7,2,4,0,44,2463086.008823,2463085.724851
2031-08-08,2463086.525309,2463087.051487,5,20,26,8,5,4,0,44,2463086.985107,2463086.721384
2031-08-09,2463087.525418,2463088.051190,6,21,0,9,0,4,0,44,2463087.997436,2463087.753547
2031-08-10,2463088.525524,2463089.050883,0,22,1,10,2,4,0,44,2463089.042986,2463088.819018
2031-08-11,2463089.525624,2463090.050567,1,23,2,11,3,4,0,44,2463090.115980,2463089.912428
2031-08-12,2463090.525721,2463091.050243,2,24,3,12,5,4,0,44,2463091.208479,2463091.026133
2031-08-13,2463091.525813,2463092.049910,3,25,4,13,0,4,0,44,2463092.311638,2463092.151439
2031-08-14,2463092.525900,2463093.049568,4,26,5,14,2,4,0,44,2463093.417089,2463093.279994
2031-08-15,2463093.525984,2463094.049219,5,27,6,15,4,4,0,44,2463094.518010,2463094.404886
2031-08-16,2463094.526063,2463095.048862,6,28,7,16,6,4,0,44,2463095.609602,2463095.521184
2031-08-17,2463095.526138,2463096.048496,0,28,8,16,7,4,0,44,2463095.609602,2463096.625864
2031-08-18,2463096.526208,2463097.048123,1,29,8,17,9,4,0,44,2463096.688963,2463096.625864
2031-08-19,2463097.526275,2463098.047743,2,0,9,18,0,5,1,44,2463097.754571,2463097.717316
2031-08-20,2463098.526337,2463099.047355,3,1,10,19,2,5,1,44,2463098.805605,2463098.794669
2031-08-21,2463099.526396,2463100.046960,4,2,11,20,4,5,1,44,2463099.841337,2463099.857152
2031-08-22,2463100.526450,2463101.046559,5,3,12,21,6,5,1,44,2463100.860724,2463100.903674
2031-08-23,2463101.526501,2463102.046151,6,4,13,23,1,5,1,44,2463101.862306,2463101.932698
2031-08-24,2463102.526548,2463103.045736,0,5,14,24,3,5,1,44,2463102.844368,2463102.942419
2031-08-25,2463103.526591,2463104.045315,1,6,15,25,5,5,1,44,2463103.805332,2463103.931188
2031-08-26,2463104.526631,2463105.044889,2,7,16,26,0,5,1,44,2463104.744251,2463104.898049
2031-08-27,2463105.526668,2463106.044456,3,8,17,0,2,5,1,44,2463105.661282,2463105.843259
2031-08-28,2463106.526701,2463107.044018,4,9,18,1,4,5,1,44,2463106.558005,2463106.768646
2031-08-29,2463107.526731,2463108.043575,5,11,19,2,0,5,1,44,2463108.304350,2463107.677697
2031-08-30,2463108.526758,2463109.043127,6,12,20,3,2,5,1,44,2463109.164152,2463108.575417
2031-08-31,2463109.526782,2463110.042674,0,13,22,5,4,5,1,44,2463110.023448,2463110.362578
2031-09-01,2463110.526804,2463111.042216,1,14,23,6,0,5,1,44,2463110.889285,2463111.266569
2031-09-02,2463111.526823,2463112.041754,2,15,24,7,2,5,1,44,2463111.768899,2463112.187476
2031-09-03,2463112.526839,2463113.041288,3,16,25,8,4,5,1,44,2463112.669307,2463113.132213
2031-09-04,2463113.526853,2463114.040818,4,17,26,9,6,5,1,44,2463113.596774,2463114.106447
2031-09-05,2463114.526865,2463115.040345,5,18,0,10,1,5,1,44,2463114.556140,2463115.113819
2031-09-06,2463115.526875,2463116.039868,6,19,1,11,3,5,1,44,2463115.550055,2463116.155208
2031-09-07,2463116.526883,2463117.039388,0,20,2,12,5,5,1,44,2463116.578300,2463117.228267
2031-09-08,2463117.526890,2463118.038906,1,21,3,13,0,5,1,44,2463117.637411,2463118.327447
2031-09-09,2463118.526895,2463119.038420,2,22,4,14,2,5,1,44,2463118.720825,2463119.444625
2031-09-10,2463119.526898,2463120.037933,3,23,5,15,4,5,1,44,2463119.819675,2463120.570319
2031-09-11,2463120.526901,2463121.037443,4,24,5,16,6,5,1,44,2463120.924142,2463120.570319
2031-09-12,2463121.526902,2463122.036952,5,25,6,17,1,5,1,44,2463122.025020,2463121.695198
2031-09-13,2463122.526903,2463123.036459,6,26,7,18,2,5,1,44,2463123.114980,2463122.811456
2031-09-14,2463123.526904,2463124.035965,0,27,8,19,4,5,1,44,2463124.189183,2463123.913618
2031-09-15,2463124.526904,2463125.035470,1,28,9,20,6,5,1,44,2463125.245207,2463124.998651
2031-09-16,2463125.526903,2463126.034974,2,29,10,21,8,5,1,44,2463126.282531,2463126.065570
2031-09-17,2463126.526903,2463127.034478,3,0,11,22,10,5,0,44,2463127.301844,2463127.114778
2031-09-18,2463127.526903,2463128.033981,4,1,12,23,1,5,0,44,2463128.304362,2463128.147364
2031-09-19,2463128.526903,2463129.033485,5,2,13,24,3,5,0,44,2463129.291290,2463129.164506
2031-09-20,2463129.526904,2463130.032989,6,3,14,25,5,5,0,44,2463130.263499,2463130.167091
2031-09-21,2463130.526906,2463131.032494,0,4,15,26,0,5,0,44,2463131.221446,2463131.155581
2031-09-22,2463131.526908,2463132.031999,1,5,16,0,2,5,0,44,2463132.165317,2463132.130138
2031-09-23,2463132.526912,2463133.031506,2,6,17,2,4,5,0,44,2463133.095334,2463133.090940
2031-09-24,2463133.526917,2463134.031014,3,7,18,3,6,5,0,44,2463134.012120,2463134.038573
2031-09-25,2463134.526924,2463135.030524,4,8,19,4,2,5,0,44,2463134.917025,2463134.974405
2031-09-26,2463135.526932,2463136.030036,5,9,20,5,4,5,0,44,2463135.812340,2463135.900825
2031-09-27,2463136.526943,2463137.029550,6,10,21,6,6,5,0,44,2463136.701371,2463136.821322
2031-09-28,2463137.526955,2463138.029067,0,11,22,7,1,5,0,44,2463137.588374,2463137.740408
2031-09-29,2463138.526970,2463139.028586,1,13,23,8,4,5,0,44,2463139.377052,2463138.663418
2031-09-30,2463139.526988,2463140.028109,2,14,24,10,6,5,0,44,2463140.290186,2463139.596213
2031-10-01,2463140.527008,2463141.027635,3,15,25,11,1,5,0,44,2463141.223496,2463140.544786
2031-10-02,2463141.527032,2463142.027165,4,16,0,12,3,5,0,44,2463142.182003,2463142.510808
2031-10-03,2463142.527058,2463143.026698,5,17,1,13,5,5,0,44,2463143.169413,2463143.535884
2031-10-04,2463143.527088,2463144.026236,6,18,1,14,0,5,0,44,2463144.187426,2463143.535884
2031-10-05,2463144.527121,2463145.025778,0,19,2,15,2,5,0,44,2463145.235112,2463144.590622
2031-10-06,2463145.527159,2463146.025325,1,20,3,16,4,5,0,44,2463146.308550,2463145.672801
2031-10-07,2463146.527200,2463147.024877,2,21,4,17,6,5,0,44,2463147.400925,2463146.777233
2031-10-08,2463147.527245,2463148.024434,3,22,5,18,1,5,0,44,2463148.503214,2463147.896161
2031-10-09,2463148.527294,2463149.023997,4,23,6,19,3,5,0,44,2463149.605441,2463149.020214
2031-10-10,2463149.527348,2463150.023566,5,23,7,20,4,5,0,44,2463149.605441,2463150.139795
2031-10-11,2463150.527407,2463151.023140,6,24,8,21,6,5,0,44,2463150.698198,2463151.246511
2031-10-12,2463151.527470,2463152.022721,0,25,9,22,1,5,0,44,2463151.773972,2463152.334220
2031-10-13,2463152.527538,2463153.022309,1,26,10,23,3,5,0,44,2463152.827890,2463153.399453
2031-10-14,2463153.527612,2463154.021904,2,27,11,24,5,5,0,44,2463153.857785,2463154.441243
2031-10-15,2463154.527691,2463155.021505,3,28,12,25,7,5,0,44,2463154.863781,2463155.460603
2031-10-16,2463155.527775,2463156.021114,4,29,13,26,9,5,0,44,2463155.847656,2463156.459866
2031-10-17,2463156.527865,2463157.020731,5,0,14,0,0,6,0,44,2463156.812178,2463157.442065
2031-10-18,2463157.527961,2463158.020356,6,1,15,1,2,6,0,44,2463157.760542,2463158.410430
2031-10-19,2463158.528063,2463159.019989,0,2,16,2,4,6,0,44,2463158.695963,2463159.368044
2031-10-20,2463159.528170,2463160.019630,1,3,17,3,6,6,0,44,2463159.621410,2463160.317667
2031-10-21,2463160.528284,2463161.019280,2,4,18,4,1,6,0,44,2463160.539498,2463161.261700
2031-10-22,2463161.528404,2463162.018939,3,6,19,6,4,6,0,44,2463162.362474,2463162.202278
2031-10-23,2463162.528531,2463163.018607,4,7,20,7,6,6,0,44,2463163.271383,2463163.141426
2031-10-24,2463163.528664,2463164.018284,5,8,21,8,1,6,0,44,2463164.181306,2463164.081248
2031-10-25,2463164.528804,2463165.017971,6,9,22,9,3,6,0,44,2463165.094559,2463165.024079
2031-10-26,2463165.528951,2463166.017668,0,10,23,10,5,6,0,44,2463166.013791,2463165.972594
2031-10-27,2463166.529104,2463167.017375,1,11,24,11,1,6,0,44,2463166.942009,2463166.929825
2031-10-28,2463167.529264,2463168.017092,2,12,25,12,3,6,0,44,2463167.882524,2463167.899112
2031-10-29,2463168.529432,2463169.016820,3,13,26,13,5,6,0,44,2463168.838816,2463168.883931
2031-10-30,2463169.529606,2463170.016558,4,14,0,15,0,6,0,44,2463169.814282,2463169.887625
2031-10-31,2463170.529788,2463171.016307,5,15,1,16,2,6,0,44,2463170.811862,2463170.912991
2031-11-01,2463171.529976,2463172.016068,6,16,2,17,4,6,0,44,2463171.833544,2463171.961766
2031-11-02,2463172.530172,2463173.015839,0,17,3,18,6,6,0,44,2463172.879794,2463173.034063
2031-11-03,2463173.530375,2463174.015622,1,18,4,19,1,6,0,44,2463173.949012,2463174.127875
2031-11-04,2463174.530585,2463175.015417,2,19,5,20,3,6,0,44,2463175.037171,2463175.238805
2031-11-05,2463175.530803,2463176.015224,3,20,6,21,4,6,0,44,2463176.137792,2463176.360143
2031-11-06,2463176.531027,2463177.015042,4,21,7,22,6,6,0,44,2463177.242392,2463177.483417
2031-11-07,2463177.531259,2463178.014873,5,22,8,23,1,6,0,44,2463178.341459,2463178.599408
2031-11-08,2463178.531498,2463179.014716,6,23,8,24,3,6,0,44,2463179.425802,2463178.599408
2031-11-09,2463179.531745,2463180.014571,0,24,9,25,5,6,0,44,2463180.487885,2463179.699470
2031-11-10,2463180.531998,2463181.014439,1,25,10,26,0,6,0,44,2463181.522727,2463180.776757
2031-11-11,2463181.532258,2463182.014319,2,26,11,0,2,6,0,44,2463182.528161,2463181.826985
2031-11-12,2463182.532526,2463183.014212,3,27,12,1,4,6,0,44,2463183.504584,2463182.848607
2031-11-13,2463183.532800,2463184.014119,4,28,13,2,6,6,0,44,2463184.454439,2463183.842530
2031-11-14,2463184.533081,2463185.014038,5,29,14,3,8,6,0,44,2463185.381617,2463184.811600
2031-11-15,2463185.533369,2463186.013970,6,0,15,4,10,7,0,44,2463186.290921,2463185.760032
2031-11-16,2463186.533663,2463187.013915,0,1,16,5,1,7,0,44,2463187.187596,2463186.692868
2031-11-17,2463187.533963,2463188.013873,1,2,17,6,3,7,0,44,2463188.076969,2463187.615516
2031-11-18,2463188.534270,2463189.013844,2,3,19,7,6,7,0,44,2463188.964164,2463189.451496
2031-11-19,2463189.534583,2463190.013829,3,4,20,9,1,7,0,44,2463189.853882,2463190.374432
2031-11-20,2463190.534902,2463191.013826,4,5,21,10,3,7,0,44,2463190.750240,2463191.305998
2031-11-21,2463191.535226,2463192.013837,5,6,22,11,5,7,0,44,2463191.656662,2463192.249227
2031-11-22,2463192.535556,2463193.013861,6,7,23,12,0,7,0,44,2463192.575837,2463193.206346
2031-11-23,2463193.535892,2463194.013898,0,9,24,13,3,7,0,44,2463194.459671,2463194.178858
2031-11-24,2463194.536232,2463195.013949,1,10,25,14,5,7,0,44,2463195.426488,2463195.167673
2031-11-25,2463195.536577,2463196.014012,2,11,26,15,0,7,0,44,2463196.410694,2463196.173308
2031-11-26,2463196.536927,2463197.014089,3,12,0,16,2,7,0,44,2463197.412655,2463197.196079
2031-11-27,2463197.537281,2463198.014178,4,13,1,17,4,7,0,44,2463198.432690,2463198.236233
2031-11-28,2463198.537639,2463199.014280,5,14,2,18,6,7,0,44,2463199.471013,2463199.293936
2031-11-29,2463199.538001,2463200.014395,6,15,3,19,1,7,0,44,2463200.527503,2463200.369071
2031-11-30,2463200.538366,2463201.014522,0,16,4,20,3,7,0,44,2463201.601297,2463201.460864
2031-12-01,2463201.538735,2463202.014662,1,16,5,21,4,7,0,44,2463201.601297,2463202.567431
2031-12-02,2463202.539106,2463203.014814,2,17,5,22,6,7,0,44,2463202.690327,2463202.567431
2031-12-03,2463203.539480,2463204.014979,3,18,6,23,1,7,0,44,2463203.790894,2463203.685365
2031-12-04,2463204.539856,2463205.015155,4,19,7,24,3,7,0,44,2463204.897411,2463204.809462
2031-12-05,2463205.540233,2463206.015343,5,20,8,25,5,7,0,44,2463206.002501,2463205.932775
2031-12-06,2463206.540612,2463207.015542,6,21,9,26,6,7,0,44,2463207.097607,2463207.047136
2031-12-07,2463207.540992,2463208.015753,0,22,10,0,1,7,0,44,2463208.174118,2463208.144188
2031-12-08,2463208.541373,2463209.015975,1,23,11,1,3,7,0,44,2463209.224660,2463209.216628
2031-12-09,2463209.541754,2463210.016208,2,24,12,2,5,7,0,44,2463210.244108,2463210.259234
2031-12-10,2463210.542135,2463211.016451,3,25,13,3,0,7,0,44,2463211.230078,2463211.269439
2031-12-11,2463211.542516,2463212.016705,4,26,14,4,2,7,0,44,2463212.182923,2463212.247413
2031-12-12,2463212.542895,2463213.016968,5,27,15,5,4,7,0,44,2463213.105395,2463213.195813
2031-12-13,2463213.543273,2463214.017241,6,28,16,7,6,7,0,44,2463214.002125,2463214.119295
2031-12-14,2463214.543650,2463215.017524,0,29,17,8,9,7,0,44,2463214.879055,2463215.023941
2031-12-15,2463215.544024,2463216.017816,1,0,18,9,0,8,0,44,2463215.742904,2463215.916694
2031-12-16,2463216.544396,2463217.018116,2,1,19,10,2,8,0,44,2463216.600742,2463216.804869
2031-12-17,2463217.544765,2463218.018424,3,3,20,11,5,8,0,44,2463218.326329,2463217.695731
2031-12-18,2463218.545130,2463219.018741,4,4,21,13,0,8,0,44,2463219.206962,2463218.596123
2031-12-19,2463219.545492,2463220.019065,5,5,23,14,2,8,0,44,2463220.106712,2463220.448432
2031-12-20,2463220.545850,2463221.019397,6,6,24,15,4,8,0,44,2463221.029467,2463221.408483
2031-12-21,2463221.546203,2463222.019735,0,7,25,16,0,8,0,44,2463221.977540,2463222.393763
2031-12-22,2463222.546551,2463223.020080,1,8,26,17,2,8,0,44,2463222.951555,2463223.404056
2031-12-23,2463223.546893,2463224.020431,2,9,0,18,4,8,0,44,2463223.950562,2463224.437685
2031-12-24,2463224.547230,2463225.020787,3,10,1,19,6,8,0,44,2463224.972403,2463225.492015
2031-12-25,2463225.547561,2463226.021149,4,11,2,20,1,8,0,44,2463226.014233,2463226.564038
2031-12-26,2463226.547885,2463227.021516,5,12,2,21,3,8,0,44,2463227.073067,2463226.564038
2031-12-27,2463227.548202,2463228.021887,6,13,3,22,4,8,0,44,2463228.146165,2463227.650867
2031-12-28,2463228.548512,2463229.022262,0,14,4,23,6,8,0,44,2463229.231164,2463228.749994
2031-12-29,2463229.548814,2463230.022641,1,15,5,24,1,8,0,44,2463230.325911,2463229.859251
2031-12-30,2463230.549108,2463231.023023,2,16,6,25,3,8,0,44,2463231.428055,2463230.976494
2031-12-31,2463231.549393,2463232.023408,3,17,7,26,5,8,0,44,2463232.534507,2463232.099107
