#pragma once

#include <cstdint>

// Generated by scripts/panchanga/gen_kannada_bitmaps.py. Do not edit.
// Kannada strings shaped with HarfBuzz and rendered from Noto Sans Kannada
// (SIL Open Font License 1.1). Pixels are nibble run-length encoded, see
// scripts/panchanga/kn_rle.py: row-major runs alternating blank/ink from
// blank; nibble 15 continues a run, 0..14 ends it; high nibble first.
namespace kn {

struct KnText {
  uint16_t w;
  uint16_t h;
  uint32_t offset;  // into kBits: first byte of this string's runs
};

enum class Label : uint8_t {
  Samvatsara,
  Masa,
  Tithi,
  Nakshatra,
  Yoga,
  Karana,
  Vara,
  Sunrise,
  Sunset,
  Rahu,
  Yamaganda,
  Gulika,
  Abhijit,
  Special,
  Moon,
  Light,
  MoonNakshatra,
  Until,
  Today,
  Bengaluru,
  Adhika,
  ClockNotSet,
  NoSpecial,
  Tomorrow,
  FullNight
};

inline constexpr uint8_t kBits[38569] = {
    0xff, 0xff, 0xff, 0xff, 0xf6, 0x1f, 0xff, 0x51, 0xff, 0xf0, 0x3f, 0xff, 0x33, 0xff, 0xe3, 0xff, 0xf3, 0x4f, 0xfd, 0x3f, 0xff, 0x43, 0xff, 0xd3,
    0xff, 0xf3, 0x44, 0x53, 0xf0, 0x5e, 0x32, 0x5f, 0x86, 0xd3, 0x72, 0xf2, 0x3e, 0x34, 0x3f, 0xa4, 0xc4, 0x82, 0xf2, 0x2c, 0x54, 0x3f, 0xb3, 0xb5,
    0x32, 0x34, 0x38, 0x4b, 0x45, 0x4d, 0x47, 0x44, 0x34, 0x44, 0x22, 0x36, 0x38, 0x4b, 0x45, 0x43, 0x37, 0x47, 0x42, 0x36, 0x36, 0x48, 0x33, 0x23,
    0x33, 0x36, 0x36, 0x31, 0x67, 0x33, 0x23, 0x32, 0x37, 0x34, 0x49, 0x32, 0x42, 0x31, 0x74, 0x36, 0x31, 0x67, 0x32, 0x42, 0x32, 0x37, 0x33, 0x43,
    0x34, 0x31, 0x52, 0x31, 0x74, 0x36, 0x31, 0x31, 0x21, 0x33, 0x31, 0x52, 0x32, 0x36, 0x43, 0x33, 0x43, 0x41, 0x33, 0x41, 0x31, 0x43, 0x44, 0x41,
    0x33, 0x43, 0x31, 0x33, 0x42, 0x44, 0x53, 0xf2, 0x19, 0x23, 0x2f, 0x22, 0xf1, 0x19, 0x4b, 0x4f, 0x13, 0x82, 0x33, 0xf1, 0x2f, 0x12, 0x84, 0xa7,
    0x52, 0x65, 0x54, 0x34, 0x53, 0x65, 0x53, 0x45, 0x58, 0x7d, 0x3f, 0xff, 0xff, 0xf5, 0x3f, 0xff, 0xff, 0xf5, 0x3f, 0xff, 0xff, 0xff, 0xff, 0xff,
    0xff, 0xff, 0xff, 0xff, 0xff, 0xff, 0xff, 0xff, 0xff, 0xff, 0xff, 0xff, 0xff, 0xff, 0xff, 0xff, 0xff, 0xff, 0xff, 0xff, 0xff, 0xff, 0xff, 0xff,
    0xff, 0xff, 0xf8, 0xff, 0xff, 0xff, 0xff, 0x45, 0xff, 0xf0, 0x1f, 0xff, 0x41, 0xc7, 0xff, 0xc4, 0xff, 0xf2, 0x3a, 0x32, 0x3f, 0xfd, 0x3f, 0xff,
    0x24, 0xa3, 0x13, 0xff, 0xd3, 0xff, 0xf3, 0x3e, 0x3f, 0xfd, 0x3f, 0xff, 0x24, 0x3e, 0x77, 0x75, 0x4f, 0x13, 0x15, 0xf8, 0x6d, 0x3d, 0x6a, 0x57,
    0x3f, 0x12, 0x43, 0xfa, 0x4c, 0x4c, 0x7b, 0x38, 0x3e, 0x45, 0x2f, 0xb3, 0xbb, 0x2a, 0x45, 0x42, 0x32, 0x4d, 0x44, 0x4d, 0x47, 0x44, 0x34, 0x4a,
    0x32, 0x34, 0x37, 0x32, 0x32, 0x44, 0x37, 0x44, 0x43, 0x37, 0x47, 0x42, 0x36, 0x36, 0x31, 0x23, 0x34, 0x33, 0x22, 0x41, 0x83, 0x67, 0x35, 0x31,
    0x67, 0x33, 0x23, 0x32, 0x37, 0x33, 0x65, 0x34, 0x32, 0x42, 0x31, 0x83, 0x67, 0x35, 0x31, 0x67, 0x32, 0x42, 0x32, 0x37, 0x33, 0x74, 0x34, 0x31,
    0x51, 0x41, 0x65, 0x31, 0x21, 0x33, 0x35, 0x31, 0x31, 0x21, 0x33, 0x31, 0x52, 0x32, 0x36, 0x43, 0x31, 0x43, 0x43, 0x31, 0x33, 0x32, 0x38, 0x33,
    0x43, 0x43, 0x41, 0x33, 0x43, 0x31, 0x33, 0x42, 0x44, 0x53, 0x32, 0xf1, 0x19, 0x34, 0x6f, 0x91, 0xf1, 0x19, 0x4b, 0x43, 0x3f, 0x02, 0x74, 0x55,
    0xf8, 0x2f, 0x12, 0x84, 0xa5, 0x34, 0x52, 0x55, 0x56, 0x38, 0x53, 0x52, 0x55, 0x53, 0x45, 0x58, 0x7f, 0xfd, 0x1f, 0xff, 0xff, 0xff, 0xff, 0xff,
    0xff, 0xff, 0xff, 0xff, 0xff, 0xff, 0xff, 0xff, 0xff, 0xff, 0xff, 0xff, 0xff, 0xff, 0xff, 0xff, 0xff, 0xff, 0xff, 0xff, 0xff, 0xff, 0xff, 0xff,
    0xff, 0xff, 0xff, 0xff, 0xff, 0xff, 0xff, 0xff, 0xff, 0xff, 0xff, 0xff, 0xff, 0xff, 0xf8, 0xff, 0xff, 0xff, 0xff, 0xa1, 0xff, 0x31, 0xf1, 0x1f,
    0xfc, 0x1f, 0x24, 0xff, 0x13, 0xe3, 0xff, 0xa3, 0xf2, 0x3f, 0xf1, 0x3e, 0x3f, 0xfa, 0x4f, 0x13, 0xff, 0x23, 0xe3, 0xff, 0xa3, 0xf1, 0x3f, 0xf1,
    0x4d, 0x4f, 0xf9, 0x43, 0xf1, 0x31, 0xf3, 0xd3, 0x52, 0x71, 0xf9, 0x5d, 0x3f, 0x12, 0x47, 0x54, 0xc3, 0x71, 0x62, 0xfb, 0x3c, 0x4e, 0x45, 0x49,
    0x2b, 0x47, 0x15, 0x3f, 0xc2, 0xbf, 0x14, 0x44, 0x3a, 0x43, 0x33, 0x42, 0x23, 0x43, 0xd4, 0x84, 0x33, 0x44, 0x63, 0x74, 0x44, 0x24, 0x34, 0x23,
    0x53, 0x37, 0x44, 0x33, 0x74, 0x84, 0x13, 0x63, 0x46, 0x73, 0x53, 0x23, 0x53, 0x14, 0x53, 0x36, 0x54, 0x16, 0x73, 0x42, 0x33, 0x13, 0x73, 0x36,
    0x73, 0x53, 0x23, 0x53, 0x14, 0x54, 0x2e, 0x26, 0x73, 0x34, 0x23, 0x13, 0x73, 0x33, 0x12, 0x13, 0x33, 0x53, 0x23, 0x53, 0x13, 0x64, 0x4b, 0x33,
    0x12, 0x13, 0x33, 0x25, 0x23, 0x13, 0x64, 0x33, 0x34, 0x34, 0x34, 0x24, 0x34, 0x13, 0x64, 0x58, 0x53, 0x34, 0x33, 0x23, 0x34, 0x14, 0x45, 0x3f,
    0x92, 0xa2, 0x36, 0x45, 0x32, 0x35, 0xf1, 0x29, 0x3b, 0x4f, 0x84, 0x92, 0x36, 0x45, 0x85, 0xf1, 0x38, 0x3a, 0x75, 0x35, 0x25, 0x75, 0x43, 0x64,
    0x75, 0x85, 0x34, 0x65, 0x77, 0xff, 0xff, 0xff, 0xff, 0xff, 0xff, 0xff, 0xff, 0xff, 0xff, 0xff, 0xff, 0xff, 0xff, 0xff, 0xff, 0xff, 0xff, 0xff,
    0xff, 0xff, 0xff, 0xff, 0xff, 0xff, 0xff, 0xff, 0xff, 0xff, 0xff, 0xff, 0xff, 0xff, 0xff, 0xff, 0xff, 0xff, 0xff, 0xff, 0xff, 0xff, 0xff, 0xff,
    0xff, 0xff, 0xf7, 0xff, 0xff, 0xff, 0xff, 0x91, 0xff, 0xc1, 0xff, 0xd3, 0xff, 0xa3, 0xff, 0xc3, 0xff, 0xa4, 0xff, 0xb3, 0xff, 0xb3, 0xff, 0xb3,
    0xff, 0xa4, 0x45, 0x61, 0x62, 0x5f, 0x02, 0xf9, 0x5d, 0x37, 0x43, 0x54, 0x3f, 0x02, 0xfb, 0x3c, 0x48, 0x34, 0x44, 0x3e, 0x3f, 0xc2, 0xb4, 0x42,
    0x33, 0x54, 0x43, 0x45, 0x4e, 0x48, 0x43, 0x34, 0x44, 0x22, 0x36, 0x44, 0x41, 0x47, 0x44, 0x37, 0x48, 0x41, 0x36, 0x36, 0x47, 0x45, 0x31, 0x39,
    0x32, 0x67, 0x34, 0x23, 0x31, 0x37, 0x34, 0x49, 0x35, 0x31, 0x39, 0x32, 0x67, 0x33, 0x42, 0x31, 0x37, 0x33, 0x43, 0x34, 0x35, 0x31, 0x33, 0x33,
    0x41, 0x31, 0x21, 0x33, 0x32, 0x52, 0x31, 0x36, 0x43, 0x33, 0x43, 0x44, 0x41, 0x33, 0x42, 0x32, 0x33, 0x43, 0x32, 0x33, 0x41, 0x44, 0x53, 0xf9,
    0x2f, 0x02, 0xf1, 0x29, 0x3b, 0x4f, 0x93, 0xe2, 0xf1, 0x38, 0x3a, 0x75, 0x35, 0x26, 0x54, 0x35, 0x55, 0x34, 0x65, 0x77, 0xff, 0x83, 0xff, 0xff,
    0xfa, 0x3f, 0xff, 0xff, 0xa3, 0xff, 0xff, 0xff, 0xff, 0xff, 0xff, 0xff, 0xff, 0xff, 0xff, 0xff, 0xff, 0xff, 0xff, 0xff, 0xff, 0xff, 0xff, 0xff,
    0xff, 0xff, 0xff, 0xff, 0xff, 0xff, 0xff, 0xff, 0xff, 0x30, 0xff, 0xff, 0xff, 0xb1, 0xf6, 0x1f, 0xff, 0x51, 0xe3, 0xf4, 0x3f, 0xff, 0x33, 0xd3,
    0xf4, 0x4f, 0xff, 0x24, 0xd3, 0xf4, 0x3f, 0xff, 0x33, 0xc4, 0xf3, 0x4f, 0xff, 0x24, 0x3d, 0x22, 0x5d, 0x22, 0x5f, 0x95, 0xd3, 0xc3, 0x43, 0xc3,
    0x43, 0xfb, 0x3c, 0x4b, 0x44, 0x3b, 0x44, 0x3f, 0xc2, 0xb7, 0x33, 0x35, 0x43, 0x34, 0x44, 0x4d, 0x48, 0x43, 0x34, 0x45, 0x35, 0x35, 0x41, 0x36,
    0x35, 0x43, 0x37, 0x48, 0x41, 0x36, 0x34, 0x45, 0x36, 0x31, 0x37, 0x35, 0x31, 0x67, 0x34, 0x23, 0x31, 0x37, 0x33, 0x45, 0x45, 0x31, 0x37, 0x35,
    0x31, 0x67, 0x33, 0x42, 0x31, 0x37, 0x33, 0x36, 0x45, 0x31, 0x36, 0x45, 0x31, 0x31, 0x21, 0x33, 0x32, 0x52, 0x31, 0x36, 0x43, 0x36, 0x44, 0x41,
    0x44, 0x54, 0x41, 0x33, 0x43, 0x32, 0x33, 0x41, 0x44, 0x53, 0x36, 0xb3, 0xf4, 0x2f, 0x12, 0x93, 0xb4, 0x36, 0xb3, 0xa1, 0x82, 0xf1, 0x38, 0x3a,
    0x53, 0x6a, 0x67, 0x36, 0x55, 0x34, 0x65, 0x77, 0xff, 0xff, 0xff, 0xff, 0xff, 0xff, 0xff, 0xff, 0xff, 0xff, 0xff, 0xff, 0xff, 0xff, 0xff, 0xff,
    0xff, 0xff, 0xff, 0xff, 0xff, 0xff, 0xff, 0xff, 0xff, 0xff, 0xff, 0xff, 0xff, 0xff, 0xff, 0xff, 0xff, 0xff, 0xff, 0xf7, 0xff, 0xff, 0xff, 0x52,
    0xf4, 0x1f, 0xff, 0x01, 0xe3, 0xf3, 0x3f, 0xfd, 0x3e, 0x3f, 0x23, 0xff, 0xd4, 0xd3, 0xf3, 0x3f, 0xfd, 0x3d, 0x3f, 0x24, 0xff, 0xc4, 0x3d, 0x22,
    0x5c, 0x4f, 0x95, 0xd3, 0xc3, 0x43, 0xb5, 0xfb, 0x3c, 0x4b, 0x44, 0x3a, 0x6f, 0xc2, 0xb5, 0x42, 0x64, 0x47, 0x3f, 0x44, 0x84, 0x33, 0x44, 0x52,
    0x28, 0x44, 0x1c, 0x63, 0x74, 0x84, 0x13, 0x63, 0x66, 0x23, 0x53, 0x1c, 0x46, 0x73, 0x42, 0x33, 0x13, 0x73, 0x37, 0x33, 0x53, 0x15, 0x25, 0x46,
    0x73, 0x34, 0x23, 0x13, 0x73, 0x34, 0x54, 0x53, 0x22, 0x53, 0x53, 0x12, 0x13, 0x33, 0x25, 0x23, 0x13, 0x64, 0x33, 0x55, 0x44, 0x14, 0x43, 0x53,
    0x34, 0x33, 0x23, 0x34, 0x14, 0x45, 0x3f, 0x52, 0xb5, 0xf1, 0x29, 0x3b, 0x4b, 0x18, 0x3a, 0x22, 0x1f, 0x13, 0x83, 0xa7, 0x74, 0x65, 0x74, 0x32,
    0x53, 0x46, 0x57, 0x7f, 0xfc, 0x2f, 0xff, 0xff, 0x62, 0xff, 0xff, 0xf5, 0x3f, 0xff, 0xff, 0x43, 0xff, 0xff, 0xda, 0xff, 0xff, 0xd9, 0xff, 0xff,
    0xe7, 0xff, 0xff, 0xff, 0xff, 0xff, 0xff, 0xff, 0xff, 0xff, 0xff, 0xff, 0xff, 0xff, 0xff, 0xff, 0xc0, 0xff, 0xff, 0xfd, 0x26, 0x6f, 0xff, 0x11,
    0xe3, 0x59, 0xff, 0xd3, 0xe3, 0x3b, 0xff, 0xc4, 0xd3, 0x33, 0x27, 0xff, 0xc3, 0xd3, 0x3d, 0xff, 0xa4, 0x3d, 0x46, 0x24, 0x2f, 0x95, 0xd3, 0xc6,
    0x44, 0x32, 0xfb, 0x3c, 0x4b, 0xf0, 0x41, 0xfc, 0x2b, 0x54, 0x26, 0xf0, 0x3c, 0x48, 0x43, 0x34, 0x45, 0x22, 0x8e, 0x33, 0x37, 0x48, 0x41, 0x36,
    0x36, 0x62, 0x34, 0x37, 0x31, 0x67, 0x34, 0x23, 0x31, 0x37, 0x33, 0x73, 0x32, 0x66, 0x31, 0x67, 0x33, 0x42, 0x31, 0x37, 0x33, 0x45, 0x42, 0x75,
    0x31, 0x31, 0x21, 0x33, 0x32, 0x52, 0x31, 0x36, 0x43, 0x35, 0x43, 0x31, 0x43, 0x41, 0x33, 0x43, 0x32, 0x33, 0x41, 0x44, 0x53, 0xc3, 0x32, 0x92,
    0xf1, 0x29, 0x3b, 0x4b, 0x43, 0x38, 0x2f, 0x13, 0x83, 0xa7, 0x76, 0x34, 0x65, 0x53, 0x46, 0x57, 0x7f, 0xff, 0xff, 0xff, 0xff, 0xff, 0xff, 0xff,
    0xff, 0xff, 0xff, 0xff, 0xff, 0xff, 0xff, 0xff, 0xff, 0xff, 0xff, 0xff, 0xff, 0xff, 0xff, 0xff, 0xff, 0xff, 0xff, 0xff, 0xff, 0xff, 0xff, 0x10,
    0xff, 0xff, 0xff, 0xa1, 0xf2, 0x1f, 0xff, 0x33, 0xe4, 0x46, 0xff, 0x73, 0xf0, 0x33, 0x9f, 0xf5, 0x3f, 0x03, 0x2b, 0xff, 0x43, 0xf0, 0x32, 0x35,
    0x36, 0x57, 0x23, 0xe2, 0xf1, 0x2c, 0x47, 0x53, 0x3e, 0x2f, 0x13, 0xb4, 0x84, 0x33, 0xc4, 0xe5, 0xb3, 0x42, 0xac, 0x4e, 0x43, 0x44, 0x53, 0x22,
    0xbd, 0x44, 0x37, 0x42, 0x36, 0x45, 0x51, 0x52, 0x14, 0x36, 0x32, 0x67, 0x32, 0x37, 0x34, 0x48, 0x32, 0x74, 0x32, 0x67, 0x32, 0x37, 0x33, 0x43,
    0x33, 0x41, 0x74, 0x32, 0x31, 0x21, 0x33, 0x32, 0x36, 0x43, 0x33, 0x43, 0x41, 0x31, 0x43, 0x32, 0x33, 0x43, 0x32, 0x44, 0x44, 0xf1, 0x23, 0x29,
    0x2f, 0x13, 0xb4, 0xf1, 0x23, 0x38, 0x2f, 0x13, 0xa7, 0x53, 0x53, 0x34, 0x56, 0x53, 0x56, 0x6f, 0xff, 0xff, 0xff, 0xff, 0xff, 0xff, 0xff, 0xff,
    0xff, 0xff, 0xff, 0xff, 0xff, 0xff, 0xff, 0xff, 0xff, 0xff, 0xff, 0xff, 0xff, 0xff, 0xff, 0xff, 0xff, 0xff, 0xfb, 0xff, 0xff, 0xfb, 0x5f, 0xf9,
    0x1f, 0xd7, 0xff, 0x64, 0x46, 0xf1, 0x32, 0x3f, 0xf7, 0x33, 0x9f, 0x03, 0x13, 0xff, 0x73, 0x2b, 0xf3, 0x3f, 0xf7, 0x32, 0x35, 0x35, 0xf1, 0x35,
    0x61, 0x9f, 0x12, 0xc4, 0xf0, 0x37, 0x43, 0x8f, 0x13, 0xb4, 0xe4, 0x83, 0x47, 0xe5, 0xbb, 0x25, 0x12, 0x42, 0x33, 0x5f, 0x24, 0x34, 0x45, 0x53,
    0x23, 0x24, 0x22, 0x23, 0x64, 0x73, 0x74, 0x23, 0x64, 0x36, 0x13, 0x33, 0x44, 0x74, 0x56, 0x73, 0x23, 0x73, 0x36, 0x73, 0x34, 0x93, 0x56, 0x73,
    0x23, 0x73, 0x33, 0x12, 0x13, 0x33, 0x24, 0x33, 0x43, 0x53, 0x12, 0x13, 0x33, 0x23, 0x64, 0x33, 0x34, 0x33, 0x23, 0x34, 0x34, 0x53, 0x34, 0x33,
    0x24, 0x44, 0x4f, 0x12, 0xf1, 0x6f, 0x13, 0xb4, 0xf1, 0x2f, 0x12, 0x22, 0xf1, 0x3a, 0x75, 0x34, 0x65, 0x35, 0x33, 0x35, 0x35, 0x66, 0xe3, 0xfc,
    0x2f, 0xfc, 0x3f, 0xc2, 0xff, 0xc3, 0xfb, 0x3f, 0xff, 0xfa, 0x3f, 0xff, 0xf4, 0xaf, 0xff, 0xf4, 0x9f, 0xff, 0xf5, 0x7f, 0xff, 0xff, 0xff, 0xff,
    0xff, 0xff, 0xff, 0xff, 0xff, 0xff, 0xff, 0xff, 0xff, 0x20, 0xff, 0xff, 0xff, 0x41, 0xff, 0xff, 0xf0, 0x4f, 0xff, 0xff, 0x03, 0xff, 0xa5, 0xff,
    0x03, 0xff, 0x96, 0xff, 0x03, 0xff, 0x87, 0xf2, 0xf1, 0x1e, 0x65, 0x3e, 0x5a, 0x4f, 0x11, 0xf1, 0x37, 0x2f, 0x03, 0xb4, 0xe3, 0xf2, 0x23, 0x14,
    0x2f, 0x02, 0xbf, 0x04, 0x44, 0x74, 0x23, 0x14, 0x43, 0x32, 0x23, 0x23, 0xe3, 0x74, 0x43, 0x84, 0x12, 0x14, 0x28, 0x13, 0x13, 0x23, 0xc6, 0x73,
    0x53, 0x32, 0x33, 0x34, 0x38, 0x26, 0x28, 0x76, 0x73, 0x53, 0x24, 0x23, 0x24, 0x57, 0x34, 0x47, 0x73, 0x12, 0x13, 0x33, 0x53, 0x15, 0x23, 0x14,
    0x33, 0x33, 0xb7, 0x83, 0x34, 0x34, 0x34, 0x13, 0x34, 0x13, 0x34, 0x34, 0xa3, 0xcf, 0x91, 0x92, 0xf2, 0xa5, 0xaf, 0x83, 0x83, 0xf0, 0xb5, 0xc5,
    0x35, 0x25, 0x55, 0x65, 0x35, 0xd4, 0xff, 0xff, 0xff, 0xff, 0xff, 0xff, 0xff, 0xff, 0xff, 0xff, 0xff, 0xff, 0xff, 0xff, 0xff, 0xff, 0xff, 0xff,
    0xff, 0xff, 0xff, 0xff, 0xff, 0xff, 0xff, 0xff, 0xff, 0xff, 0xff, 0xff, 0xff, 0xe0, 0xff, 0xff, 0xff, 0xff, 0xff, 0x94, 0xff, 0xff, 0x26, 0xff,
    0x05, 0xfa, 0x32, 0x3f, 0xd6, 0x53, 0x32, 0xc3, 0x23, 0xfc, 0x75, 0x32, 0x6a, 0x7c, 0x52, 0xd7, 0xd9, 0x6b, 0x71, 0xe7, 0xdb, 0x3a, 0x81, 0xf0,
    0x74, 0x44, 0x76, 0xb3, 0x23, 0x43, 0x23, 0x13, 0x63, 0x74, 0x43, 0x73, 0x68, 0x53, 0x13, 0x13, 0x46, 0x73, 0x26, 0x73, 0x58, 0x53, 0x26, 0x46,
    0x73, 0x26, 0x73, 0x57, 0x63, 0x34, 0x43, 0x22, 0x13, 0x33, 0x13, 0x22, 0x13, 0x33, 0x53, 0x94, 0xb3, 0x44, 0x33, 0x13, 0x44, 0x33, 0x55, 0x64,
    0xdf, 0x12, 0xf1, 0x6e, 0xdf, 0x03, 0xf1, 0x12, 0x4c, 0xf1, 0x53, 0x46, 0x53, 0x43, 0x35, 0x8f, 0xff, 0x72, 0xff, 0xff, 0x52, 0xff, 0xff, 0x43,
    0xff, 0xff, 0x33, 0xff, 0xfc, 0xaf, 0xff, 0xc9, 0xff, 0xfd, 0x7f, 0xff, 0xff, 0xff, 0xff, 0xff, 0xff, 0xff, 0xff, 0xff, 0xff, 0xff, 0xf6, 0xff,
    0xf5, 0x5f, 0xf2, 0x7f, 0xf0, 0x32, 0x3f, 0xf1, 0x31, 0x3f, 0xf5, 0x3f, 0x7f, 0x13, 0x18, 0x55, 0xf0, 0x34, 0x57, 0x4e, 0x45, 0x38, 0xf0, 0x44,
    0x43, 0x32, 0x45, 0x37, 0x44, 0x42, 0x32, 0x43, 0x67, 0x35, 0x32, 0x84, 0x67, 0x35, 0x32, 0x84, 0x31, 0x21, 0x33, 0x35, 0x32, 0x66, 0x33, 0x43,
    0x43, 0x42, 0x39, 0xf9, 0x34, 0x7f, 0x84, 0x58, 0x53, 0x52, 0x56, 0x3f, 0xf7, 0x1f, 0xff, 0xff, 0xff, 0xff, 0xff, 0xff, 0xff, 0xff, 0xff, 0xff,
    0xff, 0xff, 0xff, 0xf3, 0xff, 0xff, 0xff, 0xff, 0xff, 0xff, 0xff, 0xff, 0x55, 0xff, 0xfb, 0x7f, 0xff, 0xb6, 0x65, 0x72, 0x87, 0x6f, 0x57, 0x75,
    0x36, 0xa5, 0xf7, 0x58, 0x43, 0x6b, 0x4f, 0x74, 0x42, 0xa5, 0x45, 0x4c, 0x42, 0x31, 0x35, 0x22, 0xb5, 0x37, 0x3d, 0x41, 0x31, 0x37, 0x51, 0x52,
    0x14, 0x33, 0x22, 0x44, 0x36, 0x32, 0x66, 0x48, 0x34, 0x32, 0x42, 0x32, 0x74, 0x33, 0x46, 0x43, 0x33, 0x43, 0x31, 0x51, 0x42, 0x74, 0x3d, 0x33,
    0x43, 0x43, 0x31, 0x33, 0x33, 0x31, 0x43, 0x3d, 0xf8, 0x19, 0x33, 0x29, 0xdf, 0x82, 0x74, 0x33, 0x8f, 0x05, 0x35, 0x15, 0x55, 0x53, 0x45, 0xff,
    0xff, 0xff, 0xff, 0xff, 0xff, 0xff, 0xff, 0xff, 0xff, 0xff, 0xff, 0xff, 0xff, 0xff, 0xff, 0xff, 0xff, 0xff, 0xff, 0xff, 0xff, 0xff, 0xff, 0xff,
    0xf4, 0xff, 0xff, 0xfb, 0x5f, 0xfd, 0x7f, 0xfc, 0x32, 0x3f, 0xfb, 0x32, 0x3f, 0xfc, 0x21, 0x48, 0x57, 0x23, 0x28, 0x52, 0x77, 0x75, 0x33, 0x45,
    0x71, 0x68, 0x84, 0x33, 0x44, 0x81, 0x67, 0x42, 0xa4, 0x43, 0x32, 0x34, 0x38, 0x22, 0xb5, 0x42, 0x85, 0x39, 0x51, 0x52, 0x15, 0x32, 0x85, 0x38,
    0x48, 0x35, 0x32, 0x76, 0x37, 0x43, 0x33, 0x44, 0x32, 0x39, 0x47, 0x33, 0x43, 0x43, 0x42, 0x56, 0x42, 0x24, 0xf8, 0x4e, 0x22, 0x4f, 0x85, 0xc3,
    0x35, 0x53, 0x51, 0x68, 0x85, 0x2f, 0xff, 0x13, 0xff, 0xb3, 0x32, 0xff, 0xa5, 0x22, 0xff, 0x93, 0x12, 0x23, 0xff, 0x86, 0x23, 0xff, 0x86, 0x23,
    0xff, 0x92, 0x43, 0xff, 0xa9, 0xff, 0xb6, 0xff, 0xff, 0xff, 0xff, 0xff, 0x10, 0xff, 0xff, 0xff, 0x51, 0xff, 0xff, 0x13, 0xff, 0xff, 0x03, 0xf5,
    0x5f, 0xf6, 0x3f, 0x27, 0xff, 0x54, 0xf2, 0x69, 0x55, 0x53, 0xd1, 0xf5, 0xa7, 0x28, 0x2c, 0x2f, 0x77, 0x82, 0x82, 0xb3, 0xf7, 0x73, 0x23, 0x23,
    0x23, 0x43, 0x33, 0x92, 0x73, 0x13, 0x78, 0x37, 0x33, 0x53, 0x83, 0x23, 0x13, 0x13, 0x7f, 0x23, 0x45, 0x34, 0x31, 0x23, 0x32, 0x67, 0x71, 0x93,
    0x45, 0x41, 0x65, 0x33, 0x48, 0x35, 0xa2, 0x36, 0x41, 0x74, 0x3f, 0x05, 0x94, 0x23, 0x64, 0x13, 0x14, 0x33, 0xf1, 0xf1, 0x33, 0x64, 0x13, 0x29,
    0xf3, 0xd4, 0x36, 0x41, 0x33, 0x88, 0x2a, 0x96, 0x36, 0x41, 0x34, 0x5a, 0x3f, 0xff, 0xf1, 0x2f, 0xff, 0x84, 0x33, 0xff, 0xf7, 0x52, 0x4f, 0xff,
    0x72, 0x12, 0x24, 0xff, 0xf7, 0x54, 0x2f, 0xff, 0x72, 0x23, 0x22, 0xff, 0xf7, 0xbf, 0xff, 0x84, 0x14, 0xff, 0xff, 0xff, 0xff, 0xff, 0xff, 0xff,
    0xff, 0xf0, 0xff, 0xff, 0xff, 0xe5, 0xd5, 0xff, 0xff, 0xa7, 0xb7, 0xff, 0xff, 0x83, 0x23, 0xa3, 0x23, 0xff, 0xf8, 0x5b, 0x31, 0x3b, 0x31, 0x3f,
    0xff, 0x76, 0xf0, 0x3f, 0x03, 0xff, 0xf6, 0x65, 0xe2, 0xf1, 0xf4, 0x56, 0x16, 0xf3, 0x7d, 0x3f, 0x09, 0x55, 0x74, 0x35, 0xf5, 0x5c, 0x4e, 0x89,
    0x38, 0x34, 0x4f, 0x6a, 0x2f, 0x02, 0x51, 0x6a, 0x24, 0x23, 0x35, 0x43, 0x44, 0x22, 0x23, 0xa3, 0x23, 0x43, 0x23, 0x24, 0x54, 0x34, 0x22, 0x23,
    0x64, 0x23, 0x63, 0x23, 0x13, 0x63, 0x12, 0x33, 0x26, 0x13, 0x33, 0x53, 0x53, 0x44, 0x74, 0x23, 0x73, 0x16, 0x56, 0x53, 0x26, 0x73, 0x53, 0x53,
    0x34, 0x93, 0x23, 0x73, 0x24, 0x67, 0x43, 0x23, 0x12, 0x13, 0x33, 0x53, 0x53, 0x24, 0x33, 0x43, 0x23, 0x64, 0xc3, 0x14, 0x33, 0x23, 0x34, 0x33,
    0x54, 0x34, 0x23, 0x34, 0x34, 0x24, 0x45, 0xc3, 0x29, 0x2f, 0x15, 0xa3, 0xf1, 0x4b, 0xd3, 0x38, 0x2f, 0x11, 0x23, 0x93, 0xf1, 0x4a, 0xe3, 0x45,
    0x65, 0x34, 0x33, 0x45, 0x75, 0x35, 0x77, 0xff, 0xf4, 0x2f, 0xff, 0xff, 0x94, 0x33, 0xff, 0xff, 0xf8, 0x52, 0x4f, 0xff, 0xff, 0x82, 0x12, 0x24,
    0xff, 0xff, 0xf8, 0x54, 0x2f, 0xff, 0xff, 0x82, 0x23, 0x22, 0xff, 0xff, 0xf8, 0xbf, 0xff, 0xff, 0x94, 0x14, 0xff, 0xff, 0xff, 0xff, 0xff, 0xff,
    0xff, 0xff, 0xff, 0xff, 0xff, 0xff, 0xff, 0xff, 0xd0, 0xfd, 0x3f, 0xff, 0xff, 0xfc, 0x7f, 0xff, 0xff, 0xfa, 0x7f, 0xff, 0xff, 0xfa, 0x31, 0x4f,
    0xff, 0xf6, 0x5f, 0xd3, 0x23, 0xff, 0xff, 0x56, 0xff, 0x24, 0xff, 0xff, 0x46, 0x75, 0x45, 0x4b, 0x77, 0xa5, 0x45, 0x61, 0x6f, 0x38, 0x72, 0x73,
    0xa6, 0xa8, 0x72, 0x74, 0x35, 0xf5, 0x58, 0x28, 0x28, 0x8b, 0x68, 0x28, 0x34, 0x4f, 0x64, 0x32, 0x32, 0x32, 0x37, 0x37, 0x45, 0x45, 0x32, 0x82,
    0x33, 0x54, 0x34, 0x42, 0x22, 0x34, 0x83, 0x22, 0x32, 0xc3, 0x37, 0x35, 0x32, 0x41, 0x22, 0x36, 0x42, 0x36, 0x32, 0x31, 0x34, 0xe1, 0x32, 0xc3,
    0x33, 0x22, 0x44, 0x84, 0x47, 0x42, 0x37, 0x31, 0x65, 0x71, 0x61, 0x32, 0x52, 0x53, 0x32, 0x42, 0x34, 0x83, 0x49, 0x32, 0x37, 0x32, 0x46, 0x35,
    0xa3, 0x25, 0x34, 0x31, 0x51, 0x44, 0x64, 0x43, 0x34, 0x32, 0x36, 0x4c, 0x58, 0x52, 0x44, 0x43, 0x31, 0x33, 0x35, 0x37, 0x33, 0x43, 0x42, 0x44,
    0x5d, 0xf1, 0x3f, 0x31, 0x96, 0x45, 0xf1, 0x4b, 0xf0, 0xe5, 0xf2, 0x27, 0x32, 0x25, 0x4f, 0x14, 0xaf, 0x48, 0x97, 0x25, 0x55, 0x43, 0x23, 0x75,
    0x35, 0x77, 0xff, 0xff, 0x62, 0x41, 0xff, 0xff, 0xff, 0x24, 0x33, 0xff, 0xff, 0xff, 0x65, 0x24, 0xff, 0xff, 0xff, 0x62, 0x12, 0x24, 0xff, 0xff,
    0xff, 0x65, 0x42, 0xff, 0xff, 0xff, 0x62, 0x23, 0x22, 0xff, 0xff, 0xff, 0x6b, 0xff, 0xff, 0xff, 0x74, 0x14, 0xff, 0xff, 0xff, 0xff, 0xff, 0xff,
    0xff, 0xff, 0xff, 0xff, 0xff, 0xff, 0xff, 0xff, 0xff, 0xff, 0x10, 0xff, 0xff, 0xff, 0xf0, 0x1d, 0x5f, 0xff, 0xfb, 0x3b, 0x7f, 0xff, 0xfa, 0x3a,
    0x32, 0x3f, 0xff, 0x55, 0xf0, 0x3b, 0x31, 0x3f, 0xff, 0x46, 0xf0, 0x3f, 0x03, 0xff, 0xf3, 0x65, 0xe2, 0xf1, 0xf1, 0x56, 0x16, 0xf3, 0x7e, 0x2f,
    0x06, 0x55, 0x74, 0x35, 0xf5, 0x5c, 0x4e, 0x59, 0x38, 0x34, 0x4f, 0x6d, 0x4e, 0x43, 0xa2, 0x42, 0x33, 0x54, 0x34, 0x42, 0x22, 0x3e, 0x44, 0x37,
    0x42, 0x43, 0x42, 0x22, 0x36, 0x42, 0x36, 0x32, 0x31, 0x36, 0x36, 0x32, 0x67, 0x32, 0x35, 0x34, 0x47, 0x42, 0x37, 0x31, 0x65, 0x74, 0x32, 0x67,
    0x32, 0x35, 0x33, 0x49, 0x32, 0x37, 0x32, 0x46, 0x74, 0x32, 0x31, 0x21, 0x33, 0x32, 0x35, 0x32, 0x43, 0x34, 0x32, 0x36, 0x4c, 0x31, 0x43, 0x32,
    0x33, 0x43, 0x32, 0x43, 0x42, 0x33, 0x43, 0x42, 0x44, 0x5c, 0x32, 0x92, 0xf1, 0x2a, 0x3f, 0x14, 0xbd, 0x33, 0x82, 0xf1, 0x39, 0x3f, 0x14, 0xae,
    0x34, 0x56, 0x53, 0x47, 0x57, 0x53, 0x57, 0x7f, 0xff, 0xff, 0xff, 0xff, 0xff, 0xff, 0xff, 0xff, 0xff, 0xff, 0xff, 0xff, 0xff, 0xff, 0xff, 0xff,
    0xff, 0xff, 0xff, 0xff, 0xff, 0xff, 0xff, 0xff, 0xff, 0xff, 0xff, 0xff, 0xff, 0xff, 0xff, 0xff, 0xff, 0xff, 0xff, 0xff, 0xa0, 0xff, 0xff, 0xff,
    0xfd, 0x5f, 0xff, 0xf2, 0x7f, 0x07, 0xff, 0xfe, 0xbc, 0x32, 0x3f, 0xff, 0x45, 0x5c, 0xc3, 0x13, 0xff, 0xf3, 0x64, 0x46, 0x4f, 0x03, 0xff, 0xf2,
    0x66, 0x31, 0xa3, 0xef, 0x05, 0x61, 0x6f, 0x38, 0xe3, 0xd6, 0x54, 0x74, 0x35, 0xf5, 0x6e, 0x3c, 0x59, 0x28, 0x34, 0x4f, 0x65, 0x45, 0x68, 0x28,
    0xa1, 0x42, 0x33, 0x54, 0x34, 0x42, 0x22, 0x34, 0x45, 0x78, 0x32, 0x32, 0x43, 0x41, 0x22, 0x36, 0x42, 0x36, 0x32, 0x31, 0x34, 0x36, 0x21, 0x35,
    0x31, 0x23, 0x32, 0x35, 0x33, 0x47, 0x42, 0x37, 0x31, 0x65, 0x36, 0x72, 0x65, 0x32, 0x35, 0x32, 0x49, 0x32, 0x37, 0x32, 0x46, 0x33, 0x31, 0x62,
    0x74, 0x32, 0x35, 0x31, 0x43, 0x34, 0x32, 0x36, 0x4c, 0x33, 0x43, 0x32, 0x31, 0x43, 0x32, 0x43, 0x41, 0x33, 0x43, 0x42, 0x44, 0x5c, 0xf1, 0x23,
    0x29, 0x2a, 0x2f, 0x14, 0xbe, 0xe3, 0x33, 0x83, 0x92, 0xf1, 0x4a, 0xf1, 0x43, 0x54, 0x34, 0x57, 0x56, 0x53, 0x57, 0x7f, 0xff, 0xff, 0xff, 0xff,
    0xff, 0xff, 0xff, 0xff, 0xff, 0xff, 0xff, 0xff, 0xff, 0xff, 0xff, 0xff, 0xff, 0xff, 0xff, 0xff, 0xff, 0xff, 0xff, 0xff, 0xff, 0xff, 0xff, 0xff,
    0xff, 0xff, 0xff, 0xff, 0xff, 0xff, 0xff, 0xfd, 0xff, 0xf9, 0x5f, 0x31, 0xf2, 0x7f, 0x13, 0xf1, 0x32, 0x3f, 0x03, 0xf1, 0x32, 0x3f, 0x13, 0xf5,
    0x3f, 0x04, 0x75, 0x38, 0x6d, 0x67, 0x27, 0x7c, 0x73, 0x14, 0x25, 0x8b, 0x83, 0x14, 0x43, 0xd6, 0x82, 0x14, 0x28, 0xa8, 0x94, 0x38, 0xa3, 0x14,
    0x84, 0x57, 0x63, 0x19, 0x64, 0x33, 0x33, 0x73, 0x28, 0x63, 0x34, 0x34, 0x22, 0x24, 0x54, 0x6f, 0x22, 0x22, 0xc8, 0xf0, 0x33, 0x2a, 0x22, 0x65,
    0x35, 0x42, 0x57, 0x33, 0xf6, 0x3f, 0x12, 0xf1, 0x33, 0x2f, 0x12, 0xf0, 0x52, 0x2f, 0x03, 0xe3, 0x12, 0x23, 0xd3, 0xf0, 0x62, 0x36, 0xaf, 0x06,
    0x23, 0x69, 0xf2, 0x24, 0x37, 0x7f, 0x49, 0xff, 0x46, 0xff, 0xff, 0xff, 0xff, 0xfc, 0xff, 0xff, 0xf5, 0x5f, 0xff, 0xf2, 0x7f, 0xff, 0xf0, 0x32,
    0x3f, 0xff, 0xf1, 0x31, 0x3f, 0xff, 0xf5, 0x3f, 0xfd, 0x27, 0xf1, 0x6f, 0x48, 0x54, 0x46, 0xf0, 0x7f, 0x65, 0x82, 0x55, 0xe8, 0xf7, 0x48, 0x35,
    0xf0, 0x47, 0x42, 0x66, 0x44, 0x93, 0x46, 0x37, 0x47, 0x22, 0x86, 0x43, 0x51, 0x34, 0x34, 0x67, 0x38, 0x62, 0x32, 0x23, 0x34, 0x32, 0x34, 0x43,
    0x67, 0x36, 0x73, 0x31, 0x42, 0x33, 0x51, 0x34, 0x43, 0x31, 0x21, 0x33, 0x36, 0x45, 0x92, 0x32, 0xa4, 0x43, 0x33, 0x43, 0x32, 0x22, 0x35, 0x41,
    0x33, 0x41, 0xb4, 0x34, 0xf1, 0x22, 0x2c, 0x19, 0x2f, 0x34, 0xf1, 0x23, 0x1b, 0x38, 0x3f, 0x17, 0x53, 0x44, 0x24, 0x76, 0x56, 0x54, 0x5f, 0x83,
    0xff, 0xff, 0x03, 0x32, 0xff, 0xfe, 0x52, 0x2f, 0xff, 0xd3, 0x12, 0x23, 0xff, 0xfc, 0x62, 0x3f, 0xff, 0xc6, 0x23, 0xff, 0xfd, 0x24, 0x3f, 0xff,
    0xe9, 0xff, 0xff, 0x06, 0xff, 0xff, 0xff, 0xff, 0xff, 0xff, 0xff, 0xff, 0xc0, 0xff, 0xff, 0x85, 0xff, 0x21, 0xf2, 0x7f, 0xf0, 0x3f, 0x13, 0x13,
    0xff, 0x04, 0xf0, 0x32, 0x3f, 0xf0, 0x3f, 0x11, 0x24, 0xfe, 0x47, 0x53, 0x79, 0x53, 0xf2, 0x67, 0x27, 0x87, 0x2f, 0x17, 0x81, 0x68, 0x82, 0xe8,
    0x42, 0xa8, 0x32, 0x48, 0x2e, 0x22, 0xa9, 0x32, 0x43, 0x32, 0x33, 0x39, 0x51, 0x61, 0x17, 0x82, 0x61, 0x31, 0x11, 0x38, 0x48, 0x37, 0x82, 0x64,
    0x31, 0x36, 0x43, 0x33, 0x46, 0x64, 0x31, 0x21, 0x31, 0x66, 0x33, 0x43, 0x46, 0x37, 0x33, 0x41, 0x66, 0xf1, 0x24, 0x24, 0x5f, 0x26, 0xf1, 0x16,
    0x15, 0x4f, 0x19, 0x53, 0x52, 0x31, 0x13, 0x37, 0x53, 0x6f, 0x93, 0x71, 0xf4, 0x1f, 0x64, 0x13, 0xfa, 0x5f, 0x35, 0x13, 0xf8, 0x7f, 0x22, 0x12,
    0x22, 0xf8, 0x21, 0x11, 0x3f, 0x23, 0x32, 0xf7, 0x31, 0x12, 0x2f, 0x13, 0x42, 0xf8, 0x23, 0x3f, 0x13, 0x33, 0xf8, 0x7f, 0x28, 0xfa, 0x5f, 0x55,
    0xff, 0xff, 0xff, 0xff, 0xff, 0xff, 0xf7, 0xff, 0xff, 0xff, 0xff, 0xc2, 0xff, 0xff, 0x53, 0xff, 0xff, 0x54, 0xff, 0xff, 0x53, 0xff, 0xff, 0x44,
    0x55, 0x55, 0x3f, 0x86, 0xf1, 0x47, 0x28, 0x2f, 0xa4, 0xf0, 0x48, 0x28, 0x2f, 0xb3, 0xe5, 0x32, 0x32, 0x32, 0x39, 0x2d, 0x44, 0x45, 0x54, 0x83,
    0x74, 0x32, 0x33, 0x37, 0x42, 0x45, 0x64, 0xf2, 0x36, 0x13, 0x11, 0x13, 0x32, 0x33, 0x23, 0x62, 0x13, 0x47, 0x19, 0x36, 0x43, 0x13, 0x14, 0x23,
    0x23, 0x67, 0x33, 0x5a, 0x23, 0x12, 0x13, 0x1b, 0x23, 0x23, 0x33, 0x16, 0x35, 0x94, 0x23, 0x34, 0x19, 0x34, 0x23, 0x34, 0x33, 0x4f, 0x13, 0xfb,
    0x3f, 0x16, 0xd4, 0xf1, 0x28, 0x4e, 0x99, 0x85, 0x36, 0x35, 0x74, 0x35, 0xff, 0x91, 0xf5, 0x3f, 0xff, 0xf5, 0x3f, 0xff, 0xf5, 0x3f, 0xff, 0xff,
    0xff, 0xff, 0xff, 0xff, 0xff, 0xff, 0xff, 0xff, 0xff, 0xff, 0xff, 0xff, 0xff, 0xff, 0xff, 0xff, 0xff, 0xff, 0x50, 0xff, 0xff, 0xff, 0xf7, 0x1f,
    0xff, 0xf5, 0x4f, 0xff, 0xf5, 0x3f, 0xff, 0xf5, 0x3f, 0xff, 0xf5, 0x3f, 0x9f, 0x49, 0xf1, 0x45, 0x35, 0x7f, 0x67, 0xf1, 0x2f, 0x25, 0xf7, 0x6e,
    0x4f, 0x34, 0x42, 0x66, 0x4f, 0x24, 0x33, 0x34, 0x44, 0x52, 0x28, 0x64, 0x73, 0x74, 0x23, 0x42, 0x63, 0x66, 0x23, 0x22, 0x33, 0x56, 0x73, 0x34,
    0x54, 0x14, 0x37, 0x33, 0x14, 0x23, 0x56, 0x73, 0x34, 0x45, 0x14, 0x34, 0x59, 0x23, 0x53, 0x12, 0x13, 0x33, 0x25, 0x4a, 0x33, 0x54, 0x13, 0x34,
    0x53, 0x34, 0x33, 0x23, 0x62, 0x16, 0x4c, 0x19, 0x6f, 0x12, 0x72, 0x94, 0xb3, 0x82, 0x22, 0xf1, 0x27, 0x28, 0x77, 0x65, 0x43, 0x35, 0x35, 0x45,
    0x46, 0xff, 0x12, 0xff, 0xff, 0x62, 0xff, 0xff, 0x53, 0xff, 0xff, 0x43, 0xff, 0xfd, 0xaf, 0xff, 0xd9, 0xff, 0xfe, 0x7f, 0xff, 0xff, 0xff, 0xff,
    0xff, 0xff, 0xff, 0xff, 0xff, 0xff, 0xff, 0xff, 0x80, 0xff, 0xff, 0xff, 0xff, 0xb1, 0xf5, 0x1f, 0x21, 0xff, 0xf1, 0x3f, 0x24, 0xf0, 0x3f, 0xff,
    0x03, 0xf3, 0x3f, 0x03, 0xff, 0xf0, 0x3f, 0x33, 0xf0, 0x3f, 0xff, 0x03, 0xf3, 0x3f, 0x03, 0x55, 0x3f, 0x05, 0xf0, 0x5f, 0x13, 0xf0, 0x47, 0x2f,
    0x23, 0xf0, 0x5f, 0x13, 0xf0, 0x48, 0x2f, 0x22, 0xe6, 0xe5, 0xe5, 0x32, 0x34, 0x38, 0x43, 0x45, 0x4d, 0x25, 0x15, 0x45, 0x45, 0x22, 0x36, 0x38,
    0x41, 0x47, 0x47, 0x32, 0x32, 0x43, 0x47, 0x46, 0x48, 0x33, 0x23, 0x31, 0x39, 0x35, 0x61, 0x33, 0x33, 0x39, 0x35, 0x49, 0x32, 0x42, 0x31, 0x39,
    0x35, 0x67, 0x33, 0x39, 0x34, 0x43, 0x34, 0x31, 0x52, 0x31, 0x33, 0x33, 0x44, 0x31, 0x21, 0x33, 0x33, 0x33, 0x33, 0x43, 0x33, 0x43, 0x41, 0x33,
    0x41, 0x33, 0x42, 0x35, 0x33, 0x43, 0x33, 0x33, 0x42, 0x34, 0xf2, 0x19, 0x2f, 0x05, 0xf1, 0x3f, 0x04, 0xf1, 0x38, 0x3e, 0x22, 0x1f, 0x14, 0xe6,
    0x52, 0x65, 0x56, 0x43, 0x53, 0x32, 0x53, 0x47, 0x43, 0x5c, 0x3f, 0xf7, 0x2f, 0xff, 0x03, 0xff, 0x72, 0xff, 0xf0, 0x3f, 0xf6, 0x3f, 0xff, 0xff,
    0x83, 0xff, 0xff, 0xf2, 0xaf, 0xff, 0xff, 0x29, 0xff, 0xff, 0xf3, 0x7f, 0xff, 0xff, 0xff, 0xff, 0xff, 0xff, 0xff, 0xff, 0xff, 0xff, 0xff, 0xff,
    0xff, 0xff, 0xff, 0xa0, 0xff, 0xff, 0xff, 0xff, 0x62, 0xf8, 0x1f, 0xff, 0xf7, 0x3f, 0x73, 0xff, 0xff, 0x73, 0xf6, 0x3f, 0xff, 0xf7, 0x3f, 0x73,
    0xff, 0xff, 0x63, 0xf6, 0x4f, 0xf8, 0x55, 0x53, 0xd8, 0x63, 0x82, 0x16, 0x26, 0x57, 0x26, 0x72, 0x82, 0xc7, 0x92, 0x72, 0x44, 0x43, 0x75, 0x35,
    0x82, 0x82, 0xb8, 0xa1, 0x63, 0x53, 0x43, 0x84, 0x35, 0x32, 0x32, 0x32, 0x32, 0x42, 0x66, 0x44, 0x43, 0x43, 0x44, 0x41, 0x42, 0xa5, 0x83, 0x73,
    0x22, 0x85, 0x35, 0x44, 0x34, 0x44, 0x41, 0x22, 0xb5, 0xf2, 0x56, 0x23, 0x53, 0x63, 0x44, 0x43, 0x53, 0x35, 0x15, 0x21, 0x47, 0x19, 0x37, 0x33,
    0x53, 0x63, 0x44, 0x43, 0x53, 0x24, 0x83, 0x43, 0x5a, 0x24, 0x54, 0x53, 0x63, 0x44, 0x43, 0x53, 0x14, 0x33, 0x34, 0x35, 0x94, 0x23, 0x54, 0x64,
    0x44, 0x44, 0x43, 0x44, 0x13, 0x34, 0x34, 0x4f, 0x13, 0xc7, 0xff, 0x32, 0xf1, 0x7d, 0x4b, 0x22, 0x4f, 0xf3, 0x2f, 0x19, 0x98, 0x75, 0x25, 0x63,
    0x53, 0x52, 0x65, 0x53, 0x5f, 0xf9, 0x2f, 0xff, 0xff, 0xd6, 0xff, 0xff, 0xfc, 0x7f, 0xff, 0xff, 0x93, 0x42, 0xff, 0xff, 0xf9, 0x45, 0x2f, 0xff,
    0xff, 0x82, 0x14, 0x22, 0xff, 0xff, 0xf8, 0xbf, 0xff, 0xff, 0x94, 0x14, 0xff, 0xff, 0xff, 0xff, 0xff, 0xff, 0xff, 0xff, 0xff, 0xff, 0xff, 0xff,
    0xff, 0xff, 0xd0, 0xff, 0xff, 0xff, 0xff, 0x81, 0xff, 0x15, 0xfd, 0x3f, 0xe8, 0xfb, 0x3f, 0xe9, 0xfb, 0x3f, 0xd3, 0x25, 0xf9, 0x43, 0xf3, 0x7a,
    0x4a, 0x2c, 0x3f, 0x55, 0x61, 0x33, 0xb2, 0xb4, 0xf6, 0x63, 0x24, 0x2b, 0x2a, 0xa3, 0x94, 0x87, 0x23, 0xf0, 0x37, 0xc6, 0x46, 0x82, 0x3a, 0xc3,
    0xc2, 0x23, 0x36, 0x31, 0x42, 0x85, 0xc3, 0x52, 0x51, 0x42, 0x31, 0x41, 0x92, 0x75, 0x52, 0x54, 0x25, 0x31, 0x52, 0x32, 0x32, 0x81, 0x77, 0x25,
    0x34, 0x44, 0x31, 0x33, 0x42, 0x36, 0x32, 0x3a, 0x44, 0x34, 0xb1, 0x93, 0xc2, 0x58, 0xb5, 0xa2, 0x84, 0xa3, 0x59, 0xa6, 0x75, 0x58, 0x75, 0x4a,
    0x7f, 0xff, 0xff, 0xff, 0xff, 0xff, 0xff, 0xff, 0xff, 0xff, 0xff, 0xff, 0xff, 0xff, 0xff, 0xff, 0xff, 0xff, 0xff, 0xff, 0xff, 0xff, 0xff, 0xff,
    0xff, 0xff, 0xff, 0x10, 0xff, 0xff, 0x84, 0xff, 0x81, 0xff, 0x11, 0xf3, 0x7f, 0x11, 0xf2, 0x4f, 0xe3, 0xf1, 0x8f, 0x03, 0xf2, 0x3f, 0xe3, 0xf1,
    0x32, 0x4e, 0x4f, 0x13, 0xff, 0x03, 0xf0, 0x32, 0x4f, 0x03, 0xf1, 0x3f, 0xe4, 0xf1, 0x9d, 0x43, 0xf1, 0x1e, 0x5d, 0x3a, 0x48, 0x4d, 0x3f, 0x11,
    0xf1, 0x3c, 0x3b, 0x39, 0x4c, 0x4e, 0x3f, 0x22, 0xb4, 0xb2, 0xb3, 0xbf, 0x14, 0x44, 0x74, 0x43, 0x33, 0x43, 0xa4, 0x26, 0x33, 0x44, 0x63, 0x74,
    0x43, 0x84, 0x23, 0x53, 0x33, 0xb2, 0x28, 0x13, 0x63, 0x46, 0x73, 0x53, 0x32, 0x33, 0x14, 0x53, 0x38, 0x67, 0x23, 0x13, 0x73, 0x36, 0x73, 0x53,
    0x24, 0x23, 0x14, 0x54, 0x37, 0x57, 0x33, 0x13, 0x73, 0x33, 0x12, 0x13, 0x33, 0x53, 0x15, 0x23, 0x13, 0x64, 0x27, 0x63, 0x73, 0x13, 0x64, 0x33,
    0x34, 0x34, 0x34, 0x13, 0x34, 0x13, 0x64, 0x23, 0xa3, 0x64, 0x14, 0x45, 0x3f, 0x91, 0x92, 0x36, 0x42, 0x58, 0xc3, 0xb4, 0xf8, 0x38, 0x23, 0x64,
    0x25, 0x8b, 0x4a, 0x75, 0x35, 0x25, 0x55, 0x43, 0x64, 0x34, 0xa7, 0x87, 0xff, 0xff, 0xff, 0xff, 0xff, 0xff, 0xff, 0xff, 0xff, 0xff, 0xff, 0xff,
    0xff, 0xff, 0xff, 0xff, 0xff, 0xff, 0xff, 0xff, 0xff, 0xff, 0xff, 0xff, 0xff, 0xff, 0xff, 0xff, 0xff, 0xff, 0xff, 0xff, 0xff, 0xff, 0xff, 0xff,
    0xff, 0xf7, 0xff, 0xff, 0x71, 0xf8, 0x1f, 0x94, 0xf6, 0x3f, 0x93, 0xf6, 0x4f, 0x83, 0xf7, 0x3f, 0x83, 0xf6, 0x4a, 0xf1, 0x8f, 0x2a, 0xf1, 0x22,
    0x4f, 0x1b, 0xe3, 0x34, 0xef, 0x52, 0x51, 0x24, 0xa2, 0xf5, 0x32, 0x32, 0x42, 0x35, 0x32, 0x33, 0x3b, 0x61, 0x33, 0x32, 0x42, 0x61, 0x31, 0x11,
    0x3b, 0x67, 0x33, 0x32, 0x64, 0x31, 0x3a, 0x31, 0x21, 0x33, 0x33, 0x32, 0x31, 0x21, 0x31, 0x6a, 0x33, 0x43, 0x33, 0x32, 0x33, 0x41, 0x6a, 0xf1,
    0x33, 0x2f, 0x22, 0x44, 0xf1, 0x33, 0x2f, 0x12, 0x65, 0x52, 0x55, 0x34, 0x53, 0x62, 0x31, 0x1c, 0x46, 0x4f, 0x11, 0x33, 0xf0, 0xcf, 0x24, 0x13,
    0xf0, 0xaf, 0x35, 0x13, 0xf1, 0x6f, 0x52, 0x12, 0x22, 0xff, 0xd3, 0x32, 0xff, 0xc3, 0x42, 0xff, 0xc3, 0x33, 0xff, 0xc8, 0xff, 0xf0, 0x5f, 0xff,
    0xff, 0xff, 0xff, 0xf7, 0xff, 0xff, 0xf2, 0x1f, 0xf5, 0x1f, 0x74, 0xff, 0x24, 0xf7, 0x3f, 0xf3, 0x3f, 0x73, 0xff, 0x33, 0xf7, 0x3f, 0xf3, 0x39,
    0xf1, 0x1e, 0x5f, 0x12, 0x16, 0xf1, 0x1f, 0x13, 0xf1, 0x13, 0x5e, 0x3f, 0x22, 0xe3, 0x4f, 0x04, 0x44, 0x74, 0x92, 0x93, 0x63, 0x74, 0x43, 0x84,
    0x33, 0x23, 0x23, 0x33, 0x46, 0x73, 0x53, 0x32, 0x33, 0x16, 0x13, 0x29, 0x46, 0x73, 0x53, 0x24, 0x23, 0x16, 0x78, 0x43, 0x12, 0x13, 0x33, 0x53,
    0x15, 0x23, 0x13, 0x12, 0x13, 0x37, 0x53, 0x34, 0x34, 0x34, 0x13, 0x34, 0x13, 0x34, 0x33, 0x9f, 0x91, 0x92, 0xf1, 0x9f, 0x83, 0x82, 0xf1, 0xb5,
    0x35, 0x25, 0x55, 0x65, 0x35, 0xff, 0xf8, 0x3f, 0xff, 0xd3, 0xff, 0xfd, 0x3f, 0xff, 0xff, 0xff, 0xff, 0xff, 0xff, 0xff, 0xff, 0xff, 0xff, 0xff,
    0xff, 0xff, 0xff, 0xff, 0xff, 0xff, 0xff, 0x70, 0xff, 0xff, 0xff, 0xff, 0xff, 0xff, 0xff, 0xff, 0xff, 0xff, 0xff, 0xff, 0xff, 0xff, 0xff, 0x8f,
    0x88, 0x54, 0x15, 0x28, 0x53, 0x57, 0xfa, 0x57, 0x33, 0x34, 0x4f, 0x25, 0xfb, 0x38, 0x25, 0x24, 0x4f, 0x3b, 0x25, 0x17, 0x43, 0x32, 0x33, 0x43,
    0x43, 0x33, 0x44, 0x46, 0x32, 0x32, 0x47, 0x42, 0x84, 0x34, 0x42, 0x34, 0x26, 0x34, 0x61, 0x33, 0x33, 0x23, 0x32, 0x84, 0x44, 0x33, 0x45, 0x41,
    0x43, 0x67, 0x32, 0x42, 0x32, 0x75, 0x35, 0x33, 0x44, 0x51, 0x43, 0x31, 0x21, 0x33, 0x31, 0x52, 0x32, 0x39, 0x35, 0x32, 0x54, 0xa3, 0x33, 0x43,
    0x31, 0x33, 0x42, 0x56, 0x44, 0x42, 0x36, 0x21, 0x64, 0xf1, 0x19, 0x4f, 0x63, 0x72, 0x94, 0xf1, 0x28, 0x5b, 0x18, 0x37, 0x28, 0x75, 0x34, 0x55,
    0x98, 0x36, 0x55, 0x46, 0xd3, 0xff, 0xff, 0xd3, 0xff, 0x83, 0xff, 0x23, 0xff, 0x66, 0xff, 0xff, 0xa2, 0x23, 0xff, 0xff, 0x83, 0x32, 0xff, 0xff,
    0x83, 0x33, 0xff, 0xff, 0x73, 0x33, 0xff, 0xff, 0x72, 0x43, 0xff, 0xff, 0xff, 0xff, 0xff, 0xff, 0xff, 0xff, 0xff, 0xff, 0xf9, 0xff, 0xff, 0xf1,
    0x1f, 0xf9, 0x1f, 0x24, 0xf3, 0x3f, 0x04, 0xf2, 0x3f, 0x43, 0xf0, 0x3f, 0x23, 0xf4, 0x3f, 0x03, 0xf2, 0x3f, 0x43, 0xf0, 0x34, 0xf1, 0x65, 0x38,
    0x2f, 0x14, 0xf1, 0x57, 0x28, 0x2f, 0x14, 0xe7, 0x82, 0x54, 0xed, 0x25, 0x16, 0x32, 0x34, 0x4e, 0x47, 0x32, 0x32, 0x45, 0x22, 0x36, 0x35, 0x37,
    0x44, 0x61, 0x33, 0x37, 0x48, 0x32, 0x67, 0x34, 0x67, 0x36, 0x49, 0x32, 0x67, 0x34, 0x31, 0x21, 0x33, 0x35, 0x43, 0x34, 0x32, 0x31, 0x21, 0x33,
    0x34, 0x33, 0x43, 0x35, 0x33, 0x43, 0x42, 0x33, 0x43, 0x34, 0xf1, 0x5f, 0x22, 0xf1, 0x4f, 0x11, 0x22, 0xf1, 0x3f, 0x16, 0x53, 0x43, 0x33, 0x53,
    0x56, 0x53, 0x5f, 0x82, 0x83, 0xff, 0xf2, 0x28, 0x3f, 0xff, 0x13, 0x83, 0xff, 0xf0, 0x3f, 0xff, 0x5a, 0xff, 0xf5, 0x9f, 0xff, 0x67, 0xff, 0xff,
    0xff, 0xff, 0xff, 0xff, 0xff, 0xff, 0xff, 0xff, 0xff, 0xc0, 0xff, 0xff, 0x56, 0xff, 0xb1, 0x99, 0xf4, 0x3f, 0x04, 0x7b, 0xf4, 0x3f, 0x03, 0x73,
    0x27, 0xf3, 0x3f, 0x03, 0x7d, 0xf2, 0x3f, 0x03, 0x86, 0x24, 0x45, 0x38, 0x2f, 0x19, 0x35, 0x42, 0x72, 0x82, 0xf1, 0xf2, 0x42, 0x82, 0x54, 0xef,
    0x53, 0x23, 0x23, 0x44, 0xe4, 0x73, 0x93, 0x22, 0x23, 0x63, 0x53, 0x74, 0x46, 0x83, 0x44, 0x83, 0x26, 0x73, 0x46, 0x83, 0x34, 0x93, 0x26, 0x73,
    0x33, 0x22, 0x13, 0x43, 0x24, 0x33, 0x43, 0x23, 0x12, 0x13, 0x33, 0x33, 0x44, 0x34, 0x23, 0x34, 0x34, 0x23, 0x34, 0x33, 0x4f, 0x13, 0xf2, 0x2f,
    0x14, 0xf1, 0x3f, 0x13, 0xf1, 0x65, 0x35, 0x65, 0x35, 0x65, 0x35, 0xff, 0x13, 0xff, 0xfa, 0x3f, 0xff, 0xa3, 0xff, 0xff, 0xff, 0xff, 0xff, 0xff,
    0xff, 0xff, 0xff, 0xff, 0xff, 0xff, 0xff, 0xff, 0xff, 0xff, 0xff, 0xff, 0x90, 0xff, 0xf7, 0x2f, 0x41, 0xf2, 0x3f, 0x33, 0xf2, 0x3f, 0x23, 0xf2,
    0x3f, 0x33, 0xf1, 0x3f, 0x24, 0x6d, 0x22, 0x5c, 0x6c, 0x34, 0x3b, 0x7b, 0x44, 0x3a, 0x84, 0x26, 0x44, 0x73, 0xb2, 0x28, 0x44, 0x1c, 0x86, 0x23,
    0x53, 0x1c, 0x67, 0x33, 0x53, 0x15, 0x25, 0x64, 0x54, 0x53, 0x22, 0x53, 0x73, 0x55, 0x44, 0x14, 0x43, 0x7f, 0x52, 0xb7, 0xb1, 0x83, 0xa9, 0x74,
    0x65, 0x7f, 0xff, 0xff, 0x23, 0x23, 0xff, 0x1a, 0xff, 0x02, 0x23, 0x13, 0xfe, 0x23, 0x12, 0x3f, 0xe3, 0x52, 0xff, 0x12, 0x52, 0xff, 0xff, 0xff,
    0xff, 0xff, 0xff, 0xf6, 0xff, 0xff, 0xff, 0xff, 0xd1, 0xf1, 0x5f, 0xfd, 0x1f, 0xf1, 0x1f, 0x24, 0xe7, 0xff, 0xb3, 0xfe, 0x3f, 0x23, 0xd3, 0x23,
    0xff, 0xb3, 0xfe, 0x3f, 0x23, 0xe3, 0x13, 0xff, 0xb3, 0xff, 0x03, 0xf1, 0x3f, 0x33, 0xff, 0xb3, 0xfe, 0x43, 0xf1, 0x5f, 0x17, 0x77, 0x53, 0xf0,
    0x87, 0x5d, 0x3f, 0x15, 0xf0, 0x79, 0x57, 0x2f, 0x06, 0xa4, 0xc4, 0xe7, 0xe7, 0xb3, 0x82, 0xe7, 0xb3, 0xbc, 0x25, 0x1f, 0x24, 0x54, 0x54, 0x23,
    0x24, 0x24, 0x54, 0x64, 0x54, 0x76, 0x73, 0x23, 0x24, 0x73, 0x74, 0x43, 0x74, 0x13, 0x24, 0x14, 0x74, 0x53, 0x73, 0x68, 0x46, 0x13, 0x33, 0x56,
    0x73, 0x43, 0x32, 0x33, 0x18, 0x23, 0x93, 0x53, 0x32, 0x24, 0x53, 0x14, 0x46, 0x73, 0x56, 0x73, 0x43, 0x24, 0x23, 0x18, 0x23, 0x93, 0x53, 0x24,
    0x23, 0x13, 0x19, 0x33, 0x12, 0x13, 0x33, 0x53, 0x12, 0x13, 0x33, 0x43, 0x15, 0x23, 0x16, 0x43, 0x33, 0x34, 0x43, 0x15, 0x14, 0x13, 0x28, 0x33,
    0x34, 0x33, 0x53, 0x34, 0x34, 0x33, 0x13, 0x34, 0x13, 0x73, 0x34, 0x25, 0x33, 0x13, 0x33, 0x24, 0x54, 0x3f, 0x15, 0xf8, 0x19, 0x34, 0x5f, 0x81,
    0x92, 0xc4, 0xf1, 0x12, 0x2f, 0x82, 0x74, 0x55, 0xf7, 0x27, 0x4a, 0x75, 0x34, 0x33, 0x35, 0x34, 0x35, 0x45, 0x63, 0x74, 0x35, 0x25, 0x55, 0x77,
    0xf9, 0x2f, 0xfa, 0x1f, 0xff, 0xfe, 0x2f, 0xff, 0xff, 0xff, 0x93, 0xff, 0xff, 0xff, 0xf8, 0x3f, 0xff, 0xff, 0xff, 0x2a, 0xff, 0xff, 0xff, 0xf2,
    0x9f, 0xff, 0xff, 0xff, 0x37, 0xff, 0xff, 0xff, 0xff, 0xff, 0xff, 0xff, 0xff, 0xff, 0xff, 0xff, 0xff, 0xff, 0xff, 0xff, 0xff, 0xff, 0xff, 0xff,
    0xff, 0xff, 0xff, 0xf9, 0xff, 0xff, 0xff, 0xfd, 0x1f, 0x15, 0xff, 0xa1, 0xff, 0x74, 0xe7, 0xff, 0x83, 0x85, 0xf9, 0x3e, 0x31, 0x3f, 0xf8, 0x37,
    0x8f, 0x73, 0xe3, 0x23, 0xff, 0x83, 0x69, 0xf6, 0x3f, 0x01, 0x24, 0xff, 0x74, 0x63, 0x25, 0x7f, 0x16, 0x53, 0x77, 0x77, 0x53, 0xd6, 0xa7, 0xf1,
    0x57, 0x27, 0x5a, 0x57, 0x2c, 0x76, 0x13, 0x7e, 0x78, 0x16, 0x6b, 0x38, 0x2b, 0xa3, 0x24, 0xd2, 0x51, 0x54, 0x2a, 0x54, 0x54, 0x23, 0x24, 0x66,
    0xc7, 0x83, 0x23, 0x24, 0x52, 0x2a, 0x63, 0x73, 0x23, 0x24, 0x58, 0xa8, 0x66, 0x13, 0x33, 0x75, 0x16, 0x11, 0x43, 0x32, 0x24, 0x18, 0x63, 0x14,
    0xa3, 0x14, 0x66, 0x73, 0x64, 0x83, 0x43, 0x24, 0x23, 0x18, 0x23, 0x19, 0x44, 0x19, 0x53, 0x12, 0x13, 0x33, 0x54, 0x33, 0x34, 0x33, 0x15, 0x14,
    0x16, 0x43, 0x28, 0x53, 0x28, 0x53, 0x34, 0x33, 0x53, 0x34, 0x34, 0x33, 0x13, 0x33, 0x23, 0x74, 0x54, 0x53, 0x63, 0x6f, 0x15, 0xf8, 0x19, 0x34,
    0x5c, 0x6c, 0x6f, 0x11, 0x22, 0xf8, 0x27, 0x45, 0x5a, 0x8a, 0x95, 0x34, 0x33, 0x35, 0x35, 0x15, 0x55, 0x63, 0x87, 0x43, 0x47, 0xfb, 0x2f, 0xfa,
    0x1f, 0x52, 0xff, 0x72, 0xff, 0xff, 0x13, 0xa4, 0xf6, 0x3f, 0xff, 0x83, 0x53, 0x96, 0xf4, 0x3f, 0xff, 0x84, 0x62, 0x92, 0x22, 0xca, 0xff, 0xf8,
    0x21, 0x11, 0x22, 0x39, 0x22, 0x2c, 0x9f, 0xff, 0x9b, 0x4c, 0xc7, 0xff, 0xfc, 0x42, 0x35, 0xbf, 0xff, 0xff, 0xff, 0xff, 0xff, 0xff, 0xff, 0xff,
    0xff, 0xff, 0xff, 0xff, 0xff, 0xff, 0xff, 0xff, 0xf2, 0xff, 0xff, 0xff, 0xff, 0xff, 0x91, 0xf1, 0x1f, 0xf9, 0x6f, 0xb3, 0xe3, 0xff, 0x78, 0xfa,
    0x4d, 0x3f, 0xf7, 0x9f, 0xa3, 0xd3, 0xff, 0x64, 0x43, 0xf8, 0x4d, 0x36, 0x55, 0x5f, 0x1b, 0x55, 0x3d, 0x2e, 0x57, 0x28, 0x55, 0x5b, 0x47, 0x2c,
    0x3e, 0x48, 0x28, 0x39, 0x4a, 0x38, 0x2b, 0x4c, 0x63, 0x23, 0x23, 0x23, 0x2a, 0x34, 0x35, 0x23, 0x24, 0x23, 0x44, 0x92, 0xa8, 0x37, 0x24, 0x34,
    0x23, 0x54, 0x23, 0x24, 0x13, 0x63, 0x93, 0x23, 0x4f, 0x23, 0x35, 0x31, 0x45, 0x42, 0x82, 0x37, 0x34, 0x31, 0x23, 0x34, 0x71, 0x93, 0x35, 0x31,
    0x45, 0x42, 0x82, 0x37, 0x32, 0x65, 0x34, 0x35, 0xa2, 0x35, 0x31, 0x36, 0x42, 0x64, 0x36, 0x42, 0x74, 0x34, 0x59, 0x42, 0x43, 0x41, 0x36, 0x42,
    0x37, 0x44, 0x52, 0x31, 0x43, 0x35, 0xf1, 0x3a, 0x23, 0x64, 0x34, 0x6b, 0x33, 0x29, 0x7d, 0x59, 0x23, 0x64, 0x35, 0x5a, 0x43, 0x38, 0x99, 0x95,
    0x43, 0x64, 0x43, 0x87, 0x53, 0x45, 0xff, 0xfc, 0x1f, 0xff, 0xff, 0xff, 0xff, 0xff, 0xff, 0xff, 0xff, 0xff, 0xff, 0xff, 0xff, 0xff, 0xff, 0xff,
    0xff, 0xff, 0xff, 0xff, 0xff, 0xff, 0xff, 0xff, 0xff, 0xff, 0xff, 0xff, 0xff, 0xff, 0xff, 0xff, 0xff, 0xff, 0xf6, 0x44, 0xff, 0xff, 0xf1, 0x7f,
    0xf2, 0x1f, 0xfa, 0x8f, 0xf0, 0x4f, 0xf9, 0x32, 0x4f, 0xf0, 0x3f, 0xf9, 0x32, 0x4f, 0xf0, 0x3f, 0xfa, 0x9f, 0xe3, 0xff, 0x02, 0x98, 0x85, 0x3f,
    0x13, 0x16, 0x28, 0x54, 0x47, 0x97, 0x72, 0xf1, 0x24, 0x44, 0x58, 0x25, 0x5b, 0x58, 0x2e, 0x45, 0x34, 0x58, 0x35, 0x44, 0x26, 0x43, 0x24, 0xc4,
    0x44, 0x44, 0x49, 0x34, 0x52, 0x28, 0x33, 0x24, 0x33, 0x74, 0x44, 0x44, 0x35, 0x13, 0x43, 0x57, 0x23, 0x38, 0x26, 0x73, 0x53, 0x53, 0x43, 0x23,
    0x44, 0x37, 0x33, 0x38, 0x26, 0x73, 0x53, 0x53, 0x35, 0x13, 0x44, 0x33, 0x73, 0x36, 0x43, 0x12, 0x13, 0x33, 0x53, 0x53, 0x2a, 0x44, 0x33, 0x64,
    0x33, 0x73, 0x34, 0x34, 0x34, 0x44, 0x1b, 0x43, 0x4c, 0x54, 0x5f, 0xf1, 0x2f, 0x34, 0xb3, 0x21, 0x54, 0xff, 0x13, 0xf1, 0x77, 0x53, 0x13, 0x75,
    0x35, 0x25, 0x26, 0x55, 0x45, 0xf6, 0x23, 0x1f, 0xff, 0xff, 0x02, 0xff, 0xff, 0xf3, 0x3f, 0xff, 0xff, 0x23, 0xff, 0xff, 0xba, 0xff, 0xff, 0xb9,
    0xff, 0xff, 0xc7, 0xff, 0xff, 0xff, 0xff, 0xff, 0xff, 0xff, 0xff, 0xff, 0xff, 0xff, 0xff, 0xff, 0xff, 0xff, 0xf6, 0xff, 0xff, 0xff, 0x41, 0xff,
    0xf1, 0x4f, 0xff, 0x13, 0xff, 0xf1, 0x3f, 0xff, 0x13, 0x55, 0x3f, 0x05, 0xf1, 0x47, 0x2f, 0x23, 0xf1, 0x48, 0x2f, 0x22, 0xe6, 0x32, 0x34, 0x38,
    0x4d, 0x45, 0x22, 0x36, 0x38, 0x43, 0x37, 0x46, 0x48, 0x33, 0x23, 0x31, 0x67, 0x35, 0x49, 0x32, 0x42, 0x31, 0x67, 0x34, 0x43, 0x34, 0x31, 0x52,
    0x31, 0x31, 0x21, 0x33, 0x34, 0x33, 0x43, 0x41, 0x33, 0x41, 0x33, 0x43, 0x34, 0xf2, 0x19, 0x2f, 0x14, 0xf1, 0x38, 0x2f, 0x16, 0x52, 0x65, 0x56,
    0x53, 0x5c, 0x3f, 0xff, 0x13, 0xff, 0xf1, 0x3f, 0xff, 0xff, 0xff, 0xff, 0xff, 0xff, 0xff, 0xff, 0xff, 0xff, 0xff, 0xff, 0xff, 0xff, 0xff, 0xd0,
    0xff, 0xff, 0xf1, 0x1f, 0xf3, 0x1f, 0x63, 0xff, 0x04, 0xf5, 0x3f, 0xf1, 0x3f, 0x63, 0xff, 0x03, 0xf5, 0x4f, 0xf0, 0x37, 0x63, 0x82, 0x16, 0x26,
    0xf1, 0x59, 0x27, 0x24, 0x44, 0x4f, 0x15, 0xa1, 0x63, 0x53, 0x44, 0xe6, 0x44, 0x43, 0x43, 0x44, 0x4e, 0x45, 0x35, 0x44, 0x34, 0x44, 0x44, 0x37,
    0x44, 0x36, 0x34, 0x44, 0x35, 0x32, 0x67, 0x34, 0x36, 0x34, 0x44, 0x35, 0x32, 0x67, 0x34, 0x36, 0x34, 0x44, 0x35, 0x32, 0x31, 0x21, 0x33, 0x34,
    0x44, 0x44, 0x44, 0x34, 0x42, 0x33, 0x43, 0x35, 0xff, 0x33, 0xf1, 0x5f, 0xf3, 0x3f, 0x17, 0x63, 0x53, 0x52, 0x66, 0x53, 0x5f, 0xff, 0xff, 0xff,
    0xff, 0xff, 0xff, 0xff, 0xff, 0xff, 0xff, 0xff, 0xff, 0xff, 0xff, 0xff, 0xff, 0xff, 0xff, 0xff, 0xff, 0xff, 0xff, 0xc0, 0xff, 0xff, 0xff, 0x11,
    0xff, 0xf4, 0x3f, 0xff, 0x33, 0xff, 0xf4, 0x3f, 0xff, 0x24, 0xaf, 0x76, 0xd1, 0x27, 0xf9, 0x4c, 0x24, 0x5f, 0xa3, 0xb3, 0x46, 0x45, 0x47, 0x48,
    0x64, 0x44, 0x48, 0x37, 0x46, 0x84, 0x43, 0x39, 0x33, 0x23, 0x36, 0x31, 0x45, 0x33, 0x39, 0x32, 0x42, 0x32, 0x31, 0x94, 0x33, 0x33, 0x33, 0x92,
    0x32, 0x32, 0x84, 0x33, 0x33, 0x42, 0x31, 0x33, 0x42, 0x45, 0x43, 0x43, 0xf0, 0x19, 0x3f, 0x45, 0xe2, 0x84, 0xf3, 0x64, 0x35, 0x45, 0x87, 0x26,
    0xb3, 0xff, 0xf3, 0x3f, 0xff, 0x33, 0xff, 0xff, 0xff, 0xff, 0xff, 0xff, 0xff, 0xff, 0xff, 0xff, 0xff, 0xff, 0xff, 0xff, 0xff, 0xff, 0xf4, 0xff,
    0xff, 0xa1, 0xf6, 0x2f, 0x11, 0xf0, 0x3f, 0x43, 0xf0, 0x3e, 0x3f, 0x53, 0xe4, 0xd3, 0xf5, 0x3f, 0x03, 0xd4, 0xf4, 0x3e, 0x43, 0xd3, 0x43, 0xd5,
    0xd3, 0xd2, 0x62, 0xc6, 0xc5, 0xb3, 0x62, 0xb7, 0xb6, 0x35, 0x42, 0x22, 0x22, 0x42, 0x67, 0x34, 0x44, 0xf6, 0x32, 0x28, 0x53, 0x63, 0x3f, 0x74,
    0x62, 0x35, 0x37, 0x32, 0xf6, 0x37, 0x33, 0x53, 0x73, 0x34, 0x63, 0x43, 0x34, 0x54, 0x53, 0x64, 0x44, 0x44, 0x52, 0x33, 0x54, 0x64, 0x45, 0x4c,
    0x34, 0x3c, 0x7b, 0x6a, 0x44, 0x3b, 0x22, 0x4a, 0x96, 0x63, 0x67, 0x52, 0x57, 0xff, 0xd2, 0xff, 0xf6, 0x6f, 0xff, 0x57, 0xff, 0xf2, 0x34, 0x2f,
    0xff, 0x24, 0x52, 0xff, 0xf1, 0x21, 0x42, 0x2f, 0xff, 0x1b, 0xff, 0xf2, 0x41, 0x4f, 0xff, 0xff, 0xff, 0xff, 0xff, 0xff, 0xff, 0xf5, 0xff, 0xff,
    0xff, 0xff, 0xb1, 0xff, 0xf5, 0x1f, 0xfd, 0x3f, 0xff, 0x33, 0xff, 0xc3, 0xff, 0xf3, 0x3f, 0xfc, 0x3f, 0xff, 0x33, 0xff, 0xc3, 0xff, 0xf3, 0x3b,
    0x56, 0x16, 0xf1, 0x22, 0x5f, 0x85, 0xea, 0x74, 0x35, 0xf1, 0x24, 0x3f, 0xa3, 0xea, 0x83, 0x44, 0xe4, 0x43, 0xfb, 0x2c, 0xb4, 0x23, 0x35, 0x93,
    0xa4, 0x34, 0x54, 0x84, 0xb4, 0xb2, 0x23, 0x64, 0x4d, 0x54, 0x14, 0x83, 0x84, 0xb4, 0xc4, 0x74, 0x2f, 0x15, 0x31, 0x39, 0x34, 0x23, 0x33, 0x36,
    0x3b, 0x49, 0x32, 0xf1, 0x53, 0x13, 0x93, 0x34, 0x23, 0x17, 0x43, 0xa4, 0x33, 0x43, 0x23, 0x34, 0x33, 0x53, 0x13, 0x33, 0x34, 0x15, 0x23, 0x17,
    0x43, 0xa3, 0x34, 0x34, 0x23, 0x34, 0x33, 0x44, 0x13, 0x34, 0x23, 0x23, 0x34, 0x13, 0x14, 0x33, 0xaf, 0x13, 0xf8, 0x2f, 0x02, 0x92, 0x32, 0x92,
    0x44, 0xf1, 0x3f, 0x83, 0xe3, 0x82, 0x33, 0x81, 0x65, 0x53, 0x56, 0x52, 0x52, 0x65, 0x43, 0x55, 0x54, 0x34, 0x53, 0x31, 0x1f, 0xff, 0x93, 0xff,
    0x43, 0xff, 0xfb, 0x3f, 0xf0, 0x41, 0x3f, 0xff, 0xa3, 0xff, 0x05, 0x13, 0xff, 0xff, 0xfc, 0x21, 0x22, 0x2f, 0xff, 0xff, 0xd3, 0x32, 0xff, 0xff,
    0xfc, 0x34, 0x2f, 0xff, 0xff, 0xc3, 0x33, 0xff, 0xff, 0xfc, 0x8f, 0xff, 0xff, 0xf0, 0x5f, 0xff, 0xff, 0xff, 0xff, 0xff, 0xff, 0xff, 0xff, 0xff,
    0x70, 0xff, 0xff, 0xff, 0x21, 0xf5, 0x1f, 0xff, 0x74, 0xf2, 0x4f, 0x86, 0xf8, 0x3f, 0x33, 0xf6, 0xaf, 0x63, 0xf3, 0x3f, 0x6c, 0xf4, 0x3f, 0x33,
    0xf5, 0x45, 0x46, 0xf1, 0x5f, 0x11, 0xe6, 0x91, 0x35, 0xf1, 0x5f, 0x11, 0xf1, 0x4e, 0x4e, 0x7e, 0x3f, 0x23, 0xeb, 0x25, 0x1f, 0x24, 0x44, 0x74,
    0x34, 0x55, 0x63, 0x23, 0x24, 0x73, 0x74, 0x43, 0x84, 0x14, 0x23, 0x24, 0x46, 0x13, 0x33, 0x56, 0x73, 0x53, 0x32, 0x33, 0x13, 0x33, 0x33, 0x46,
    0x73, 0x56, 0x73, 0x53, 0x24, 0x23, 0x13, 0x42, 0x34, 0x33, 0x12, 0x13, 0x33, 0x53, 0x12, 0x13, 0x33, 0x53, 0x15, 0x23, 0x13, 0x33, 0x33, 0x43,
    0x34, 0x33, 0x53, 0x34, 0x34, 0x34, 0x13, 0x34, 0x13, 0x34, 0x23, 0x4f, 0x15, 0xf9, 0x19, 0x2f, 0x04, 0xf1, 0x12, 0x2f, 0x83, 0x83, 0xe6, 0x53,
    0x43, 0x33, 0x53, 0x52, 0x55, 0x56, 0x43, 0x5f, 0x82, 0xff, 0xd3, 0xfd, 0x2f, 0xfd, 0x3f, 0xc3, 0xff, 0xd3, 0xfb, 0x3f, 0xff, 0xf6, 0xaf, 0xff,
    0xf6, 0x9f, 0xff, 0xf7, 0x7f, 0xff, 0xff, 0xff, 0xff, 0xff, 0xff, 0xff, 0xff, 0xff, 0xff, 0xff, 0xff, 0xff, 0xff, 0x30, 0xff, 0xff, 0x96, 0xf2,
    0x1f, 0x51, 0xf1, 0x9e, 0x3f, 0x24, 0xeb, 0xd3, 0xf3, 0x3e, 0x32, 0x7d, 0x3f, 0x23, 0xed, 0xb4, 0xf2, 0x3f, 0x06, 0x24, 0x3c, 0x4f, 0x13, 0x1c,
    0x35, 0x42, 0xb5, 0xf1, 0x24, 0xf3, 0x42, 0xa6, 0xe4, 0x5f, 0x33, 0x73, 0xf4, 0x44, 0x46, 0x39, 0x32, 0xc6, 0x37, 0x44, 0x43, 0x68, 0x32, 0xc4,
    0x67, 0x35, 0x33, 0x68, 0x32, 0x52, 0x54, 0x67, 0x35, 0x32, 0x32, 0x21, 0x34, 0x33, 0x25, 0x35, 0x31, 0x21, 0x33, 0x35, 0x32, 0x34, 0x43, 0x42,
    0x44, 0x35, 0x33, 0x43, 0x43, 0x43, 0xf1, 0x3b, 0x5f, 0x93, 0xf1, 0x4a, 0x12, 0x2f, 0x86, 0x53, 0x56, 0x73, 0x33, 0x53, 0x52, 0x5f, 0xf7, 0x2f,
    0xff, 0xf0, 0x2f, 0xff, 0xe3, 0xff, 0xfd, 0x3f, 0xff, 0x7a, 0xff, 0xf7, 0x9f, 0xff, 0x87, 0xff, 0xff, 0xff, 0xff, 0xff, 0xff, 0xff, 0xff, 0xff,
    0xff, 0xff, 0xa0, 0xff, 0xfc, 0x1f, 0x51, 0xf2, 0x4f, 0x33, 0xf2, 0x3f, 0x34, 0xf1, 0x3f, 0x43, 0xf1, 0x3f, 0x34, 0x3f, 0x15, 0xf2, 0x3f, 0x15,
    0xf1, 0x4e, 0x7e, 0xf2, 0x4d, 0x2d, 0x37, 0x47, 0x32, 0x33, 0x34, 0x67, 0x35, 0x61, 0x31, 0x11, 0x34, 0x67, 0x35, 0x64, 0x31, 0x33, 0x31, 0x21,
    0x33, 0x35, 0x31, 0x21, 0x31, 0x63, 0x33, 0x43, 0x35, 0x33, 0x41, 0x63, 0xf1, 0x5f, 0x23, 0xf1, 0x5f, 0x16, 0x53, 0x52, 0x33, 0x53, 0x6f, 0x72,
    0xf0, 0x1f, 0x23, 0x32, 0xff, 0x25, 0x22, 0xff, 0x13, 0x12, 0x23, 0xff, 0x06, 0x22, 0xff, 0x16, 0x22, 0xff, 0x22, 0x43, 0xff, 0x28, 0xff, 0x46,
    0xff, 0xff, 0xff, 0xff, 0xf9, 0xff, 0xff, 0xff, 0xff, 0x21, 0xff, 0xf2, 0x1f, 0xfb, 0x3f, 0xff, 0x03, 0xf7, 0x5d, 0x3f, 0xff, 0x03, 0xf6, 0x7d,
    0x3f, 0xfe, 0x3f, 0x63, 0x13, 0xc4, 0xff, 0xe3, 0xd5, 0x38, 0x2d, 0x55, 0x3f, 0x05, 0xe3, 0x27, 0x72, 0x82, 0xc5, 0x72, 0xf2, 0x3e, 0x34, 0x58,
    0x26, 0x3b, 0x68, 0x2f, 0x22, 0xc5, 0x45, 0x32, 0x34, 0x48, 0x66, 0x32, 0x34, 0x38, 0x4b, 0x45, 0x44, 0x22, 0x32, 0x86, 0x85, 0x22, 0x36, 0x38,
    0x4b, 0x45, 0x45, 0x43, 0x86, 0x31, 0x47, 0x48, 0x33, 0x23, 0x33, 0x36, 0x36, 0x34, 0x45, 0x72, 0x31, 0x95, 0x49, 0x32, 0x42, 0x31, 0x74, 0x36,
    0x33, 0x43, 0x33, 0x33, 0x32, 0x84, 0x43, 0x34, 0x31, 0x52, 0x31, 0x74, 0x36, 0x33, 0x33, 0x43, 0x42, 0x45, 0x44, 0x33, 0x43, 0x41, 0x33, 0x41,
    0x31, 0x43, 0x44, 0x43, 0xf2, 0x2c, 0x5f, 0x21, 0x92, 0x32, 0xf2, 0x4f, 0x14, 0xa2, 0x22, 0xf1, 0x38, 0x23, 0x3f, 0x16, 0x53, 0x57, 0x73, 0x33,
    0x52, 0x65, 0x54, 0x34, 0x53, 0x6f, 0xf8, 0x28, 0x3f, 0xff, 0xff, 0x32, 0x83, 0xff, 0xff, 0xf2, 0x38, 0x3f, 0xff, 0xff, 0x13, 0xff, 0xff, 0xf6,
    0xaf, 0xff, 0xff, 0x69, 0xff, 0xff, 0xf7, 0x7f, 0xff, 0xff, 0xff, 0xff, 0xff, 0xff, 0xff, 0xff, 0xff, 0xff, 0xff, 0xff, 0xff, 0xff, 0xff, 0xff,
    0xf3, 0xff, 0xff, 0xfd, 0x1f, 0xff, 0x31, 0xf8, 0x3f, 0xff, 0x13, 0xf7, 0x3f, 0xff, 0x13, 0xf7, 0x3f, 0xff, 0x13, 0xf7, 0x3f, 0xff, 0x13, 0xbe,
    0x65, 0x3f, 0x06, 0xe2, 0x27, 0xe5, 0x72, 0xf2, 0x4e, 0x24, 0x5c, 0x78, 0x2f, 0x23, 0xc4, 0x4b, 0x2b, 0x32, 0x34, 0x38, 0x4c, 0x44, 0x4a, 0x32,
    0x35, 0x22, 0x36, 0x38, 0x4c, 0x44, 0x45, 0x31, 0x23, 0x37, 0x48, 0x33, 0x23, 0x34, 0x36, 0x35, 0x33, 0x65, 0x36, 0x49, 0x32, 0x42, 0x32, 0x74,
    0x35, 0x33, 0x74, 0x35, 0x43, 0x34, 0x31, 0x52, 0x32, 0x74, 0x35, 0x33, 0x31, 0x43, 0x35, 0x33, 0x43, 0x41, 0x33, 0x42, 0x31, 0x43, 0x34, 0x43,
    0x32, 0x95, 0xf2, 0x19, 0x33, 0x2f, 0x14, 0x33, 0x81, 0x22, 0xf1, 0x38, 0x33, 0x3f, 0x04, 0x34, 0x54, 0x23, 0x52, 0x65, 0x55, 0x34, 0x52, 0x6f,
    0x62, 0x83, 0xff, 0xfc, 0x68, 0x3f, 0xff, 0xb7, 0x83, 0xff, 0xf8, 0x34, 0x2f, 0xff, 0xf4, 0x45, 0x2f, 0xff, 0xf3, 0x21, 0x42, 0x2f, 0xff, 0xf3,
    0xbf, 0xff, 0xf4, 0x41, 0x4f, 0xff, 0xff, 0xff, 0xff, 0xff, 0xff, 0xff, 0xff, 0xff, 0xff, 0xff, 0x60, 0xff, 0xff, 0xff, 0x91, 0xff, 0xff, 0x03,
    0xff, 0xfe, 0x4f, 0xff, 0xe3, 0xff, 0xfd, 0x4f, 0x9f, 0x46, 0xd4, 0x53, 0x57, 0xf6, 0x4c, 0x3f, 0x25, 0xf7, 0x3b, 0x4f, 0x39, 0x67, 0x44, 0x34,
    0x43, 0x33, 0x44, 0x48, 0x87, 0x42, 0x36, 0x33, 0x34, 0x26, 0x38, 0x31, 0x43, 0x23, 0x32, 0x37, 0x33, 0x45, 0x41, 0x43, 0x31, 0x91, 0x42, 0x32,
    0x37, 0x33, 0x44, 0x51, 0x43, 0x32, 0xd2, 0x32, 0x36, 0x42, 0x54, 0xa3, 0x45, 0x73, 0x42, 0x44, 0x52, 0x36, 0x21, 0x64, 0xc1, 0x94, 0xb3, 0x72,
    0x95, 0xa3, 0x84, 0xa4, 0x72, 0x88, 0x75, 0x58, 0x76, 0x54, 0x6f, 0xff, 0xff, 0xff, 0xff, 0xff, 0xff, 0xff, 0xff, 0xff, 0xff, 0xff, 0xff, 0xff,
    0xff, 0xff, 0xff, 0xff, 0xff, 0xff, 0xff, 0xff, 0xff, 0xff, 0xff, 0xd0, 0xff, 0xff, 0xff, 0xff, 0xff, 0x21, 0xff, 0x76, 0xff, 0x24, 0xff, 0x4a,
    0xff, 0x13, 0xff, 0x4c, 0xfe, 0x3f, 0xf3, 0x45, 0x4f, 0xe3, 0x4f, 0x87, 0x91, 0x34, 0xa1, 0xf1, 0x4f, 0xa5, 0xe2, 0xb1, 0xf1, 0x4f, 0xb4, 0xe2,
    0xb1, 0xed, 0x25, 0x17, 0x44, 0x45, 0x52, 0x3f, 0x54, 0x73, 0x23, 0x24, 0x74, 0x24, 0x23, 0x24, 0x23, 0xb3, 0x74, 0x46, 0x13, 0x33, 0x32, 0x33,
    0x23, 0x33, 0x33, 0x28, 0x46, 0x73, 0x46, 0x73, 0x24, 0x23, 0x23, 0x42, 0x34, 0x27, 0x46, 0x73, 0x43, 0x12, 0x13, 0x33, 0x15, 0x23, 0x23, 0x33,
    0x33, 0x27, 0x53, 0x12, 0x13, 0x33, 0x43, 0x34, 0x33, 0x13, 0x34, 0x23, 0x34, 0x23, 0x23, 0x93, 0x34, 0x33, 0x4f, 0x11, 0x93, 0xf0, 0x25, 0x7f,
    0x14, 0xf1, 0x28, 0x4e, 0x25, 0x7f, 0x16, 0x53, 0x45, 0x57, 0x43, 0x54, 0x49, 0x53, 0x5f, 0xfa, 0x3f, 0xff, 0xff, 0x03, 0xff, 0xff, 0xf0, 0x3f,
    0xff, 0xff, 0xff, 0xff, 0xff, 0xff, 0xff, 0xff, 0xff, 0xff, 0xff, 0xff, 0xff, 0xff, 0xff, 0xff, 0xff, 0xff, 0xff, 0xff, 0xff, 0xff, 0xff, 0xff,
    0x50, 0xff, 0xff, 0xb1, 0xfb, 0x1f, 0xa4, 0xf9, 0x3f, 0xa3, 0xf9, 0x3f, 0xa3, 0xfa, 0x3f, 0x93, 0xf9, 0x4b, 0xf1, 0xb6, 0x38, 0x21, 0x8f, 0x19,
    0x92, 0x72, 0x46, 0xeb, 0xa1, 0x63, 0x5f, 0x14, 0x94, 0x44, 0x34, 0x34, 0x73, 0x74, 0x83, 0x54, 0x43, 0x44, 0x46, 0x73, 0x83, 0x63, 0x44, 0x43,
    0x46, 0x73, 0x83, 0x63, 0x44, 0x43, 0x43, 0x12, 0x13, 0x33, 0x83, 0x63, 0x44, 0x43, 0x43, 0x34, 0x33, 0x84, 0x44, 0x44, 0x43, 0x4f, 0x12, 0x43,
    0xfb, 0x4f, 0x11, 0x62, 0xfa, 0x75, 0x35, 0x23, 0x11, 0x56, 0x35, 0x35, 0xf8, 0x3f, 0xff, 0x34, 0x13, 0xff, 0xf2, 0x51, 0x3f, 0xff, 0x12, 0x12,
    0x22, 0xff, 0xf2, 0x33, 0x2f, 0xff, 0x13, 0x42, 0xff, 0xf1, 0x33, 0x3f, 0xff, 0x18, 0xff, 0xf4, 0x5f, 0xff, 0xff, 0xff, 0xff, 0xff, 0xff, 0x30,
    0xff, 0xff, 0xff, 0xe1, 0xf2, 0x1f, 0xff, 0xfa, 0x3e, 0x4f, 0x94, 0xff, 0xb3, 0xf0, 0x3f, 0x86, 0xf5, 0x5f, 0x03, 0xf0, 0x3f, 0x82, 0x23, 0xf3,
    0x6f, 0x03, 0xf0, 0x3f, 0x82, 0x24, 0xf1, 0x65, 0xe2, 0xf1, 0x3a, 0x35, 0x28, 0x2f, 0x37, 0xe2, 0xf1, 0x2b, 0x27, 0x27, 0x2f, 0x55, 0xc4, 0xe4,
    0xb2, 0x85, 0x32, 0xf5, 0xb2, 0xf4, 0x43, 0x39, 0x42, 0xa8, 0x62, 0x32, 0x3a, 0x32, 0x34, 0x37, 0x42, 0x3a, 0x22, 0xb7, 0x82, 0x22, 0x36, 0x31,
    0x23, 0x32, 0x67, 0x32, 0x87, 0x51, 0x61, 0x16, 0x31, 0x42, 0x65, 0x65, 0x32, 0x67, 0x33, 0x76, 0x48, 0x32, 0x31, 0x92, 0x46, 0x74, 0x32, 0x31,
    0x21, 0x33, 0x32, 0x76, 0x43, 0x33, 0x41, 0x32, 0x8c, 0x31, 0x43, 0x32, 0x33, 0x43, 0x32, 0x3a, 0x33, 0x43, 0x41, 0x45, 0x4c, 0x32, 0x92, 0xf1,
    0x25, 0x8f, 0x12, 0xcd, 0x33, 0x82, 0xf1, 0x25, 0x8f, 0x13, 0xae, 0x34, 0x56, 0x53, 0x54, 0x4a, 0x53, 0x56, 0x7f, 0xff, 0xff, 0xff, 0xff, 0xff,
    0xff, 0xff, 0xff, 0xff, 0xff, 0xff, 0xff, 0xff, 0xff, 0xff, 0xff, 0xff, 0xff, 0xff, 0xff, 0xff, 0xff, 0xff, 0xff, 0xff, 0xff, 0xff, 0xff, 0xff,
    0xff, 0xff, 0xff, 0xff, 0xff, 0xff, 0xfd, 0xff, 0xff, 0xff, 0xf0, 0x1f, 0x21, 0xff, 0xff, 0xb3, 0xe4, 0xff, 0xf0, 0x6f, 0x43, 0xf0, 0x3f, 0xfe,
    0x9f, 0x23, 0xf0, 0x3f, 0xfd, 0xbf, 0x13, 0xf0, 0x3f, 0xfd, 0x35, 0x35, 0xe2, 0xf1, 0x3a, 0x2f, 0x76, 0xc4, 0xe2, 0xf1, 0x2b, 0x2f, 0x95, 0xb4,
    0xc4, 0xe4, 0xb2, 0xfa, 0x4b, 0xa2, 0xf4, 0x43, 0x3b, 0x45, 0x47, 0x43, 0x44, 0x59, 0x32, 0x34, 0x37, 0x42, 0x3a, 0x48, 0x37, 0x42, 0x36, 0x45,
    0x31, 0x23, 0x32, 0x67, 0x32, 0x85, 0x39, 0x33, 0x23, 0x32, 0x37, 0x33, 0x65, 0x32, 0x67, 0x33, 0x75, 0x39, 0x32, 0x42, 0x32, 0x37, 0x33, 0x74,
    0x32, 0x31, 0x21, 0x33, 0x32, 0x76, 0x33, 0x33, 0x92, 0x32, 0x36, 0x43, 0x31, 0x43, 0x32, 0x33, 0x43, 0x32, 0x3a, 0x33, 0x42, 0x31, 0x33, 0x42,
    0x44, 0x44, 0x32, 0x92, 0xf1, 0x25, 0x8f, 0x01, 0x94, 0xb4, 0x33, 0x82, 0xf1, 0x25, 0x9e, 0x28, 0x4a, 0x53, 0x45, 0x65, 0x35, 0x44, 0xa4, 0x35,
    0x45, 0x86, 0xff, 0xff, 0x03, 0xff, 0xff, 0xfd, 0x3f, 0xff, 0xff, 0xd3, 0xff, 0xff, 0xff, 0xff, 0xff, 0xff, 0xff, 0xff, 0xff, 0xff, 0xff, 0xff,
    0xff, 0xff, 0xff, 0xff, 0xff, 0xff, 0xff, 0xff, 0xff, 0xff, 0xff, 0xff, 0xff, 0xff, 0xff, 0xff, 0xc0, 0xff, 0xff, 0xfc, 0x6e, 0x5f, 0xff, 0x99,
    0xb7, 0xff, 0x36, 0xdb, 0xa3, 0x14, 0xff, 0x0a, 0xb3, 0x27, 0x93, 0x23, 0xff, 0x0c, 0x9d, 0xc4, 0xfe, 0x45, 0x4a, 0x62, 0x43, 0xc7, 0x78, 0x54,
    0x91, 0x3a, 0x35, 0x42, 0xc5, 0xa6, 0x73, 0xef, 0x24, 0x2b, 0x6b, 0x48, 0x3e, 0xf3, 0x33, 0x34, 0x44, 0x45, 0x43, 0x32, 0x42, 0x45, 0x56, 0x39,
    0x32, 0x36, 0x34, 0x37, 0x33, 0x32, 0x41, 0x47, 0x44, 0x68, 0x32, 0x37, 0x33, 0x33, 0x22, 0x42, 0x82, 0x39, 0x34, 0x68, 0x32, 0x37, 0x33, 0x32,
    0x42, 0x32, 0x82, 0x39, 0x42, 0x32, 0x21, 0x34, 0x32, 0x36, 0x43, 0x31, 0x51, 0x42, 0x64, 0x33, 0x33, 0x33, 0x34, 0x43, 0x42, 0x44, 0x53, 0x31,
    0x33, 0x33, 0x37, 0x33, 0x42, 0x34, 0xf1, 0x4f, 0x31, 0x94, 0x45, 0xf0, 0x4f, 0x14, 0xf3, 0x27, 0x55, 0x5e, 0x65, 0x35, 0x77, 0x25, 0x55, 0x73,
    0x74, 0x35, 0xff, 0xff, 0x01, 0xb3, 0xff, 0xff, 0xf2, 0x3f, 0xff, 0xff, 0x23, 0xff, 0xff, 0xff, 0xff, 0xff, 0xff, 0xff, 0xff, 0xff, 0xff, 0xff,
    0xff, 0xff, 0xff, 0xff, 0xff, 0xff, 0xff, 0xff, 0xff, 0xff, 0xff, 0xff, 0xff, 0x80, 0xff, 0xfd, 0x6f, 0x21, 0xfb, 0x9e, 0x37, 0x5c, 0xbd, 0x36,
    0x8a, 0x32, 0x7d, 0x35, 0x99, 0xdb, 0x45, 0x32, 0x59, 0x62, 0x43, 0xc5, 0xaa, 0x35, 0x42, 0xb6, 0x61, 0x3f, 0x34, 0x2a, 0x93, 0x24, 0xf3, 0x37,
    0x3d, 0x76, 0x39, 0x32, 0xc8, 0x84, 0x68, 0x32, 0xc8, 0x31, 0x44, 0x68, 0x32, 0x52, 0x53, 0x41, 0x92, 0x32, 0x21, 0x34, 0x33, 0x25, 0x35, 0x32,
    0x82, 0x34, 0x43, 0x42, 0x44, 0x35, 0x36, 0x34, 0xf1, 0x3b, 0x5c, 0x4f, 0x14, 0xa6, 0xa7, 0x53, 0x56, 0x73, 0x34, 0x7f, 0xf8, 0x2f, 0xfd, 0x33,
    0x2f, 0xfc, 0x52, 0x2f, 0xfb, 0x31, 0x22, 0x3f, 0xfa, 0x62, 0x2f, 0xfb, 0x62, 0x2f, 0xfc, 0x24, 0x3f, 0xfc, 0x8f, 0xfe, 0x6f, 0xff, 0xff, 0xff,
    0xff, 0xff, 0x50, 0xff, 0xff, 0x61, 0xff, 0x33, 0xff, 0x24, 0xff, 0x23, 0xf0, 0x2e, 0x45, 0x54, 0x44, 0xd4, 0x82, 0x53, 0xc5, 0x83, 0x52, 0xb6,
    0x93, 0x43, 0x34, 0x45, 0x51, 0x34, 0x32, 0x36, 0x36, 0x32, 0x34, 0x41, 0x37, 0x34, 0x51, 0x34, 0x41, 0x37, 0x33, 0xa4, 0x41, 0x36, 0x42, 0xb4,
    0x32, 0x44, 0x52, 0xf3, 0x3b, 0x4f, 0x14, 0xa6, 0x54, 0x57, 0x7f, 0xff, 0xff, 0xff, 0xff, 0xff, 0xff, 0xff, 0xff, 0xff, 0xff, 0xff, 0xff, 0xff,
    0xf4, 0xff, 0xff, 0xf3, 0x1f, 0xe1, 0xf0, 0x1f, 0x13, 0xfc, 0x3d, 0x3f, 0x03, 0xfc, 0x3d, 0x3f, 0x03, 0xfc, 0x3d, 0x3f, 0x03, 0xfc, 0x3d, 0x34,
    0xef, 0x0f, 0x02, 0xe4, 0xe5, 0x55, 0xf0, 0x2e, 0x4c, 0x59, 0x3e, 0x3c, 0xf0, 0x43, 0xa4, 0x45, 0x4c, 0x4f, 0x04, 0x24, 0x34, 0x24, 0x74, 0xc4,
    0x63, 0x63, 0x23, 0x53, 0x23, 0x93, 0x43, 0x63, 0x47, 0x43, 0x23, 0x53, 0x23, 0x93, 0x27, 0x43, 0x47, 0x43, 0x23, 0x53, 0x23, 0x33, 0x34, 0x17,
    0x43, 0x43, 0x14, 0x33, 0x24, 0x34, 0x23, 0x34, 0x23, 0x23, 0x14, 0x33, 0x43, 0x29, 0x2a, 0x3f, 0x02, 0x32, 0x94, 0x33, 0x83, 0x94, 0xe2, 0x33,
    0x84, 0x34, 0x57, 0x57, 0x43, 0x53, 0x34, 0x5f, 0xff, 0xff, 0xff, 0xff, 0xff, 0xff, 0xff, 0xff, 0xff, 0xff, 0xff, 0xff, 0xff, 0xff, 0xff, 0xff,
    0xff, 0xff, 0xff, 0xff, 0xff, 0xff, 0xff, 0xff, 0xff, 0x70, 0xff, 0xff, 0xf0, 0x6f, 0xfd, 0x1f, 0x29, 0xff, 0xa3, 0xf0, 0xbf, 0xf9, 0x3f, 0x03,
    0x27, 0xff, 0x93, 0xed, 0xff, 0x74, 0xf0, 0x62, 0x44, 0x57, 0x26, 0x63, 0x82, 0x1d, 0x35, 0x42, 0x75, 0x34, 0x92, 0x72, 0x4f, 0x44, 0x28, 0x43,
    0x4a, 0x16, 0x35, 0xf4, 0x31, 0x42, 0xa3, 0x44, 0x43, 0x43, 0x47, 0x39, 0x32, 0x22, 0xb3, 0x35, 0x44, 0x34, 0x44, 0x68, 0x34, 0x51, 0x52, 0x12,
    0x36, 0x34, 0x44, 0x34, 0x68, 0x33, 0x48, 0x32, 0x36, 0x34, 0x44, 0x33, 0x32, 0x21, 0x34, 0x32, 0x43, 0x33, 0x41, 0x36, 0x34, 0x44, 0x33, 0x34,
    0x43, 0x42, 0x33, 0x43, 0x41, 0x44, 0x44, 0x44, 0x34, 0xf1, 0x3f, 0x13, 0xfb, 0x4f, 0x13, 0xf1, 0x3f, 0xa7, 0x53, 0x56, 0x53, 0x56, 0x63, 0x53,
    0x5f, 0xff, 0xff, 0xff, 0xff, 0xff, 0xff, 0xff, 0xff, 0xff, 0xff, 0xff, 0xff, 0xff, 0xff, 0xff, 0xff, 0xff, 0xff, 0xff, 0xff, 0xff, 0xff, 0xff,
    0xff, 0xff, 0xff, 0xfa, 0xff, 0xff, 0xfb, 0x1f, 0xff, 0x23, 0xff, 0xf1, 0x3f, 0xff, 0x23, 0xff, 0xf0, 0x4c, 0x57, 0x26, 0x63, 0x82, 0x18, 0x75,
    0x34, 0x92, 0x72, 0x46, 0x84, 0x34, 0xa1, 0x63, 0x54, 0x42, 0xa3, 0x44, 0x43, 0x43, 0x45, 0x22, 0xb3, 0x35, 0x44, 0x34, 0x46, 0x51, 0x52, 0x12,
    0x36, 0x34, 0x44, 0x35, 0x48, 0x32, 0x36, 0x34, 0x44, 0x34, 0x43, 0x33, 0x41, 0x36, 0x34, 0x44, 0x34, 0x33, 0x43, 0x41, 0x44, 0x44, 0x44, 0x34,
    0xf1, 0x3f, 0xb4, 0xf1, 0x3f, 0xa7, 0x53, 0x56, 0x63, 0x53, 0x5f, 0xff, 0xff, 0xff, 0xff, 0xff, 0xff, 0xff, 0xff, 0xff, 0xff, 0xff, 0xff, 0xff,
    0xff, 0xff, 0xff, 0xff, 0xff, 0xff, 0x70, 0xff, 0xff, 0xf7, 0x1f, 0x81, 0xf6, 0x1f, 0x24, 0xf6, 0x3f, 0x43, 0xf2, 0x3f, 0x63, 0xf4, 0x3f, 0x23,
    0xf6, 0x3f, 0x43, 0xf2, 0x3f, 0x63, 0xf4, 0x34, 0xf1, 0x31, 0x6e, 0x7f, 0x04, 0xf1, 0x24, 0x4e, 0x7f, 0x04, 0xe4, 0x53, 0xc9, 0xef, 0x14, 0x44,
    0xc4, 0x94, 0x54, 0x73, 0x74, 0x44, 0xc4, 0x74, 0x23, 0x24, 0x46, 0x73, 0x53, 0x43, 0x63, 0x73, 0x33, 0x33, 0x46, 0x73, 0x53, 0x27, 0x43, 0x73,
    0x42, 0x33, 0x43, 0x12, 0x13, 0x33, 0x53, 0x27, 0x43, 0x73, 0x33, 0x34, 0x33, 0x34, 0x34, 0x34, 0x23, 0x14, 0x33, 0x73, 0x34, 0x23, 0x4f, 0x92,
    0x32, 0x97, 0xf0, 0x4f, 0x83, 0x33, 0x82, 0x24, 0xe6, 0x53, 0x52, 0x54, 0x34, 0x54, 0x25, 0x43, 0x5f, 0xff, 0x22, 0x93, 0xff, 0xf7, 0x47, 0x3f,
    0xff, 0x66, 0x63, 0xff, 0xf5, 0x41, 0x2f, 0xff, 0xd8, 0xff, 0xfd, 0x31, 0x4f, 0xff, 0xe2, 0x42, 0xff, 0xfd, 0x9f, 0xff, 0xd6, 0xff, 0xff, 0xff,
    0xff, 0xff, 0xff, 0xff, 0x50, 0xff, 0xff, 0xff, 0xf3, 0x1f, 0xa1, 0xff, 0xa4, 0xf6, 0x3f, 0x74, 0xff, 0x78, 0xf4, 0x3f, 0x83, 0xff, 0x79, 0xf3,
    0x3f, 0x83, 0xff, 0x73, 0x25, 0xf2, 0x3f, 0x83, 0xff, 0x7a, 0x5f, 0x02, 0x26, 0xf1, 0x31, 0x62, 0x6a, 0x4b, 0x13, 0x5f, 0x02, 0x44, 0xf1, 0x24,
    0x44, 0x3b, 0x3b, 0x24, 0x4e, 0x34, 0x4e, 0x45, 0x34, 0x3b, 0x38, 0x63, 0x54, 0x54, 0x44, 0xe4, 0x44, 0x44, 0x23, 0xb9, 0x53, 0x44, 0x74, 0x44,
    0x43, 0x74, 0x44, 0x44, 0x13, 0xb5, 0x13, 0x53, 0x43, 0x93, 0x53, 0x26, 0x73, 0x53, 0x53, 0x18, 0x73, 0x23, 0x53, 0x43, 0x93, 0x53, 0x26, 0x73,
    0x53, 0x53, 0x27, 0x65, 0x13, 0x53, 0x43, 0x33, 0x34, 0x43, 0x23, 0x12, 0x13, 0x33, 0x53, 0x53, 0x17, 0x6a, 0x53, 0x43, 0x34, 0x23, 0x44, 0x23,
    0x34, 0x34, 0x34, 0x44, 0x13, 0x9b, 0x44, 0x4f, 0x73, 0xff, 0x12, 0x57, 0xf3, 0x6f, 0x63, 0xff, 0x12, 0x58, 0xf2, 0x74, 0x35, 0x16, 0x65, 0x35,
    0x25, 0x26, 0x44, 0x95, 0x45, 0xff, 0xff, 0xff, 0xff, 0xff, 0xff, 0xff, 0xff, 0xff, 0xff, 0xff, 0xff, 0xff, 0xff, 0xff, 0xff, 0xff, 0xff, 0xff,
    0xff, 0xff, 0xff, 0xff, 0xff, 0xff, 0xff, 0xff, 0xff, 0xff, 0xff, 0xff, 0xff, 0xff, 0xff, 0xff, 0xff, 0xff, 0xb0, 0xff, 0xff, 0xff, 0xf4, 0x5f,
    0x36, 0xf5, 0x1f, 0x95, 0xf2, 0x7f, 0x19, 0xf2, 0x3f, 0x77, 0xf0, 0x32, 0x3f, 0x0b, 0xf1, 0x3f, 0x69, 0xf0, 0x31, 0x3f, 0x03, 0x27, 0xf1, 0x3f,
    0x53, 0x25, 0xf3, 0x3f, 0x0d, 0xe4, 0xf5, 0xa5, 0xf1, 0x45, 0x76, 0x24, 0x45, 0x27, 0xf0, 0xb1, 0x44, 0xf0, 0x47, 0x73, 0x54, 0x27, 0x16, 0x55,
    0x57, 0x13, 0x24, 0x4e, 0x48, 0xf0, 0x42, 0x71, 0x54, 0x93, 0x86, 0x3a, 0x39, 0x32, 0x4f, 0x03, 0x22, 0x23, 0x43, 0x2a, 0x24, 0x23, 0x63, 0x6d,
    0x33, 0x24, 0x33, 0x93, 0x27, 0x44, 0x14, 0x34, 0x22, 0x23, 0x73, 0x4f, 0x12, 0x82, 0x68, 0x32, 0x65, 0x41, 0x35, 0x34, 0x48, 0x34, 0xf1, 0x28,
    0x26, 0x83, 0x2e, 0x23, 0x53, 0x34, 0x93, 0x43, 0x34, 0x33, 0x26, 0x33, 0x22, 0x13, 0x43, 0x4b, 0x33, 0x53, 0x24, 0x33, 0x43, 0x43, 0x34, 0x33,
    0x23, 0x63, 0x44, 0x34, 0x58, 0x54, 0x34, 0x23, 0x34, 0x34, 0x4f, 0x13, 0x45, 0xf1, 0x63, 0x23, 0x5a, 0x3f, 0x24, 0xf1, 0x35, 0x4f, 0x16, 0x86,
    0x93, 0xf1, 0x75, 0x25, 0x63, 0x75, 0x35, 0x95, 0x95, 0x75, 0x35, 0xfd, 0x1f, 0xff, 0xff, 0xff, 0xff, 0xff, 0xff, 0xff, 0xff, 0xff, 0xff, 0xff,
    0xff, 0xff, 0xff, 0xff, 0xff, 0xff, 0xff, 0xff, 0xff, 0xff, 0xff, 0xff, 0xff, 0xff, 0xff, 0xff, 0xff, 0xff, 0xff, 0xff, 0xff, 0xff, 0xff, 0xff,
    0xff, 0xff, 0xe0, 0xff, 0xff, 0xf1, 0x6f, 0x51, 0xf9, 0x5c, 0x9f, 0x23, 0xf7, 0x7a, 0xbf, 0x13, 0xf6, 0x99, 0x32, 0x7f, 0x13, 0xf5, 0x32, 0x58,
    0xde, 0x4f, 0x5a, 0x96, 0x24, 0x45, 0x27, 0xf0, 0xb1, 0x49, 0x35, 0x42, 0x71, 0x65, 0x55, 0x71, 0x32, 0x4f, 0x24, 0x27, 0x15, 0x49, 0x38, 0x63,
    0xf3, 0x32, 0x22, 0x34, 0x32, 0xa2, 0x42, 0x36, 0x36, 0x39, 0x32, 0x74, 0x41, 0x43, 0x42, 0x22, 0x37, 0x34, 0x68, 0x32, 0x65, 0x41, 0x35, 0x34,
    0x48, 0x34, 0x68, 0x32, 0xe2, 0x35, 0x33, 0x49, 0x33, 0x32, 0x21, 0x34, 0x34, 0xb3, 0x35, 0x32, 0x43, 0x34, 0x33, 0x34, 0x43, 0x45, 0x85, 0x43,
    0x42, 0x33, 0x43, 0x44, 0xf1, 0x63, 0x23, 0x5a, 0x3f, 0x24, 0xf1, 0x68, 0x69, 0x3f, 0x17, 0x53, 0x59, 0x59, 0x57, 0x53, 0x5f, 0xff, 0xff, 0xff,
    0xff, 0xff, 0xff, 0xff, 0xff, 0xff, 0xff, 0xff, 0xff, 0xff, 0xff, 0xff, 0xff, 0xff, 0xff, 0xff, 0xff, 0xff, 0xff, 0xff, 0xff, 0xff, 0xff, 0xff,
    0x70, 0xff, 0xff, 0x66, 0xff, 0xf7, 0x9f, 0xf2, 0x6b, 0xbf, 0xf0, 0x99, 0x32, 0x7f, 0xdb, 0x8d, 0xfc, 0x35, 0x39, 0x62, 0x43, 0xf3, 0x6c, 0x93,
    0x54, 0x2f, 0x55, 0xbf, 0x24, 0x2f, 0x64, 0xbf, 0x33, 0x73, 0x94, 0x34, 0x45, 0x53, 0x93, 0x2c, 0x64, 0x23, 0x64, 0x36, 0x83, 0x2c, 0x22, 0x33,
    0x23, 0x73, 0x36, 0x83, 0x25, 0x25, 0x14, 0x23, 0x23, 0x73, 0x23, 0x22, 0x13, 0x43, 0x32, 0x53, 0x15, 0x23, 0x23, 0x64, 0x23, 0x44, 0x34, 0x24,
    0x43, 0x13, 0x34, 0x24, 0x44, 0x4f, 0x13, 0xb1, 0x94, 0xb4, 0xf1, 0x4a, 0x28, 0x4a, 0x75, 0x35, 0x67, 0x55, 0x86, 0xff, 0xff, 0xff, 0xff, 0xff,
    0xff, 0xff, 0xff, 0xff, 0xff, 0xff, 0xff, 0xff, 0xff, 0xff, 0xff, 0xff, 0xff, 0xff, 0xff, 0xff, 0xff, 0xff, 0xf8, 0xff, 0xff, 0xff, 0xf8, 0x1f,
    0xff, 0xf9, 0x4f, 0x26, 0xff, 0xf1, 0x3f, 0x19, 0xff, 0xe3, 0xf0, 0xbf, 0xfd, 0x3f, 0x03, 0x53, 0x5f, 0x46, 0xf1, 0x3a, 0x2c, 0x4f, 0x64, 0xf1,
    0x2b, 0x3b, 0x4f, 0x73, 0xe4, 0xb3, 0xb4, 0x42, 0x66, 0x4e, 0x43, 0x3a, 0x44, 0x54, 0x22, 0x86, 0x44, 0x37, 0x42, 0x3a, 0x36, 0x45, 0x62, 0x32,
    0x23, 0x32, 0x67, 0x32, 0x85, 0x37, 0x33, 0x73, 0x31, 0x42, 0x32, 0x67, 0x33, 0x75, 0x37, 0x33, 0x45, 0x92, 0x32, 0x31, 0x21, 0x33, 0x32, 0x76,
    0x36, 0x43, 0x35, 0x41, 0x33, 0x42, 0x33, 0x43, 0x32, 0x3a, 0x44, 0x44, 0xc1, 0x93, 0xf1, 0x25, 0x9b, 0x4b, 0x38, 0x3f, 0x12, 0x59, 0xa7, 0x76,
    0x57, 0x53, 0x54, 0x4b, 0x6f, 0xff, 0xff, 0xff, 0xff, 0xff, 0xff, 0xff, 0xff, 0xff, 0xff, 0xff, 0xff, 0xff, 0xff, 0xff, 0xff, 0xff, 0xff, 0xff,
    0xff, 0xff, 0xff, 0xff, 0xff, 0xff, 0xff, 0xff, 0xff, 0xe0, 0xff, 0xfa, 0x1f, 0x31, 0xf2, 0x4f, 0x04, 0xf2, 0x3f, 0x13, 0xf2, 0x3f, 0x13, 0xf2,
    0x3f, 0x13, 0x4f, 0x13, 0xf1, 0x4f, 0x13, 0xf1, 0x4e, 0x5e, 0xd2, 0x51, 0xf0, 0x47, 0x32, 0x32, 0x45, 0x37, 0x44, 0x61, 0x33, 0x33, 0x67, 0x34,
    0x67, 0x33, 0x67, 0x34, 0x31, 0x21, 0x33, 0x33, 0x31, 0x21, 0x33, 0x34, 0x33, 0x43, 0x33, 0x33, 0x43, 0x34, 0xf1, 0x3f, 0x14, 0xf1, 0x3f, 0x16,
    0x53, 0x47, 0x53, 0x5f, 0xff, 0x93, 0x23, 0xff, 0x0a, 0xfe, 0x22, 0x31, 0x3f, 0xd2, 0x31, 0x23, 0xfd, 0x35, 0x2f, 0xf0, 0x25, 0x2f, 0xff, 0xff,
    0xff, 0xff, 0xff, 0xff, 0xf3, 0xff, 0xff, 0xff, 0x42, 0xff, 0x81, 0xff, 0xa3, 0xf8, 0x3b, 0x3f, 0xfa, 0x3f, 0x83, 0xa3, 0xf6, 0x5e, 0x3f, 0x83,
    0xb3, 0xf4, 0x6e, 0x3f, 0x83, 0xa4, 0xf3, 0x65, 0xd2, 0x26, 0x53, 0x82, 0xc4, 0xf3, 0x7c, 0x34, 0x37, 0x28, 0x2b, 0x5f, 0x55, 0xb4, 0x43, 0x82,
    0x54, 0xa6, 0xf5, 0x54, 0x26, 0x44, 0x23, 0x23, 0x44, 0x83, 0xd6, 0x23, 0x23, 0x52, 0x28, 0x44, 0x12, 0x23, 0x63, 0x3c, 0x88, 0x22, 0x23, 0x66,
    0x23, 0x53, 0x34, 0x83, 0x2c, 0x83, 0x14, 0x26, 0x57, 0x33, 0x53, 0x24, 0x93, 0x25, 0x25, 0x43, 0x19, 0x24, 0x64, 0x54, 0x53, 0x14, 0x33, 0x43,
    0x32, 0x53, 0x53, 0x28, 0xc3, 0x55, 0x44, 0x13, 0x34, 0x34, 0x24, 0x43, 0x54, 0x54, 0xcf, 0x52, 0xf2, 0x2b, 0x5c, 0xdb, 0x18, 0x2f, 0x14, 0xa6,
    0xaf, 0x17, 0x46, 0x55, 0x35, 0x67, 0x33, 0x47, 0xff, 0xe3, 0xf7, 0x2f, 0xff, 0xa3, 0xf1, 0x33, 0x2f, 0xff, 0xa3, 0xf0, 0x52, 0x2f, 0xff, 0xfc,
    0x31, 0x22, 0x3f, 0xff, 0xfb, 0x62, 0x2f, 0xff, 0xfc, 0x62, 0x2f, 0xff, 0xfd, 0x24, 0x3f, 0xff, 0xfd, 0x8f, 0xff, 0xff, 0x06, 0xff, 0xff, 0xff,
    0xff, 0xff, 0xff, 0xff, 0xff, 0xff, 0x20, 0xff, 0xff, 0xff, 0xf5, 0x5f, 0xff, 0xe1, 0xff, 0x67, 0xff, 0xd3, 0xb3, 0xff, 0x53, 0x23, 0xff, 0xd3,
    0xa3, 0xf6, 0x59, 0x32, 0x3f, 0xfd, 0x3b, 0x3f, 0x46, 0xd4, 0xff, 0xd3, 0xa4, 0xf3, 0x65, 0xd7, 0x77, 0x54, 0x53, 0x82, 0xc4, 0xf3, 0x7c, 0x6a,
    0x57, 0x27, 0x28, 0x2b, 0x5f, 0x55, 0xb7, 0xb3, 0x82, 0x82, 0x54, 0xa6, 0xf5, 0x54, 0x26, 0x54, 0x54, 0x23, 0x24, 0x13, 0x23, 0x44, 0x83, 0xd6,
    0x23, 0x23, 0x52, 0x28, 0x43, 0x73, 0x23, 0x24, 0x12, 0x23, 0x63, 0x3c, 0x88, 0x22, 0x23, 0x66, 0x23, 0x43, 0x32, 0x24, 0x18, 0x44, 0x83, 0x2c,
    0x83, 0x14, 0x26, 0x57, 0x33, 0x43, 0x24, 0x23, 0x18, 0x34, 0x93, 0x25, 0x25, 0x43, 0x19, 0x24, 0x64, 0x54, 0x43, 0x15, 0x14, 0x16, 0x44, 0x33,
    0x43, 0x32, 0x53, 0x53, 0x28, 0xc3, 0x56, 0x33, 0x13, 0x33, 0x23, 0x73, 0x34, 0x34, 0x24, 0x43, 0x54, 0x54, 0xcf, 0x51, 0x93, 0x45, 0xf2, 0x2b,
    0x5c, 0xdb, 0x18, 0x27, 0x45, 0x4f, 0x14, 0xa6, 0xaf, 0x17, 0x45, 0x55, 0x63, 0x75, 0x35, 0x67, 0x33, 0x47, 0xff, 0xf6, 0x1c, 0x3f, 0x72, 0xff,
    0xff, 0xf0, 0x3f, 0x13, 0x32, 0xff, 0xff, 0xf0, 0x3f, 0x05, 0x22, 0xff, 0xff, 0xff, 0x23, 0x12, 0x23, 0xff, 0xff, 0xff, 0x16, 0x22, 0xff, 0xff,
    0xff, 0x26, 0x22, 0xff, 0xff, 0xff, 0x32, 0x43, 0xff, 0xff, 0xff, 0x38, 0xff, 0xff, 0xff, 0x56, 0xff, 0xff, 0xff, 0xff, 0xff, 0xff, 0xff, 0xff,
    0xff, 0xff, 0xff, 0x20, 0x83, 0xff, 0xfc, 0x7f, 0xff, 0xa7, 0xff, 0x56, 0xe3, 0x14, 0xff, 0x2a, 0xc3, 0x23, 0xff, 0x2c, 0xe4, 0xff, 0x14, 0x54,
    0x6b, 0x77, 0xa5, 0x49, 0x13, 0x5a, 0x6a, 0x87, 0x3e, 0x48, 0x8b, 0x68, 0x3e, 0x93, 0x74, 0x54, 0x53, 0x24, 0x24, 0x55, 0x4c, 0x33, 0x73, 0x53,
    0x24, 0x14, 0x74, 0x4c, 0x33, 0x32, 0x24, 0x48, 0x23, 0x93, 0x45, 0x25, 0x33, 0x24, 0x23, 0x48, 0x23, 0x94, 0x42, 0x53, 0x43, 0x15, 0x14, 0x46,
    0x43, 0x33, 0x33, 0x44, 0x44, 0x33, 0x13, 0x33, 0x53, 0x73, 0x34, 0x23, 0x4f, 0x31, 0x96, 0x45, 0xf0, 0x5f, 0x22, 0x73, 0x22, 0x55, 0xe6, 0x72,
    0x55, 0x54, 0x32, 0x37, 0x43, 0x5f, 0xf6, 0x24, 0x1b, 0x3f, 0xfb, 0x2f, 0x13, 0xff, 0xa3, 0xf1, 0x3f, 0xf9, 0x3f, 0xff, 0x7a, 0xff, 0xf7, 0x9f,
    0xff, 0x87, 0xff, 0xff, 0xff, 0xff, 0xff, 0xff, 0xff, 0xff, 0xff, 0xff, 0xff, 0xb0, 0xff, 0xff, 0xff, 0x76, 0xff, 0xf5, 0x1f, 0x01, 0xf1, 0x9f,
    0xff, 0x14, 0xd3, 0xeb, 0xff, 0xf1, 0x3d, 0x3e, 0x32, 0x7f, 0xff, 0x03, 0xd3, 0xed, 0xff, 0xe3, 0xd3, 0xf0, 0x62, 0x43, 0xf4, 0x9f, 0x12, 0xe2,
    0x2c, 0x35, 0x42, 0xf6, 0x7f, 0x12, 0xe2, 0x4f, 0x34, 0x2f, 0x76, 0xe4, 0xc4, 0x4f, 0x43, 0x24, 0x26, 0x64, 0xf2, 0x49, 0x29, 0x46, 0x39, 0x33,
    0x22, 0x86, 0x47, 0x37, 0x48, 0x32, 0x34, 0x43, 0x68, 0x34, 0x62, 0x32, 0x23, 0x35, 0x67, 0x34, 0x31, 0x23, 0x35, 0x33, 0x68, 0x32, 0x73, 0x31,
    0x42, 0x35, 0x67, 0x32, 0x65, 0x35, 0x32, 0x32, 0x21, 0x34, 0x32, 0x45, 0x92, 0x35, 0x31, 0x21, 0x33, 0x32, 0x74, 0x35, 0x32, 0x34, 0x43, 0x42,
    0x35, 0x41, 0x33, 0x45, 0x33, 0x43, 0x32, 0x31, 0x43, 0x34, 0x43, 0xf1, 0x3c, 0x19, 0x6f, 0x12, 0x32, 0xf1, 0x4f, 0x13, 0xb3, 0x82, 0x22, 0xf1,
    0x23, 0x3f, 0x06, 0x53, 0x56, 0x76, 0x55, 0x23, 0x53, 0x53, 0x34, 0x52, 0x6f, 0xff, 0x42, 0xff, 0xff, 0xf9, 0x6f, 0xff, 0xff, 0x87, 0xff, 0xff,
    0xf5, 0x34, 0x2f, 0xff, 0xff, 0x54, 0x52, 0xff, 0xff, 0xf4, 0x21, 0x42, 0x2f, 0xff, 0xff, 0x4b, 0xff, 0xff, 0xf5, 0x41, 0x4f, 0xff, 0xff, 0xff,
    0xff, 0xff, 0xff, 0xff, 0xff, 0xff, 0xff, 0xff, 0xff, 0xfd, 0xff, 0xff, 0xff, 0x81, 0xff, 0xff, 0x11, 0xf2, 0x4f, 0xfa, 0x3f, 0x04, 0xf2, 0x3f,
    0xfb, 0x3f, 0x03, 0xf2, 0x3f, 0xfb, 0x3f, 0x03, 0xf2, 0x3f, 0xfb, 0x3f, 0x03, 0x4f, 0x12, 0xf5, 0x65, 0x38, 0x2f, 0x14, 0xf1, 0x2f, 0x73, 0x72,
    0x82, 0xf1, 0x4e, 0x4f, 0x82, 0x82, 0x54, 0xed, 0x25, 0x14, 0x34, 0x47, 0x42, 0x32, 0x34, 0x4e, 0x47, 0x32, 0x32, 0x42, 0x36, 0x38, 0x41, 0x22,
    0x36, 0x35, 0x37, 0x44, 0x61, 0x33, 0x32, 0x37, 0x33, 0x23, 0x33, 0x48, 0x32, 0x67, 0x34, 0x67, 0x32, 0x37, 0x32, 0x42, 0x32, 0x49, 0x32, 0x67,
    0x34, 0x31, 0x21, 0x33, 0x32, 0x36, 0x41, 0x52, 0x31, 0x43, 0x34, 0x32, 0x31, 0x21, 0x33, 0x34, 0x33, 0x43, 0x32, 0x44, 0x51, 0x33, 0x41, 0x33,
    0x43, 0x42, 0x33, 0x43, 0x34, 0xf1, 0x3b, 0x29, 0x2f, 0x22, 0xf1, 0x4f, 0x13, 0xa4, 0x82, 0xf1, 0x3f, 0x16, 0x53, 0x47, 0x76, 0x56, 0x53, 0x56,
    0x53, 0x5f, 0xff, 0xa3, 0xff, 0xff, 0xf4, 0x3f, 0xff, 0xff, 0x43, 0xff, 0xff, 0xff, 0xff, 0xff, 0xff, 0xff, 0xff, 0xff, 0xff, 0xff, 0xff, 0xff,
    0xff, 0xff, 0xff, 0xff, 0xff, 0xff, 0xff, 0xff, 0xff, 0xff, 0xff, 0xff, 0xf0, 0xff, 0xff, 0xf7, 0x1f, 0x31, 0xfb, 0x1f, 0x24, 0xf0, 0x4f, 0x93,
    0xf2, 0x3f, 0x13, 0xf9, 0x3f, 0x23, 0xf1, 0x3f, 0xa3, 0xf1, 0x3f, 0x13, 0xf9, 0x43, 0xf1, 0x3f, 0x1f, 0x0d, 0x3f, 0x13, 0xf1, 0x55, 0x5c, 0x4e,
    0x5e, 0x59, 0x3b, 0xc2, 0x51, 0xf0, 0x43, 0xa5, 0x33, 0x37, 0x32, 0x32, 0x45, 0x37, 0x42, 0x43, 0x43, 0x35, 0x34, 0x61, 0x33, 0x33, 0x67, 0x32,
    0x35, 0x32, 0x45, 0x34, 0x67, 0x33, 0x67, 0x32, 0x35, 0x32, 0x45, 0x43, 0x31, 0x21, 0x33, 0x33, 0x31, 0x21, 0x33, 0x32, 0x35, 0x32, 0x36, 0x43,
    0x33, 0x43, 0x33, 0x33, 0x43, 0x32, 0x43, 0x42, 0x36, 0x43, 0xf1, 0x3f, 0x12, 0xa3, 0x36, 0x43, 0xf1, 0x3f, 0x13, 0x93, 0x36, 0x45, 0x53, 0x47,
    0x53, 0x56, 0x55, 0x36, 0x4f, 0xff, 0xff, 0x43, 0x23, 0xff, 0xfc, 0xaf, 0xff, 0xb2, 0x23, 0x13, 0xff, 0xfa, 0x23, 0x12, 0x3f, 0xff, 0xa3, 0x52,
    0xff, 0xfc, 0x25, 0x2f, 0xff, 0xff, 0xff, 0xff, 0xff, 0xff, 0xff, 0xff, 0xff, 0xff, 0xff, 0xff, 0x00, 0xff, 0xff, 0xff, 0xf1, 0x1f, 0xff, 0x83,
    0x75, 0xff, 0xa3, 0x67, 0xff, 0xa3, 0x52, 0x23, 0xff, 0x94, 0x58, 0x55, 0x55, 0x41, 0x5c, 0x67, 0x47, 0x37, 0x33, 0x3b, 0xa3, 0x48, 0x28, 0x25,
    0x2a, 0xa4, 0x43, 0x24, 0x13, 0x23, 0x34, 0x73, 0x7c, 0x13, 0x24, 0x18, 0x43, 0x2c, 0x3c, 0x18, 0x28, 0x44, 0x1c, 0x35, 0x15, 0x28, 0x27, 0x53,
    0x25, 0x25, 0x33, 0x53, 0x26, 0x43, 0x93, 0x32, 0x53, 0x44, 0x43, 0x23, 0x75, 0x64, 0x24, 0x43, 0x4b, 0x34, 0x6d, 0x3b, 0x5a, 0x35, 0x6b, 0x5a,
    0x67, 0x63, 0x98, 0x77, 0xf8, 0x1f, 0xff, 0xff, 0xff, 0xff, 0xff, 0xff, 0xff, 0xff, 0xff, 0xff, 0xff, 0xff, 0xff, 0xff, 0xff, 0xff, 0xff, 0xff,
    0xff, 0xff, 0xfa, 0xff, 0xff, 0xbc, 0xf5, 0x1f, 0xce, 0xf1, 0x4f, 0xbf, 0x0f, 0x13, 0xfe, 0x35, 0x4f, 0x13, 0xfe, 0x45, 0x4f, 0x03, 0xf2, 0xf0,
    0x22, 0x33, 0x2f, 0x13, 0x1d, 0xf0, 0x14, 0x23, 0x2f, 0x12, 0x4b, 0xe1, 0x52, 0x32, 0xe4, 0x5f, 0x12, 0x73, 0x34, 0xd4, 0x44, 0xf1, 0x32, 0x31,
    0x95, 0x37, 0x44, 0x4b, 0x31, 0x23, 0x32, 0x83, 0x67, 0x35, 0x39, 0x65, 0x33, 0x55, 0x67, 0x35, 0x39, 0x74, 0x3d, 0x31, 0x21, 0x33, 0x35, 0x39,
    0x31, 0x43, 0x3d, 0x33, 0x43, 0x43, 0x49, 0x32, 0x9d, 0xf9, 0x14, 0x43, 0x38, 0xdf, 0x81, 0x63, 0x34, 0x5f, 0x25, 0x35, 0x25, 0x23, 0x11, 0xff,
    0xfa, 0x3f, 0xff, 0x84, 0x13, 0xff, 0xf7, 0x51, 0x3f, 0xff, 0x62, 0x12, 0x22, 0xff, 0xf7, 0x33, 0x2f, 0xff, 0x63, 0x42, 0xff, 0xf6, 0x33, 0x3f,
    0xff, 0x68, 0xff, 0xf9, 0x5f, 0xff, 0xff, 0xff, 0xff, 0xff, 0xf4, 0xff, 0xff, 0xff, 0xff, 0xff, 0x81, 0xff, 0xff, 0xfe, 0x3f, 0xff, 0xff, 0xd4,
    0xff, 0xff, 0xfd, 0x3f, 0xff, 0xff, 0xc4, 0xf8, 0xf6, 0x6f, 0x76, 0xd3, 0x53, 0x57, 0xf8, 0x4f, 0x94, 0xc2, 0xf2, 0x5f, 0x93, 0xfa, 0x3b, 0x3f,
    0x3a, 0x2c, 0x44, 0x45, 0x47, 0x44, 0x34, 0x42, 0x33, 0x44, 0x4a, 0x32, 0x37, 0x42, 0x48, 0x37, 0x42, 0x36, 0x32, 0x34, 0x26, 0x36, 0x31, 0x23,
    0x33, 0x23, 0x32, 0x39, 0x33, 0x23, 0x32, 0x37, 0x32, 0x45, 0x41, 0x43, 0x65, 0x32, 0x42, 0x32, 0x39, 0x32, 0x42, 0x32, 0x37, 0x32, 0x44, 0x51,
    0x43, 0x74, 0x31, 0x52, 0x32, 0x33, 0x33, 0x92, 0x32, 0x36, 0x41, 0x54, 0xa3, 0x31, 0x43, 0x31, 0x33, 0x42, 0x33, 0x42, 0x31, 0x33, 0x42, 0x44,
    0x51, 0x36, 0x21, 0x64, 0x32, 0x91, 0x93, 0xf0, 0x19, 0x4b, 0x27, 0x29, 0x43, 0x38, 0x28, 0x4e, 0x28, 0x4a, 0x37, 0x28, 0x53, 0x45, 0x55, 0x74,
    0x35, 0x45, 0x87, 0x55, 0x46, 0xff, 0x93, 0xff, 0xff, 0xfd, 0x3f, 0xff, 0xff, 0xd3, 0xff, 0xff, 0xff, 0xff, 0xff, 0xff, 0xff, 0xff, 0xff, 0xff,
    0xff, 0xff, 0xff, 0xff, 0xff, 0xff, 0xff, 0xff, 0xff, 0xff, 0xff, 0xff, 0xff, 0xff, 0xff, 0xff, 0xff, 0xff, 0xff, 0x20, 0xff, 0xff, 0xff, 0xff,
    0x66, 0xe5, 0xff, 0xfc, 0x1f, 0xf5, 0x9b, 0x7f, 0xf3, 0x6f, 0x13, 0xff, 0x3b, 0xa3, 0x14, 0xff, 0x0a, 0xe3, 0xf6, 0x57, 0x32, 0x79, 0x32, 0x3f,
    0xf0, 0xcd, 0x3f, 0x46, 0x7d, 0xc4, 0xfe, 0x45, 0x4c, 0x4f, 0x36, 0x96, 0x24, 0x3c, 0x77, 0x85, 0x49, 0x13, 0x3c, 0x4f, 0x3c, 0x35, 0x42, 0xc5,
    0xa6, 0x73, 0xe2, 0xb5, 0xf5, 0xf3, 0x42, 0xb6, 0xb4, 0x83, 0xe2, 0xa6, 0xf5, 0xf4, 0x33, 0x34, 0x44, 0x45, 0x43, 0x32, 0x42, 0x45, 0x57, 0x3d,
    0x62, 0x32, 0x36, 0x39, 0x32, 0x36, 0x34, 0x37, 0x33, 0x32, 0x41, 0x47, 0x42, 0xc8, 0x82, 0x22, 0x34, 0x68, 0x32, 0x37, 0x33, 0x33, 0x22, 0x42,
    0x82, 0x39, 0x32, 0xc8, 0x31, 0x42, 0x65, 0x68, 0x32, 0x37, 0x33, 0x32, 0x42, 0x32, 0x82, 0x39, 0x41, 0x52, 0x54, 0x31, 0x92, 0x45, 0x32, 0x21,
    0x34, 0x32, 0x36, 0x43, 0x31, 0x51, 0x42, 0x64, 0x33, 0x33, 0x33, 0x25, 0x35, 0x32, 0x8b, 0x34, 0x43, 0x42, 0x44, 0x53, 0x31, 0x33, 0x33, 0x37,
    0x33, 0x42, 0x32, 0x44, 0x35, 0x45, 0x4c, 0xf1, 0x4f, 0x31, 0x94, 0x45, 0xf0, 0x2b, 0x5c, 0xdf, 0x14, 0xf3, 0x27, 0x55, 0x5e, 0x3a, 0x6a, 0xf1,
    0x53, 0x57, 0x72, 0x55, 0x57, 0x37, 0x43, 0x55, 0x73, 0x34, 0x7f, 0xff, 0xfa, 0x1b, 0x3f, 0x62, 0xff, 0xff, 0xff, 0x33, 0xf0, 0x33, 0x2f, 0xff,
    0xff, 0xf3, 0x3e, 0x52, 0x2f, 0xff, 0xff, 0xff, 0x43, 0x12, 0x23, 0xff, 0xff, 0xff, 0xf3, 0x62, 0x2f, 0xff, 0xff, 0xff, 0x46, 0x22, 0xff, 0xff,
    0xff, 0xf5, 0x24, 0x3f, 0xff, 0xff, 0xff, 0x58, 0xff, 0xff, 0xff, 0xf7, 0x6f, 0xff, 0xff, 0xff, 0xff, 0xff, 0xff, 0xff, 0xff, 0xff, 0xff, 0xff,
    0xff, 0x80, 0xff, 0xff, 0xff, 0x71, 0xff, 0xf5, 0x6f, 0x74, 0x46, 0xff, 0x89, 0xf6, 0x33, 0x9f, 0xf5, 0xbf, 0x53, 0x2b, 0xff, 0x43, 0x27, 0xf4,
    0x32, 0x35, 0x3f, 0xf4, 0xd5, 0xf1, 0x2c, 0x3f, 0x79, 0x62, 0x45, 0xf1, 0x3b, 0x3f, 0x98, 0x35, 0x44, 0xe5, 0xb3, 0xfa, 0xf0, 0x4b, 0x25, 0x13,
    0x44, 0x53, 0x45, 0x47, 0x4f, 0x13, 0x63, 0x23, 0x24, 0x23, 0x64, 0x24, 0x83, 0x74, 0x33, 0x93, 0x46, 0x13, 0x33, 0x23, 0x73, 0x23, 0x93, 0x32,
    0x33, 0x16, 0x83, 0x46, 0x73, 0x23, 0x73, 0x23, 0x93, 0x24, 0x23, 0x16, 0x83, 0x43, 0x12, 0x13, 0x33, 0x23, 0x64, 0x23, 0x33, 0x39, 0x26, 0x22,
    0x13, 0x43, 0x43, 0x34, 0x33, 0x24, 0x44, 0x33, 0x34, 0x23, 0x13, 0x37, 0x44, 0x34, 0x4f, 0x13, 0xb3, 0xf0, 0x19, 0x2f, 0x15, 0xf1, 0x3a, 0x5e,
    0x28, 0x2f, 0x17, 0x53, 0x47, 0x68, 0x43, 0x54, 0x56, 0x53, 0x5f, 0xff, 0x03, 0xff, 0xff, 0xf3, 0x3f, 0xff, 0xff, 0x33, 0xff, 0xff, 0xff, 0xff,
    0xff, 0xff, 0xff, 0xff, 0xff, 0xff, 0xff, 0xff, 0xff, 0xff, 0xff, 0xff, 0xff, 0xff, 0xff, 0xff, 0xff, 0xff, 0xff, 0xff, 0xff, 0xf1, 0xff, 0xff,
    0xff, 0xff, 0x21, 0xf5, 0x1f, 0xff, 0xf3, 0x2f, 0x24, 0xf2, 0x4f, 0x86, 0xff, 0x23, 0xf3, 0x3f, 0x33, 0xf6, 0xaf, 0xf1, 0x3f, 0x23, 0xf3, 0x3f,
    0x6c, 0xfe, 0x3f, 0x23, 0xf3, 0x3f, 0x54, 0x54, 0xfe, 0x34, 0xf1, 0x5f, 0x11, 0xe6, 0x91, 0x35, 0x55, 0x53, 0x84, 0xf1, 0x5f, 0x11, 0xf1, 0x4e,
    0x37, 0x37, 0x27, 0x5e, 0x7e, 0x3f, 0x23, 0xe2, 0x83, 0x31, 0x42, 0x5d, 0x25, 0x1f, 0x24, 0x44, 0x74, 0x34, 0x55, 0x23, 0x24, 0x23, 0x14, 0x43,
    0x83, 0x23, 0x24, 0x73, 0x74, 0x43, 0x84, 0x14, 0x74, 0x23, 0x24, 0x22, 0x14, 0x28, 0x46, 0x13, 0x33, 0x56, 0x73, 0x53, 0x32, 0x33, 0x13, 0x93,
    0x28, 0x54, 0x38, 0x46, 0x73, 0x56, 0x73, 0x53, 0x24, 0x23, 0x13, 0x94, 0x18, 0x44, 0x57, 0x43, 0x12, 0x13, 0x33, 0x53, 0x12, 0x13, 0x33, 0x53,
    0x15, 0x23, 0x13, 0x33, 0x33, 0x26, 0x54, 0x33, 0x33, 0x53, 0x34, 0x33, 0x53, 0x34, 0x34, 0x34, 0x13, 0x34, 0x13, 0x34, 0x23, 0x23, 0x83, 0x34,
    0x34, 0x4f, 0x15, 0xf9, 0x19, 0x2f, 0x03, 0x46, 0xf2, 0x4f, 0x11, 0x22, 0xf8, 0x38, 0x3e, 0x35, 0x6f, 0x07, 0x53, 0x43, 0x33, 0x53, 0x52, 0x55,
    0x56, 0x43, 0x55, 0x38, 0x53, 0x5f, 0x92, 0xff, 0xfd, 0x1f, 0xff, 0x02, 0xff, 0xff, 0xff, 0xd3, 0xff, 0xff, 0xff, 0xc3, 0xff, 0xff, 0xff, 0x6a,
    0xff, 0xff, 0xff, 0x69, 0xff, 0xff, 0xff, 0x77, 0xff, 0xff, 0xff, 0xff, 0xff, 0xff, 0xff, 0xff, 0xff, 0xff, 0xff, 0xff, 0xff, 0xff, 0xff, 0xff,
    0xff, 0xff, 0xff, 0xff, 0xf3, 0xff, 0xff, 0xff, 0xc1, 0xfe, 0x1f, 0xf6, 0x3f, 0xc3, 0xff, 0x53, 0xfc, 0x3f, 0xf5, 0x3f, 0xc3, 0xff, 0x53, 0xfc,
    0x36, 0x55, 0x53, 0xef, 0x0f, 0x05, 0x72, 0x82, 0xe5, 0x55, 0xf0, 0x48, 0x28, 0x2c, 0x59, 0x3e, 0x53, 0x23, 0x23, 0x23, 0xb4, 0x3a, 0x44, 0x54,
    0x58, 0x37, 0xc4, 0x24, 0x34, 0x24, 0x74, 0x4f, 0x25, 0x36, 0x32, 0x35, 0x32, 0x39, 0x34, 0x71, 0x93, 0x74, 0x32, 0x35, 0x32, 0x39, 0x34, 0x35,
    0xa2, 0x74, 0x32, 0x35, 0x32, 0x33, 0x33, 0x43, 0x59, 0x42, 0x31, 0x43, 0x32, 0x43, 0x42, 0x33, 0x42, 0x35, 0xf1, 0x33, 0x29, 0x2a, 0x3f, 0x07,
    0xd4, 0x33, 0x83, 0x94, 0xe9, 0x96, 0x34, 0x57, 0x57, 0x43, 0x5f, 0xff, 0xff, 0xff, 0xff, 0xff, 0xff, 0xff, 0xff, 0xff, 0xff, 0xff, 0xff, 0xff,
    0xff, 0xff, 0xff, 0xff, 0xff, 0xff, 0xff, 0xff, 0xff, 0xff, 0xff, 0xff, 0xff, 0xf9, 0xff, 0xff, 0xff, 0x31, 0xf1, 0x1f, 0xf8, 0x3e, 0x3f, 0xf7,
    0x3e, 0x3f, 0xf8, 0x3d, 0x3f, 0xf7, 0x4d, 0x34, 0xf5, 0x5c, 0x2e, 0x4f, 0x73, 0xb3, 0xe4, 0xf8, 0x2a, 0x4c, 0x73, 0x44, 0x74, 0x73, 0xc2, 0xa3,
    0x63, 0x84, 0x1c, 0x83, 0x23, 0x43, 0x73, 0x32, 0x33, 0x1c, 0x43, 0x12, 0x33, 0x43, 0x73, 0x24, 0x23, 0x15, 0x25, 0x26, 0x53, 0x43, 0x64, 0x15,
    0x23, 0x22, 0x53, 0x37, 0x43, 0x44, 0x45, 0x13, 0x34, 0x14, 0x43, 0x33, 0x14, 0x33, 0x5b, 0x29, 0x2b, 0x33, 0x29, 0x5a, 0x48, 0x3a, 0x33, 0x38,
    0x77, 0x65, 0x67, 0x53, 0x45, 0xff, 0xa2, 0xff, 0xf2, 0x44, 0x3f, 0xff, 0x14, 0x52, 0xff, 0xf1, 0x21, 0x42, 0x2f, 0xff, 0x1b, 0xff, 0xf2, 0x41,
    0x5f, 0xff, 0xa2, 0xff, 0xfb, 0x1f, 0xff, 0xff, 0xff, 0xff, 0xff, 0xff, 0xff, 0xf6, 0xff, 0xf3, 0x1f, 0x01, 0xf1, 0x3d, 0x3f, 0x03, 0xd3, 0xf0,
    0x3e, 0x3e, 0x3d, 0x43, 0xe3, 0x52, 0x73, 0xe2, 0x71, 0x64, 0xc4, 0x71, 0x5e, 0x43, 0x22, 0x34, 0x3e, 0x42, 0x74, 0x45, 0x36, 0x32, 0x65, 0x43,
    0x74, 0x32, 0xe4, 0x74, 0x34, 0xb5, 0x31, 0x43, 0x35, 0x87, 0x32, 0x95, 0x32, 0x37, 0x33, 0x85, 0x87, 0x34, 0x59, 0x5f, 0xff, 0xff, 0xff, 0xff,
    0xff, 0xff, 0xff, 0xff, 0xff, 0xff, 0xff, 0xff, 0xff, 0x90, 0xff, 0xff, 0xff, 0xf1, 0x1f, 0x01, 0xa4, 0xff, 0x13, 0xd3, 0x86, 0xff, 0x03, 0xd3,
    0x73, 0x23, 0xff, 0x03, 0xd3, 0x63, 0x23, 0xfe, 0x4c, 0x47, 0x7f, 0x5d, 0x25, 0x27, 0x86, 0xa5, 0x5c, 0x27, 0x16, 0xc3, 0x89, 0x3b, 0x37, 0x15,
    0x96, 0x8a, 0x53, 0x33, 0x32, 0x23, 0x43, 0x63, 0x73, 0x34, 0x34, 0x33, 0x53, 0x27, 0x44, 0x36, 0x73, 0x23, 0x53, 0x24, 0x53, 0x26, 0x54, 0x36,
    0x73, 0x23, 0x53, 0x24, 0x54, 0x1e, 0x33, 0x22, 0x13, 0x33, 0x23, 0x53, 0x23, 0x64, 0x3b, 0x43, 0x44, 0x33, 0x24, 0x34, 0x23, 0x64, 0x48, 0x7f,
    0x12, 0xa3, 0x36, 0x44, 0x32, 0x37, 0xf1, 0x39, 0x33, 0x64, 0x48, 0x95, 0x34, 0x75, 0x53, 0x64, 0x65, 0xff, 0xff, 0xff, 0xff, 0xff, 0xff, 0xff,
    0xff, 0xff, 0xff, 0xff, 0xff, 0xff, 0xff, 0xff, 0xff, 0xff, 0xff, 0xff, 0xff, 0xff, 0xff, 0xff, 0xff, 0xff, 0xc0, 0xff, 0xff, 0xff, 0xff, 0xd1,
    0xf5, 0x1f, 0xff, 0xfc, 0x3f, 0x33, 0xff, 0xff, 0xb3, 0xf3, 0x3f, 0x65, 0xff, 0xf1, 0x3f, 0x33, 0xf4, 0x7f, 0xfe, 0x4f, 0x24, 0xf4, 0x22, 0x39,
    0xf3, 0x75, 0x27, 0x46, 0x38, 0x21, 0x62, 0x88, 0x8f, 0x54, 0x71, 0x63, 0x92, 0x72, 0x44, 0x47, 0x78, 0xf6, 0x37, 0x15, 0x4a, 0x16, 0x35, 0x34,
    0xa3, 0xe3, 0x94, 0x32, 0x23, 0x43, 0x24, 0x44, 0x34, 0x34, 0x44, 0x84, 0x9c, 0x64, 0x27, 0x44, 0x13, 0x54, 0x43, 0x44, 0x44, 0x2c, 0x6c, 0x22,
    0x33, 0x26, 0x54, 0x13, 0x63, 0x44, 0x43, 0x53, 0x2c, 0x65, 0x25, 0x14, 0x23, 0x2e, 0x23, 0x63, 0x44, 0x43, 0x53, 0x25, 0x15, 0x82, 0x53, 0x15,
    0x23, 0x4b, 0x33, 0x63, 0x44, 0x43, 0x53, 0x23, 0x53, 0x74, 0x43, 0x13, 0x34, 0x58, 0x54, 0x44, 0x44, 0x43, 0x44, 0x24, 0x43, 0x7b, 0x19, 0x63,
    0x23, 0x6f, 0xf3, 0x3b, 0x8a, 0x28, 0x68, 0x6f, 0xf3, 0x4a, 0x97, 0x55, 0xa5, 0x96, 0x35, 0x35, 0x26, 0x67, 0xff, 0xff, 0xff, 0xff, 0xff, 0xff,
    0xa4, 0xff, 0xff, 0xff, 0x06, 0xff, 0xff, 0xfe, 0x22, 0x2f, 0xff, 0xff, 0xe2, 0x22, 0xff, 0xff, 0xf8, 0xcf, 0xff, 0xff, 0x8b, 0xff, 0xff, 0xff,
    0xff, 0xff, 0xff, 0xff, 0xff, 0xff, 0xff, 0xff, 0xff, 0xff, 0xff, 0xff, 0xfd, 0xff, 0xff, 0xff, 0xff, 0xff, 0xa4, 0xff, 0xa6, 0xfa, 0x7f, 0xf7,
    0xaf, 0x83, 0x13, 0xff, 0x7c, 0xf6, 0x32, 0x3f, 0xf5, 0x45, 0x4f, 0x68, 0x6f, 0x78, 0x91, 0x34, 0xa7, 0x76, 0xf9, 0x6e, 0x2b, 0xb3, 0x6f, 0xa5,
    0xe2, 0xb6, 0x78, 0x45, 0x47, 0x45, 0x45, 0x52, 0x3f, 0x05, 0x32, 0x34, 0x83, 0x74, 0x34, 0x23, 0x24, 0x23, 0xe3, 0x54, 0x23, 0x93, 0x32, 0x33,
    0x33, 0x33, 0x33, 0x28, 0x76, 0x53, 0x23, 0x93, 0x24, 0x23, 0x33, 0x42, 0x34, 0x27, 0x77, 0x43, 0x23, 0x33, 0x39, 0x23, 0x33, 0x33, 0x33, 0x27,
    0x83, 0x14, 0x33, 0x23, 0x34, 0x23, 0x13, 0x34, 0x33, 0x34, 0x23, 0x23, 0xc3, 0x29, 0x2f, 0x01, 0x94, 0xf0, 0x25, 0xa3, 0x38, 0x3e, 0x28, 0x5e,
    0x25, 0xa3, 0x45, 0x64, 0x35, 0x45, 0x84, 0x35, 0x44, 0xff, 0xff, 0x13, 0xff, 0xff, 0x15, 0x83, 0xff, 0xff, 0x08, 0x63, 0xff, 0xfe, 0x33, 0x3f,
    0xff, 0xf8, 0x25, 0x3f, 0xff, 0xf7, 0x21, 0x31, 0x3f, 0xff, 0xf7, 0x9f, 0xff, 0xf9, 0x31, 0x4f, 0xff, 0xfc, 0x2f, 0xff, 0xfe, 0x3f, 0xff, 0xff,
    0xff, 0xff, 0xff, 0xf7, 0xff, 0xfc, 0xcf, 0xf5, 0xe6, 0x6f, 0x6f, 0x03, 0xaf, 0x73, 0x54, 0x3c, 0xf5, 0x45, 0x41, 0x45, 0x49, 0xe2, 0x23, 0x32,
    0x91, 0x38, 0xe1, 0x42, 0x32, 0xe7, 0xd1, 0x52, 0x32, 0xe8, 0x34, 0x42, 0x33, 0x42, 0x45, 0x57, 0x36, 0x32, 0x92, 0x47, 0x47, 0x37, 0x32, 0x82,
    0x39, 0x37, 0x37, 0x33, 0x54, 0x39, 0x46, 0x36, 0x4c, 0x33, 0x33, 0x37, 0x44, 0x5c, 0x33, 0x42, 0x38, 0xbd, 0xf0, 0x8a, 0xf0, 0xe1, 0x27, 0x7f,
    0x24, 0x35, 0x23, 0xff, 0xf0, 0x2f, 0xff, 0x02, 0xff, 0xe3, 0xff, 0xd3, 0xff, 0x7a, 0xff, 0x79, 0xff, 0x87, 0xff, 0xff, 0xff, 0xff, 0xff, 0xff,
    0xff, 0xff, 0x00, 0xff, 0xff, 0xff, 0x41, 0xfa, 0x1f, 0xff, 0x63, 0xf7, 0x4f, 0x95, 0xf6, 0x3f, 0x83, 0xf8, 0x8f, 0x43, 0xf8, 0x3f, 0x89, 0xf3,
    0x3f, 0x83, 0xf8, 0x32, 0x55, 0xf0, 0x22, 0x6f, 0x13, 0x17, 0xa2, 0xa5, 0xf0, 0x24, 0x4f, 0x12, 0x44, 0xb2, 0x61, 0x35, 0xe3, 0x44, 0xe4, 0x53,
    0xb4, 0x32, 0x45, 0x45, 0x44, 0x4e, 0x44, 0x43, 0x3e, 0x74, 0x47, 0x44, 0x44, 0x37, 0x44, 0x42, 0x3d, 0x84, 0x39, 0x35, 0x32, 0x67, 0x35, 0x32,
    0x88, 0x31, 0x44, 0x39, 0x35, 0x32, 0x67, 0x35, 0x33, 0x73, 0x41, 0x93, 0x33, 0x33, 0x44, 0x32, 0x31, 0x21, 0x33, 0x35, 0x32, 0x75, 0x32, 0x83,
    0x33, 0x42, 0x34, 0x42, 0x33, 0x43, 0x43, 0x42, 0x39, 0x36, 0x34, 0xf7, 0x3f, 0x92, 0x57, 0xc5, 0xf6, 0x3f, 0x83, 0x58, 0xa7, 0x43, 0x51, 0x66,
    0x53, 0x52, 0x55, 0x4a, 0x7f, 0xff, 0xff, 0xff, 0xff, 0xff, 0xff, 0xff, 0xff, 0xff, 0xff, 0xff, 0xff, 0xff, 0xff, 0xff, 0xff, 0xff, 0xff, 0xff,
    0xff, 0xff, 0xff, 0xff, 0xff, 0xff, 0xff, 0xff, 0xff, 0xff, 0xff, 0xff, 0x70, 0xff, 0xff, 0xff, 0x81, 0xff, 0x71, 0xf3, 0x5f, 0x53, 0xff, 0x53,
    0xf1, 0x7f, 0x43, 0xff, 0x53, 0xf0, 0x9f, 0x33, 0xff, 0x53, 0xf0, 0x32, 0x5f, 0x23, 0xff, 0x53, 0xf0, 0xa5, 0xf0, 0x22, 0xf4, 0xf0, 0x22, 0x6b,
    0x14, 0x4f, 0x02, 0x47, 0x55, 0xf0, 0x24, 0x37, 0x13, 0x24, 0x4e, 0x34, 0x59, 0x3e, 0x34, 0x38, 0x63, 0x54, 0x54, 0x44, 0x3a, 0x44, 0x54, 0x44,
    0x14, 0x23, 0x63, 0x44, 0x74, 0x44, 0x24, 0x34, 0x24, 0x74, 0x44, 0x12, 0x23, 0x73, 0x43, 0x93, 0x53, 0x23, 0x53, 0x23, 0x93, 0x53, 0x34, 0x83,
    0x43, 0x93, 0x53, 0x23, 0x53, 0x23, 0x93, 0x53, 0x24, 0x93, 0x43, 0x33, 0x34, 0x43, 0x23, 0x53, 0x23, 0x33, 0x34, 0x43, 0x14, 0x33, 0x43, 0x43,
    0x34, 0x23, 0x44, 0x24, 0x34, 0x23, 0x34, 0x23, 0x44, 0x13, 0x34, 0x34, 0x4f, 0x73, 0xa3, 0xf7, 0x2f, 0x25, 0xf6, 0x49, 0x4f, 0x62, 0xf1, 0x74,
    0x35, 0x16, 0x75, 0x74, 0x35, 0x16, 0x55, 0x26, 0xff, 0xff, 0xf0, 0x3f, 0xff, 0xff, 0x53, 0xff, 0xff, 0xf5, 0x3f, 0xff, 0xff, 0xff, 0xff, 0xff,
    0xff, 0xff, 0xff, 0xff, 0xff, 0xff, 0xff, 0xff, 0xff, 0xff, 0xff, 0xff, 0xff, 0xff, 0xff, 0xff, 0xff, 0xff, 0xff, 0xf6, 0xff, 0xff, 0xff, 0xff,
    0xf2, 0x1f, 0xf4, 0x5f, 0xff, 0xff, 0x93, 0xd6, 0xd7, 0xff, 0xff, 0x06, 0xf2, 0x4a, 0xab, 0x31, 0x4f, 0xff, 0xd9, 0xf1, 0x3a, 0xc9, 0x32, 0x3f,
    0xff, 0xcb, 0xe4, 0x94, 0x54, 0xd4, 0xff, 0xfc, 0x35, 0x35, 0xd2, 0x26, 0x91, 0x33, 0xc8, 0x77, 0x53, 0xf8, 0x5c, 0x4c, 0x34, 0x4e, 0x2c, 0x6a,
    0x57, 0x2f, 0xa4, 0xb4, 0xb4, 0x44, 0xe2, 0xb7, 0xb3, 0x82, 0xfb, 0x3b, 0x53, 0x44, 0x44, 0x34, 0x55, 0x33, 0x44, 0x54, 0x54, 0x23, 0x24, 0x24,
    0x54, 0x84, 0x24, 0x45, 0x33, 0x63, 0x54, 0x14, 0x74, 0x23, 0x63, 0x53, 0x73, 0x23, 0x24, 0x14, 0x83, 0x84, 0x13, 0x64, 0x33, 0x73, 0x53, 0x13,
    0x93, 0x23, 0x73, 0x43, 0x32, 0x24, 0x18, 0x23, 0x93, 0x42, 0x33, 0x13, 0x73, 0x33, 0x73, 0x53, 0x13, 0x94, 0x13, 0x73, 0x43, 0x24, 0x23, 0x18,
    0x23, 0x93, 0x34, 0x23, 0x13, 0x73, 0x33, 0x64, 0x53, 0x13, 0x33, 0x33, 0x23, 0x64, 0x43, 0x15, 0x14, 0x16, 0x43, 0x33, 0x34, 0x15, 0x23, 0x13,
    0x64, 0x34, 0x45, 0x44, 0x13, 0x34, 0x23, 0x24, 0x46, 0x33, 0x13, 0x33, 0x23, 0x73, 0x34, 0x23, 0x23, 0x34, 0x14, 0x44, 0x5f, 0x42, 0xf0, 0x3f,
    0x41, 0x93, 0x45, 0xf0, 0x29, 0x3b, 0x5a, 0x18, 0x3e, 0x3a, 0x18, 0x27, 0x45, 0x5e, 0x38, 0x3a, 0x87, 0x36, 0x54, 0x35, 0x67, 0x35, 0x55, 0x63,
    0x74, 0x35, 0x55, 0x76, 0xff, 0x53, 0xff, 0xe1, 0xff, 0xff, 0xf2, 0x3f, 0xff, 0xfd, 0x3f, 0xff, 0x13, 0xff, 0xff, 0xb6, 0xff, 0xff, 0xff, 0xfe,
    0x22, 0x3f, 0xff, 0xff, 0xff, 0xc3, 0x32, 0xff, 0xff, 0xff, 0xfc, 0x33, 0x3f, 0xff, 0xff, 0xff, 0xb3, 0x33, 0xff, 0xff, 0xff, 0xfb, 0x24, 0x3f,
    0xff, 0xff, 0xff, 0xff, 0xff, 0xff, 0xff, 0xff, 0xff, 0xff, 0xff, 0xff, 0xff, 0xff, 0xff, 0xff, 0xf3, 0xff, 0xff, 0x81, 0xff, 0xf9, 0x3f, 0xff,
    0x84, 0xff, 0x05, 0xf3, 0x3f, 0xe7, 0xf1, 0x4f, 0xe2, 0x23, 0x7d, 0x2f, 0x39, 0x86, 0xc3, 0xf5, 0x87, 0x6b, 0x4f, 0x6a, 0x38, 0x34, 0x48, 0x39,
    0x49, 0x47, 0x36, 0x33, 0xc6, 0x43, 0xc4, 0x37, 0x32, 0xc2, 0x23, 0x33, 0xc4, 0x37, 0x32, 0x52, 0x51, 0x42, 0x33, 0x51, 0x55, 0x36, 0x43, 0x25,
    0x31, 0x52, 0x33, 0x35, 0x35, 0x44, 0x52, 0x44, 0x31, 0x33, 0x43, 0x44, 0x36, 0xb3, 0xb1, 0x94, 0xb6, 0xa5, 0xa2, 0x85, 0xa8, 0x77, 0x75, 0x58,
    0x7f, 0xff, 0xb2, 0xff, 0xa4, 0x23, 0x53, 0xff, 0x86, 0x14, 0x52, 0xff, 0x82, 0x22, 0x12, 0x14, 0x22, 0xff, 0x82, 0x22, 0x1b, 0xff, 0x2c, 0x24,
    0x15, 0xff, 0x2b, 0xb2, 0xff, 0xfa, 0x1f, 0xff, 0xff, 0xff, 0xff, 0xff, 0xff, 0xff, 0x10, 0x83, 0xff, 0xff, 0xd7, 0xff, 0xf0, 0x1f, 0x01, 0x97,
    0xff, 0xe3, 0xd3, 0x83, 0x14, 0xff, 0xd3, 0xd3, 0x83, 0x23, 0xff, 0xd3, 0xd3, 0xc4, 0xff, 0xd3, 0xd3, 0x4b, 0x77, 0xa5, 0x3f, 0x02, 0xe4, 0xa6,
    0xa8, 0x72, 0xf0, 0x2e, 0x48, 0x8b, 0x68, 0x2e, 0x3c, 0xb3, 0x74, 0x54, 0x53, 0x24, 0x24, 0x54, 0xc4, 0x5c, 0x33, 0x73, 0x53, 0x24, 0x14, 0x74,
    0xc4, 0x4c, 0x33, 0x32, 0x24, 0x48, 0x23, 0x93, 0x43, 0x63, 0x45, 0x25, 0x33, 0x24, 0x23, 0x48, 0x23, 0x93, 0x27, 0x43, 0x52, 0x53, 0x43, 0x15,
    0x14, 0x46, 0x43, 0x33, 0x34, 0x17, 0x43, 0x44, 0x44, 0x33, 0x13, 0x33, 0x53, 0x73, 0x34, 0x23, 0x23, 0x14, 0x33, 0x4f, 0x31, 0x96, 0x45, 0xf0,
    0x23, 0x29, 0x5f, 0x22, 0x73, 0x22, 0x55, 0xe2, 0x33, 0x86, 0x72, 0x55, 0x54, 0x32, 0x37, 0x43, 0x53, 0x34, 0x5f, 0xf7, 0x24, 0x1b, 0x3f, 0xff,
    0xc2, 0xf1, 0x3f, 0xff, 0xb3, 0xf1, 0x3f, 0xff, 0xa3, 0xff, 0xff, 0x8a, 0xff, 0xff, 0x89, 0xff, 0xff, 0x97, 0xff, 0xff, 0xff, 0xff, 0xff, 0xff,
    0xff, 0xff, 0xff, 0xff, 0xff, 0xff, 0xff, 0xff, 0xf2, 0xff, 0xff, 0xff, 0x51, 0xf5, 0x1f, 0xfb, 0x3f, 0x33, 0xff, 0xa3, 0xf3, 0x3f, 0xfb, 0x3f,
    0x33, 0xff, 0x94, 0xf2, 0x4d, 0x54, 0x54, 0xc4, 0x63, 0x82, 0x19, 0x72, 0x73, 0xb3, 0x92, 0x72, 0x46, 0x82, 0x82, 0xa4, 0xa1, 0x63, 0x55, 0x32,
    0x32, 0x32, 0x37, 0x35, 0x44, 0x43, 0x43, 0x45, 0x83, 0x22, 0x32, 0xc1, 0x35, 0x44, 0x34, 0x44, 0xe1, 0x32, 0xc1, 0x36, 0x34, 0x44, 0x34, 0x71,
    0x61, 0x32, 0x52, 0x51, 0x36, 0x34, 0x44, 0x34, 0x35, 0xa3, 0x25, 0x32, 0x36, 0x34, 0x44, 0x34, 0x58, 0x52, 0x44, 0x32, 0x44, 0x44, 0x44, 0x35,
    0xf1, 0x3b, 0x3f, 0xb6, 0xe5, 0xa3, 0xfa, 0xa8, 0x97, 0x76, 0x35, 0x35, 0xff, 0x52, 0xff, 0xf9, 0x44, 0x3f, 0xff, 0x84, 0x52, 0xff, 0xf8, 0x21,
    0x42, 0x2f, 0xff, 0x8b, 0xff, 0xf9, 0x41, 0x5f, 0xff, 0xf2, 0x2f, 0xff, 0xf3, 0x1f, 0xff, 0xff, 0xff, 0xff, 0xff, 0xff, 0xff, 0xff, 0xff, 0x10,
    0xff, 0xff, 0xff, 0x82, 0xff, 0xf6, 0x3f, 0xff, 0x64, 0xff, 0xf6, 0x3f, 0xff, 0x54, 0x9f, 0x86, 0xf1, 0x9f, 0xa4, 0xf0, 0xaf, 0xb3, 0xef, 0x32,
    0x51, 0x74, 0x44, 0x55, 0xc3, 0x23, 0x24, 0x74, 0x24, 0x56, 0xa6, 0x13, 0x33, 0x32, 0x33, 0x23, 0x62, 0x13, 0xa6, 0x73, 0x24, 0x23, 0x23, 0x67,
    0x93, 0x12, 0x13, 0x33, 0x15, 0x23, 0x23, 0x33, 0x16, 0x93, 0x34, 0x33, 0x13, 0x34, 0x23, 0x34, 0x33, 0x9f, 0x11, 0x93, 0xf1, 0x14, 0x4f, 0x12,
    0x84, 0xe1, 0x65, 0x53, 0x45, 0x57, 0x43, 0x52, 0x31, 0x1f, 0xff, 0x43, 0xff, 0xf2, 0x41, 0x3f, 0xff, 0x15, 0x13, 0xff, 0xf0, 0x21, 0x22, 0x2f,
    0xff, 0x13, 0x32, 0xff, 0xf0, 0x34, 0x2f, 0xff, 0x03, 0x33, 0xff, 0xf0, 0x8f, 0xff, 0x35, 0xff, 0xff, 0xff, 0xff, 0xff, 0xf1, 0xff, 0xff, 0x25,
    0xfe, 0x5c, 0x78, 0x6d, 0x7a, 0x95, 0xab, 0x31, 0x49, 0x32, 0x54, 0xc9, 0x32, 0x39, 0xa3, 0x45, 0x4d, 0x44, 0xb1, 0x43, 0x91, 0x33, 0xc4, 0x71,
    0x32, 0x43, 0xe2, 0xc4, 0x86, 0x33, 0xe2, 0xb4, 0x42, 0x36, 0x33, 0x45, 0x54, 0x33, 0x35, 0x22, 0x37, 0x32, 0x47, 0x43, 0x35, 0x36, 0x48, 0x32,
    0x39, 0x32, 0x45, 0x35, 0x49, 0x32, 0x39, 0x41, 0x45, 0x43, 0x43, 0x34, 0x32, 0x33, 0x33, 0x32, 0x36, 0x43, 0x33, 0x43, 0x42, 0x33, 0x42, 0x32,
    0x36, 0x43, 0xf2, 0x2f, 0x02, 0x36, 0x43, 0xf1, 0x4e, 0x23, 0x64, 0x55, 0x35, 0x64, 0x35, 0x33, 0x64, 0xff, 0xff, 0xff, 0xff, 0xff, 0xff, 0xff,
    0xff, 0xff, 0xff, 0xff, 0xff, 0xff, 0xff, 0xff, 0xff, 0xff, 0xff, 0xff, 0xff, 0xfa, 0xff, 0xff, 0x01, 0xfc, 0x5e, 0x35, 0x6e, 0x7d, 0x33, 0xac,
    0x31, 0x4d, 0x32, 0xca, 0x32, 0x3c, 0x41, 0x45, 0x4e, 0x43, 0xd2, 0x91, 0x34, 0xc4, 0xc3, 0xe3, 0xc4, 0xb4, 0xe3, 0xba, 0x64, 0x45, 0x55, 0x33,
    0x39, 0x82, 0x47, 0x44, 0x35, 0x38, 0x31, 0x42, 0x39, 0x33, 0x45, 0x34, 0x31, 0x91, 0x39, 0x42, 0x45, 0x43, 0x32, 0x81, 0x33, 0x33, 0x33, 0x36,
    0x43, 0x45, 0x41, 0x33, 0x42, 0x33, 0x36, 0x43, 0xc2, 0xf0, 0x33, 0x64, 0x4a, 0x4e, 0x33, 0x64, 0x67, 0x64, 0x35, 0x43, 0x64, 0xff, 0xff, 0xff,
    0xff, 0xff, 0xff, 0xff, 0xff, 0xff, 0xff, 0xff, 0xff, 0xff, 0xff, 0xff, 0xff, 0xff, 0xff, 0xff, 0x70, 0xff, 0xff, 0xfe, 0x2d, 0x1f, 0xff, 0xb3,
    0xc3, 0xd6, 0xff, 0x73, 0xb3, 0xba, 0xff, 0x53, 0xc3, 0xac, 0xff, 0x33, 0xb4, 0x94, 0x54, 0xf5, 0x53, 0x82, 0xd1, 0x27, 0x91, 0x34, 0xa4, 0x72,
    0x73, 0xc2, 0x45, 0xe2, 0xb4, 0x31, 0x42, 0x54, 0xb3, 0x45, 0xe2, 0xb4, 0x31, 0x44, 0x39, 0x64, 0x44, 0x45, 0x52, 0x3c, 0x21, 0x42, 0x86, 0x84,
    0x42, 0x42, 0x32, 0x42, 0x3e, 0x43, 0x86, 0x31, 0x45, 0x32, 0x33, 0x33, 0x32, 0x88, 0x45, 0x72, 0x31, 0x94, 0x32, 0x34, 0x23, 0x42, 0x77, 0x43,
    0x33, 0x33, 0x32, 0x84, 0x32, 0x33, 0x33, 0x32, 0x78, 0x33, 0x43, 0x42, 0x45, 0x43, 0x42, 0x33, 0x42, 0x32, 0x3c, 0xf2, 0x2f, 0x43, 0xf0, 0x25,
    0xbf, 0x04, 0xf3, 0x4e, 0x25, 0xc5, 0x35, 0x77, 0x26, 0x64, 0x35, 0x44, 0xff, 0xfc, 0x3f, 0xff, 0xfa, 0x3f, 0xff, 0xfa, 0x3f, 0xff, 0xff, 0xff,
    0xff, 0xff, 0xff, 0xff, 0xff, 0xff, 0xff, 0xff, 0xff, 0xff, 0xff, 0xff, 0xff, 0xff, 0xff, 0xff, 0xff, 0xff, 0xff, 0x30, 0xff, 0xff, 0xff, 0x41,
    0xff, 0x02, 0x86, 0xfe, 0x4f, 0xd3, 0x79, 0xfd, 0x3f, 0xe3, 0x5b, 0xfc, 0x3f, 0xe3, 0x53, 0x27, 0xfb, 0x3f, 0xe3, 0x5d, 0xcf, 0x1f, 0x15, 0x38,
    0x66, 0x24, 0x41, 0x7f, 0x15, 0x55, 0x72, 0x78, 0x35, 0x33, 0x36, 0xe5, 0x93, 0x31, 0x42, 0x5f, 0x24, 0x15, 0xc2, 0x51, 0x3a, 0x33, 0x14, 0x43,
    0xf3, 0x33, 0x46, 0x32, 0x32, 0x42, 0x43, 0x42, 0x21, 0x42, 0x84, 0x39, 0x34, 0x34, 0x61, 0x33, 0x32, 0x35, 0x34, 0x43, 0x82, 0x68, 0x34, 0x43,
    0x67, 0x32, 0x35, 0x33, 0x45, 0x72, 0x68, 0x35, 0x33, 0x31, 0x21, 0x33, 0x32, 0x35, 0x32, 0x43, 0x33, 0x32, 0x32, 0x21, 0x34, 0x35, 0x33, 0x33,
    0x43, 0x32, 0x43, 0x42, 0x33, 0x43, 0x41, 0x34, 0x43, 0x44, 0x43, 0xf1, 0x2a, 0x3f, 0x22, 0xf9, 0x4f, 0x13, 0x94, 0xf0, 0x3f, 0x96, 0x53, 0x47,
    0x57, 0x53, 0x56, 0x53, 0x52, 0x5f, 0xff, 0xff, 0xff, 0xff, 0xff, 0xff, 0xff, 0xff, 0xff, 0xff, 0xff, 0xff, 0xff, 0xff, 0xff, 0xff, 0xff, 0xff,
    0xff, 0xff, 0xff, 0xff, 0xff, 0xff, 0xff, 0xff, 0xff, 0xff, 0xff, 0xff, 0xfa, 0xff, 0xfc, 0x1f, 0xf9, 0x37, 0x4f, 0xc4, 0x56, 0xfc, 0x34, 0x32,
    0x3f, 0xa4, 0x43, 0x23, 0xcf, 0x25, 0x7c, 0xf1, 0x76, 0xce, 0xc3, 0xf4, 0x2d, 0x6f, 0x03, 0x23, 0x33, 0x43, 0x83, 0x76, 0x13, 0x11, 0x13, 0x26,
    0x51, 0x13, 0x76, 0x43, 0x13, 0x16, 0x47, 0x63, 0x12, 0x13, 0x19, 0x22, 0x13, 0x16, 0x63, 0x34, 0x19, 0x44, 0x16, 0x6f, 0x21, 0xf1, 0x7f, 0x12,
    0xf1, 0x95, 0x36, 0x45, 0x36, 0xf6, 0x1f, 0x21, 0xff, 0x95, 0xff, 0x57, 0xff, 0x42, 0x11, 0x13, 0xff, 0x23, 0x11, 0x22, 0xff, 0x32, 0x33, 0xff,
    0x37, 0xff, 0x55, 0xff, 0xff, 0xff, 0xff, 0xff, 0xf2, 0xff, 0xff, 0xf2, 0x1f, 0x21, 0x96, 0xfd, 0x3e, 0x47, 0x9f, 0xb3, 0xf0, 0x36, 0xbf, 0xa3,
    0xf0, 0x36, 0x32, 0x7f, 0x93, 0xf0, 0x36, 0xdc, 0xe2, 0xf1, 0x76, 0x24, 0x41, 0x7e, 0x2f, 0x18, 0x35, 0x33, 0x36, 0xc4, 0xef, 0x34, 0x15, 0xb2,
    0xf0, 0x25, 0x1f, 0x33, 0x34, 0xa3, 0x23, 0x43, 0x23, 0x24, 0x53, 0x93, 0x43, 0x63, 0x12, 0x33, 0x26, 0x13, 0x33, 0x36, 0x83, 0x44, 0x36, 0x53,
    0x26, 0x73, 0x36, 0x83, 0x53, 0x37, 0x43, 0x23, 0x12, 0x13, 0x33, 0x23, 0x22, 0x13, 0x43, 0x53, 0x33, 0x14, 0x33, 0x23, 0x34, 0x33, 0x23, 0x44,
    0x34, 0x44, 0x33, 0x29, 0x2f, 0x13, 0xf9, 0x43, 0x38, 0x2f, 0x13, 0xf9, 0x43, 0x45, 0x65, 0x34, 0x75, 0x35, 0x25, 0xff, 0xff, 0xff, 0x94, 0xff,
    0xfd, 0x6f, 0xff, 0xc2, 0x22, 0xff, 0xfc, 0x22, 0x2f, 0xff, 0x6c, 0xff, 0xf6, 0xbf, 0xff, 0xff, 0xff, 0xff, 0xff, 0xff, 0xff, 0xff, 0xff, 0xff,
    0xfc, 0xff, 0xff, 0xff, 0xf1, 0x1c, 0x6f, 0xff, 0x53, 0xa9, 0xff, 0xf3, 0x48, 0xbf, 0xff, 0x33, 0x83, 0x27, 0xff, 0xf1, 0x48, 0xde, 0x54, 0x54,
    0xf2, 0x96, 0x24, 0x41, 0x87, 0x27, 0x3f, 0x1b, 0x35, 0x33, 0x36, 0x82, 0x82, 0xef, 0x64, 0x15, 0x53, 0x23, 0x23, 0x23, 0x92, 0xfc, 0x33, 0x44,
    0x83, 0x22, 0x34, 0x32, 0x33, 0x38, 0x39, 0x34, 0x34, 0xe1, 0x32, 0x61, 0x31, 0x11, 0x36, 0x68, 0x34, 0x43, 0x71, 0x61, 0x32, 0x64, 0x31, 0x35,
    0x68, 0x35, 0x33, 0x35, 0xa2, 0x31, 0x21, 0x31, 0x64, 0x32, 0x21, 0x34, 0x35, 0x33, 0x58, 0x52, 0x33, 0x41, 0x64, 0x34, 0x43, 0x44, 0x44, 0xf1,
    0x3f, 0x25, 0xf9, 0x6e, 0x4f, 0x12, 0x22, 0xf9, 0x98, 0x95, 0x36, 0x23, 0x35, 0x35, 0x25, 0xff, 0xa1, 0x42, 0xff, 0xff, 0x04, 0x33, 0xff, 0xfe,
    0x52, 0x4f, 0xff, 0xe2, 0x12, 0x24, 0xff, 0xfe, 0x54, 0x2f, 0xff, 0xe2, 0x23, 0x22, 0xff, 0xfe, 0xbf, 0xff, 0xf0, 0x41, 0x4f, 0xff, 0xff, 0xff,
    0xff, 0xff, 0xff, 0xff, 0xff, 0xff, 0xf8, 0xff, 0xff, 0xf1, 0x1f, 0x21, 0x86, 0xfd, 0x3e, 0x46, 0x9f, 0xb3, 0xf0, 0x35, 0xbf, 0xa3, 0xf0, 0x35,
    0x32, 0x7f, 0x93, 0xf0, 0x35, 0xdc, 0xe2, 0xf1, 0x66, 0x24, 0x41, 0x7e, 0x2f, 0x17, 0x35, 0x33, 0x36, 0xc4, 0xef, 0x24, 0x15, 0xe4, 0xe4, 0xf2,
    0x33, 0x4e, 0x44, 0x37, 0x44, 0x39, 0x34, 0x36, 0x36, 0x32, 0x67, 0x32, 0x68, 0x34, 0x43, 0x74, 0x32, 0x67, 0x32, 0x68, 0x35, 0x33, 0x74, 0x32,
    0x31, 0x21, 0x33, 0x31, 0x32, 0x21, 0x34, 0x35, 0x33, 0x31, 0x43, 0x32, 0x33, 0x43, 0x31, 0x34, 0x43, 0x44, 0x43, 0x32, 0x92, 0xf1, 0x2f, 0x94,
    0x33, 0x82, 0xf1, 0x2f, 0x94, 0x34, 0x56, 0x53, 0x55, 0x53, 0x52, 0x5f, 0xff, 0xff, 0xff, 0xff, 0xff, 0xff, 0xff, 0xff, 0xff, 0xff, 0xff, 0xff,
    0xff, 0xff, 0xff, 0xff, 0xff, 0xff, 0xff, 0xff, 0xff, 0xff, 0xff, 0xff, 0xd0, 0xff, 0xff, 0xf0, 0x1d, 0x28, 0x6f, 0xe3, 0xb3, 0x79, 0xfc, 0x3c,
    0x35, 0xbf, 0xb3, 0xc3, 0x53, 0x27, 0xfa, 0x3c, 0x35, 0xdc, 0xf0, 0x2d, 0x66, 0x24, 0x41, 0x7f, 0x02, 0xc8, 0x35, 0x33, 0x36, 0xe3, 0xbf, 0x24,
    0x15, 0x64, 0x54, 0x34, 0x26, 0xf2, 0x33, 0x44, 0x47, 0x43, 0x22, 0x84, 0x39, 0x34, 0x34, 0x39, 0x34, 0x62, 0x32, 0x68, 0x34, 0x43, 0x39, 0x32,
    0x73, 0x32, 0x68, 0x35, 0x33, 0x33, 0x33, 0x41, 0x45, 0x41, 0x32, 0x21, 0x34, 0x35, 0x33, 0x33, 0x42, 0x32, 0x35, 0x42, 0x34, 0x43, 0x44, 0x43,
    0xf0, 0x2c, 0x3f, 0x95, 0xe2, 0xb4, 0xf9, 0x64, 0x35, 0x57, 0x85, 0x35, 0x25, 0xff, 0xff, 0xff, 0xff, 0xff, 0xff, 0xff, 0xff, 0xff, 0xff, 0xff,
    0xff, 0xff, 0xff, 0xff, 0xff, 0xff, 0xff, 0xff, 0xff, 0xff, 0xff, 0xff, 0xff, 0x40, 0xff, 0xff, 0x34, 0xff, 0xff, 0x51, 0x47, 0xff, 0xff, 0x23,
    0x28, 0xff, 0xff, 0x23, 0x23, 0x24, 0xff, 0xff, 0x13, 0x23, 0x24, 0x83, 0x32, 0xff, 0xf0, 0x33, 0x97, 0x32, 0x66, 0xf3, 0x6f, 0x04, 0x87, 0xd4,
    0xf5, 0x4f, 0x03, 0x98, 0xd3, 0xf6, 0x3e, 0x3b, 0x84, 0x44, 0x83, 0x94, 0x44, 0x54, 0x34, 0x26, 0x63, 0x74, 0x2c, 0x64, 0x24, 0x74, 0x32, 0x28,
    0x36, 0x73, 0x2c, 0x22, 0x33, 0x23, 0x93, 0x37, 0x23, 0x36, 0x73, 0x25, 0x25, 0x14, 0x23, 0x23, 0x93, 0x27, 0x33, 0x23, 0x22, 0x13, 0x33, 0x32,
    0x53, 0x15, 0x23, 0x23, 0x33, 0x34, 0x13, 0x73, 0x23, 0x44, 0x33, 0x24, 0x43, 0x13, 0x34, 0x23, 0x34, 0x23, 0x23, 0x64, 0x3f, 0x12, 0xb1, 0x93,
    0xf0, 0x2c, 0x4f, 0x04, 0xa2, 0x84, 0xe2, 0xb7, 0x53, 0x46, 0x75, 0x57, 0x43, 0x55, 0x7f, 0xff, 0xff, 0xff, 0xff, 0xff, 0xff, 0xff, 0xff, 0xff,
    0xff, 0xff, 0xff, 0xff, 0xff, 0xff, 0xff, 0xff, 0xff, 0xff, 0xff, 0xff, 0xff, 0xff, 0xff, 0xff, 0xff, 0xff, 0xff, 0xff, 0xf5, 0xff, 0xf7, 0x4f,
    0xff, 0x91, 0x47, 0xff, 0xf6, 0x32, 0x8f, 0xff, 0x63, 0x23, 0x24, 0xff, 0xf5, 0x32, 0x32, 0x4f, 0xff, 0x53, 0x39, 0x6f, 0x79, 0xf0, 0x48, 0x6f,
    0x97, 0xf0, 0x39, 0x6f, 0xa6, 0xe3, 0xb6, 0x45, 0x47, 0x47, 0x45, 0x43, 0x42, 0x64, 0x48, 0x37, 0x45, 0x47, 0x43, 0x22, 0x83, 0x39, 0x33, 0x23,
    0x35, 0x39, 0x33, 0x72, 0x33, 0x39, 0x32, 0x42, 0x35, 0x39, 0x32, 0x73, 0x33, 0x33, 0x33, 0x92, 0x35, 0x33, 0x33, 0x41, 0x37, 0x33, 0x33, 0x42,
    0x31, 0x33, 0x45, 0x33, 0x42, 0x32, 0x36, 0x43, 0xf0, 0x19, 0x6f, 0x02, 0xc5, 0xe2, 0x82, 0x23, 0xe2, 0xb7, 0x43, 0x54, 0x55, 0x23, 0x43, 0x55,
    0x7f, 0xf5, 0x2f, 0xff, 0xd6, 0xff, 0xfc, 0x7f, 0xff, 0x93, 0x42, 0xff, 0xf9, 0x45, 0x2f, 0xff, 0x82, 0x14, 0x22, 0xff, 0xf8, 0xbf, 0xff, 0x94,
    0x14, 0xff, 0xff, 0xff, 0xff, 0xff, 0xff, 0xff, 0xff, 0xff, 0xf4, 0xff, 0xff, 0xfc, 0x4f, 0x51, 0xf4, 0x5f, 0xfe, 0x14, 0x7f, 0x23, 0xf2, 0x7f,
    0xfc, 0x32, 0x8f, 0x23, 0xf2, 0x31, 0x3f, 0xfc, 0x32, 0x32, 0x4f, 0x23, 0xf1, 0x32, 0x3f, 0xfb, 0x32, 0x32, 0x4f, 0x14, 0xf2, 0x12, 0x4f, 0xfb,
    0x33, 0x96, 0xd7, 0x63, 0x78, 0x68, 0x53, 0xf0, 0x48, 0x6c, 0x69, 0x27, 0x6a, 0x57, 0x2f, 0x03, 0x96, 0xb7, 0xa1, 0x66, 0xc3, 0x82, 0xe3, 0xba,
    0x66, 0x44, 0x43, 0x36, 0x44, 0x43, 0x32, 0x42, 0x45, 0x43, 0x42, 0x68, 0x85, 0x35, 0x44, 0x34, 0x46, 0x42, 0x32, 0x41, 0x47, 0x43, 0x22, 0x87,
    0x31, 0x45, 0x36, 0x34, 0x43, 0x42, 0x32, 0x32, 0x82, 0x39, 0x33, 0x72, 0x33, 0x31, 0x94, 0x36, 0x34, 0x43, 0x32, 0x42, 0x32, 0x82, 0x39, 0x32,
    0x73, 0x33, 0x32, 0x84, 0x36, 0x34, 0x43, 0x41, 0x42, 0x32, 0x64, 0x33, 0x33, 0x41, 0x37, 0x33, 0x45, 0x44, 0x44, 0x44, 0x43, 0x41, 0x23, 0x42,
    0x37, 0x33, 0x42, 0x32, 0x36, 0x43, 0xc6, 0xfa, 0x28, 0x44, 0x5f, 0x02, 0xc5, 0xa2, 0x23, 0xfa, 0x28, 0x45, 0x5e, 0x2b, 0x87, 0x33, 0x46, 0x35,
    0x35, 0x45, 0x73, 0x74, 0x35, 0x57, 0xf6, 0x2f, 0xfe, 0x1f, 0xff, 0x72, 0xff, 0xff, 0xff, 0x63, 0xff, 0xff, 0xff, 0x53, 0xff, 0xff, 0xfe, 0xaf,
    0xff, 0xff, 0xe9, 0xff, 0xff, 0xff, 0x07, 0xff, 0xff, 0xff, 0xff, 0xff, 0xff, 0xff, 0xff, 0xff, 0xff, 0xff, 0xff, 0xff, 0xff, 0xff, 0xff, 0xff,
    0xff, 0xff, 0xa0, 0xff, 0xff, 0xf0, 0x4f, 0x92, 0xd1, 0xf9, 0x1f, 0x27, 0xf6, 0x3c, 0x3f, 0x73, 0xf0, 0x8f, 0x73, 0xb3, 0xf7, 0x3f, 0x03, 0x24,
    0xf6, 0x3c, 0x3f, 0x63, 0xf0, 0x32, 0x4f, 0x63, 0xb4, 0xf6, 0x3f, 0x19, 0x75, 0x38, 0x2d, 0x12, 0x6f, 0x03, 0xa4, 0x86, 0x72, 0x73, 0xc2, 0x44,
    0xf0, 0x2b, 0x39, 0x63, 0x14, 0x25, 0x4b, 0x34, 0x4e, 0x3b, 0x2b, 0x53, 0x14, 0x43, 0x96, 0x44, 0x44, 0x54, 0x33, 0xa4, 0x26, 0x42, 0x14, 0x28,
    0x68, 0x44, 0x24, 0x74, 0x23, 0xb2, 0x28, 0x54, 0x38, 0x63, 0x14, 0x53, 0x23, 0x93, 0x28, 0x67, 0x23, 0x44, 0x57, 0x23, 0x19, 0x43, 0x23, 0x93,
    0x37, 0x57, 0x33, 0x34, 0x33, 0x33, 0x33, 0x28, 0x43, 0x23, 0x33, 0x34, 0x17, 0x63, 0x73, 0x33, 0x34, 0x34, 0x24, 0x54, 0x34, 0x23, 0x34, 0x23,
    0x23, 0xa3, 0x64, 0x3f, 0x22, 0xf4, 0x3f, 0x02, 0x58, 0xc5, 0xf0, 0x4f, 0x34, 0xe2, 0x58, 0xb7, 0x53, 0x57, 0x72, 0x66, 0x43, 0x54, 0x4a, 0x7f,
    0xff, 0xff, 0xff, 0xff, 0xff, 0xff, 0xff, 0xff, 0xff, 0xff, 0xff, 0xff, 0xff, 0xff, 0xff, 0xff, 0xff, 0xff, 0xff, 0xff, 0xff, 0xff, 0xff, 0xff,
    0xff, 0xff, 0xff, 0xff, 0xff, 0xff, 0xff, 0xff, 0xff, 0xff, 0xe0, 0xff, 0xff, 0xff, 0x11, 0xf8, 0x5f, 0x05, 0xfa, 0x3f, 0x67, 0xd7, 0xf9, 0x3f,
    0x63, 0x14, 0xb3, 0x23, 0xf9, 0x3f, 0x68, 0xc3, 0x13, 0xf9, 0x3f, 0x77, 0xf1, 0x3b, 0xf1, 0x22, 0x85, 0x38, 0x4f, 0x13, 0x17, 0xf1, 0x24, 0x4f,
    0x34, 0xf0, 0x34, 0x5e, 0x44, 0x4f, 0x34, 0xe4, 0x5a, 0x3a, 0x43, 0x33, 0x44, 0x4f, 0x04, 0x44, 0x6d, 0x54, 0x23, 0x42, 0x63, 0x63, 0x74, 0x44,
    0x3f, 0x15, 0x33, 0x45, 0x41, 0x43, 0x67, 0x35, 0x33, 0xf1, 0x53, 0x34, 0x45, 0x14, 0x36, 0x73, 0x53, 0x33, 0x34, 0x33, 0x53, 0x25, 0x4a, 0x33,
    0x12, 0x13, 0x33, 0x53, 0x33, 0x34, 0x33, 0x44, 0x23, 0x62, 0x16, 0x43, 0x34, 0x34, 0x34, 0x3f, 0x83, 0x72, 0x94, 0xf9, 0x3f, 0x83, 0x72, 0x85,
    0xf8, 0x65, 0x25, 0x26, 0x55, 0x55, 0x85, 0x35, 0x25, 0xff, 0xff, 0xff, 0xfc, 0x41, 0x4f, 0xff, 0xf5, 0xbf, 0xff, 0xf4, 0x22, 0x32, 0x3f, 0xff,
    0xf3, 0x33, 0x31, 0x2f, 0xff, 0xf3, 0x33, 0x6f, 0xff, 0xf3, 0x42, 0x6f, 0xff, 0xf3, 0x42, 0x5f, 0xff, 0xff, 0xff, 0xff, 0xff, 0xff, 0xff, 0xff,
    0xff, 0xff, 0xb0, 0xff, 0xff, 0xff, 0xff, 0xfa, 0x1f, 0xff, 0xd5, 0xff, 0xd4, 0xff, 0xfb, 0x7f, 0xfd, 0x3f, 0xff, 0xa3, 0x23, 0xff, 0xd3, 0xff,
    0xfb, 0x31, 0x3f, 0xfd, 0x3f, 0xff, 0xf0, 0x3c, 0x54, 0x54, 0xf1, 0x1e, 0x5f, 0x95, 0xeb, 0x72, 0x73, 0xf1, 0x1f, 0x13, 0xfb, 0x3d, 0xb8, 0x28,
    0x2e, 0x3f, 0x22, 0xfc, 0x2c, 0xc3, 0x23, 0x23, 0x23, 0xd4, 0x44, 0x74, 0xd4, 0x84, 0x82, 0xf1, 0x83, 0x22, 0x34, 0x37, 0x44, 0x38, 0x43, 0x37,
    0x48, 0x47, 0x32, 0x3a, 0xe1, 0x32, 0x67, 0x35, 0x33, 0x23, 0x31, 0x67, 0x34, 0x23, 0x33, 0x31, 0x23, 0x3a, 0x71, 0x61, 0x32, 0x67, 0x35, 0x32,
    0x42, 0x31, 0x67, 0x33, 0x42, 0x31, 0x65, 0x3a, 0x35, 0xa2, 0x31, 0x21, 0x33, 0x35, 0x31, 0x52, 0x31, 0x31, 0x21, 0x33, 0x32, 0x52, 0x31, 0x74,
    0x3a, 0x58, 0x52, 0x33, 0x43, 0x43, 0x41, 0x33, 0x41, 0x33, 0x43, 0x32, 0x33, 0x41, 0x31, 0x43, 0x3b, 0xf1, 0x3f, 0x91, 0x92, 0xf1, 0x29, 0x23,
    0x29, 0x24, 0x6e, 0x4f, 0x83, 0x82, 0xf1, 0x38, 0x23, 0x38, 0x16, 0x88, 0x95, 0x35, 0x25, 0x55, 0x65, 0x34, 0x65, 0x43, 0x45, 0x33, 0x11, 0xff,
    0xff, 0xff, 0xe3, 0xff, 0xff, 0xff, 0xc4, 0x13, 0xff, 0xff, 0xff, 0xb5, 0x13, 0xff, 0xff, 0xff, 0xa2, 0x12, 0x22, 0xff, 0xff, 0xff, 0xb3, 0x32,
    0xff, 0xff, 0xff, 0xa3, 0x42, 0xff, 0xff, 0xff, 0xa3, 0x33, 0xff, 0xff, 0xff, 0xa8, 0xff, 0xff, 0xff, 0xd5, 0xff, 0xff, 0xff, 0xff, 0xff, 0xff,
    0xff, 0xff, 0xff, 0xff, 0xff, 0x10, 0xff, 0xff, 0xfe, 0x2f, 0x41, 0xfa, 0x1c, 0x1f, 0x03, 0xf3, 0x3f, 0x74, 0xa3, 0xf0, 0x3f, 0x23, 0xf8, 0x3a,
    0x3f, 0x03, 0xf3, 0x3f, 0x73, 0xb3, 0xe3, 0xf2, 0x4f, 0x73, 0xa4, 0x4d, 0x22, 0x5c, 0x9f, 0x12, 0xc4, 0xc3, 0x43, 0xba, 0xf1, 0x2b, 0x5b, 0x44,
    0x3a, 0xbe, 0x4a, 0x64, 0x26, 0x44, 0x73, 0xf5, 0x25, 0x18, 0x39, 0x22, 0x84, 0x41, 0xcb, 0x32, 0x32, 0x42, 0xc6, 0x62, 0x35, 0x31, 0xc9, 0x61,
    0x33, 0x32, 0xc4, 0x73, 0x35, 0x31, 0x52, 0x59, 0x67, 0x32, 0x52, 0x54, 0x45, 0x45, 0x32, 0x25, 0x3a, 0x31, 0x21, 0x33, 0x33, 0x25, 0x35, 0x35,
    0x54, 0x41, 0x44, 0x3a, 0x33, 0x43, 0x32, 0x44, 0x35, 0xf5, 0x2b, 0xaf, 0x12, 0xb5, 0xb1, 0x83, 0xaa, 0xf1, 0x3a, 0x77, 0x46, 0x57, 0xe5, 0x34,
    0x67, 0xff, 0xff, 0xf2, 0x2f, 0xf3, 0x32, 0x3f, 0xb4, 0x43, 0xff, 0x1a, 0xfa, 0x45, 0x2f, 0xf1, 0x22, 0x31, 0x3f, 0x92, 0x14, 0x22, 0xff, 0x12,
    0x31, 0x23, 0xf9, 0xbf, 0xf1, 0x35, 0x2f, 0xb4, 0x15, 0xff, 0x22, 0x52, 0xff, 0x42, 0xff, 0xff, 0xf1, 0x1f, 0xff, 0xff, 0xff, 0xff, 0xff, 0xff,
    0xff, 0xff, 0xff, 0xfa, 0xff, 0xff, 0xfd, 0x1f, 0x51, 0xfb, 0x1c, 0x1e, 0x3f, 0x33, 0xf8, 0x4a, 0x3d, 0x3f, 0x34, 0xf8, 0x3a, 0x3e, 0x3f, 0x33,
    0xf8, 0x3b, 0x3c, 0x4f, 0x24, 0xf8, 0x3a, 0x44, 0xc4, 0xf2, 0xaf, 0x12, 0xc4, 0xb5, 0xf1, 0xbf, 0x12, 0xb5, 0xa6, 0xed, 0xe4, 0xab, 0x3f, 0x02,
    0xfa, 0x25, 0x18, 0x38, 0xc6, 0x32, 0x33, 0x3d, 0x32, 0x32, 0x42, 0xc4, 0xc4, 0x61, 0x31, 0x11, 0x3b, 0x61, 0x33, 0x32, 0xc4, 0x52, 0x54, 0x64,
    0x31, 0x3a, 0x67, 0x32, 0x52, 0x55, 0x25, 0x35, 0x31, 0x21, 0x31, 0x6a, 0x31, 0x21, 0x33, 0x33, 0x25, 0x35, 0x44, 0x35, 0x33, 0x41, 0x6a, 0x33,
    0x43, 0x32, 0x44, 0x35, 0xb5, 0xf2, 0xaf, 0x12, 0xb6, 0xa5, 0xf1, 0xbf, 0x13, 0xa7, 0x73, 0x33, 0x53, 0x6d, 0x53, 0x46, 0x7f, 0x52, 0xf0, 0x1f,
    0xf9, 0x2c, 0x33, 0x2b, 0x41, 0x4f, 0xc4, 0x43, 0xa5, 0x22, 0xab, 0xfb, 0x45, 0x29, 0x31, 0x22, 0x39, 0x22, 0x32, 0x3f, 0xa2, 0x14, 0x22, 0x96,
    0x22, 0xa3, 0x33, 0x12, 0xfa, 0xb9, 0x62, 0x2a, 0x33, 0x6f, 0xb4, 0x15, 0xa2, 0x43, 0xa4, 0x26, 0xff, 0x42, 0xa8, 0xb4, 0x25, 0xff, 0x61, 0xb6,
    0xff, 0xff, 0xff, 0xff, 0xff, 0xff, 0xff, 0xff, 0xff, 0xf8, 0xff, 0xff, 0xf3, 0x2f, 0x12, 0xe2, 0xf1, 0x2f, 0x01, 0xf2, 0x1e, 0x22, 0x2c, 0x26,
    0xa2, 0x34, 0x96, 0x94, 0x33, 0x79, 0x13, 0x21, 0x16, 0x22, 0x97, 0x13, 0x21, 0x25, 0x22, 0x98, 0x43, 0x15, 0x23, 0x23, 0x27, 0x45, 0x16, 0x12,
    0x25, 0x26, 0x17, 0x25, 0x22, 0x25, 0x26, 0x16, 0x44, 0x22, 0x25, 0x26, 0x91, 0x64, 0x78, 0x64, 0x46, 0x5f, 0xff, 0xf6, 0x13, 0x1f, 0xc9, 0xfa,
    0x21, 0x31, 0x2f, 0xa2, 0x21, 0x31, 0xfa, 0x25, 0x2f, 0xb1, 0x51, 0xff, 0xff, 0xff, 0xff, 0xf3, 0xff, 0xff, 0xf0, 0x2f, 0x02, 0xe2, 0xf1, 0x1f,
    0x01, 0xf1, 0x2d, 0x2f, 0x02, 0x79, 0x4d, 0x77, 0x6b, 0x99, 0xa2, 0x31, 0x89, 0x61, 0x32, 0x32, 0x82, 0x32, 0x55, 0x32, 0x21, 0x72, 0x52, 0x42,
    0x12, 0x32, 0x21, 0x72, 0x52, 0x41, 0x52, 0x12, 0x11, 0x72, 0x52, 0x41, 0x43, 0x23, 0x87, 0x5d, 0x95, 0x32, 0x25, 0x25, 0xf3, 0x1d, 0x1c, 0x33,
    0x28, 0x31, 0x48, 0x52, 0x27, 0xa7, 0x21, 0x22, 0x27, 0x33, 0x11, 0x27, 0x52, 0x28, 0x22, 0x31, 0x17, 0x33, 0x28, 0x32, 0x58, 0x78, 0x42, 0x3a,
    0x5f, 0xff, 0xff, 0xff, 0xe0, 0xf9, 0x4f, 0xff, 0x77, 0xd6, 0xff, 0x08, 0xc9, 0xfd, 0x32, 0x4a, 0xbf, 0xc3, 0x24, 0xa3, 0x27, 0xfc, 0x99, 0xd7,
    0x54, 0x56, 0x8a, 0x62, 0x46, 0x72, 0x74, 0x9b, 0x44, 0x35, 0x82, 0x82, 0xbf, 0x34, 0x43, 0x23, 0x23, 0x23, 0x24, 0x26, 0xf3, 0x34, 0x83, 0x22,
    0x33, 0x22, 0x8f, 0x23, 0x4e, 0x13, 0x37, 0x23, 0x73, 0x73, 0x47, 0x16, 0x13, 0x27, 0x33, 0x56, 0x63, 0x43, 0x5a, 0x23, 0x73, 0x57, 0x53, 0x45,
    0x85, 0x23, 0x64, 0x53, 0x14, 0x34, 0x5f, 0x13, 0xc6, 0x32, 0x97, 0xe4, 0xb3, 0x22, 0x33, 0x8a, 0x89, 0x76, 0x21, 0x34, 0x6f, 0xfb, 0x2f, 0xff,
    0x66, 0xff, 0xf5, 0x7f, 0xff, 0x23, 0x42, 0xff, 0xf2, 0x45, 0x2f, 0xff, 0x12, 0x14, 0x22, 0xff, 0xf1, 0xbf, 0xff, 0x24, 0x14, 0xff, 0xff, 0xff,
    0xff, 0xff, 0xff, 0xff, 0xff, 0x70, 0xff, 0xff, 0xfb, 0x1f, 0x05, 0xf3, 0x3c, 0x3d, 0x7f, 0x33, 0xb4, 0xc3, 0x14, 0xf2, 0x3c, 0x3c, 0x8f, 0x23,
    0xb4, 0xd7, 0x45, 0x38, 0x2d, 0x35, 0x38, 0x47, 0x28, 0x2c, 0x2f, 0x34, 0x82, 0x54, 0xb3, 0xf3, 0x43, 0x23, 0x44, 0x43, 0x44, 0x23, 0x34, 0x44,
    0x42, 0x23, 0x63, 0x33, 0x63, 0x23, 0x42, 0x63, 0x64, 0x83, 0x23, 0x73, 0x24, 0x54, 0x14, 0x44, 0x93, 0x23, 0x73, 0x24, 0x45, 0x14, 0x34, 0x33,
    0x43, 0x23, 0x64, 0x15, 0x4a, 0x33, 0x34, 0x34, 0x24, 0x45, 0x13, 0x62, 0x16, 0x4f, 0x23, 0xb2, 0x72, 0x94, 0xf1, 0x4a, 0x37, 0x28, 0x75, 0x35,
    0x77, 0x55, 0x55, 0xd3, 0xff, 0xf7, 0x3f, 0xff, 0x73, 0xff, 0xff, 0xff, 0xff, 0xff, 0xff, 0xff, 0xff, 0xff, 0xff, 0xff, 0xff, 0xff, 0xff, 0xff,
    0xff, 0xff, 0xfd, 0xff, 0xff, 0x81, 0xff, 0xfa, 0x37, 0x5f, 0xfc, 0x36, 0x8f, 0xfb, 0x35, 0x9f, 0xf9, 0x45, 0x32, 0x5f, 0xf0, 0xc5, 0xa4, 0xf4,
    0x7b, 0x66, 0x13, 0x4f, 0x65, 0xa9, 0x32, 0x43, 0xf7, 0x93, 0xd7, 0x83, 0xa4, 0x4c, 0x88, 0x3c, 0x74, 0x3c, 0x83, 0x14, 0x3c, 0x32, 0x33, 0x35,
    0x25, 0x34, 0x19, 0x25, 0x25, 0x24, 0x23, 0x42, 0x53, 0x53, 0x28, 0x32, 0x53, 0x25, 0x23, 0x34, 0x43, 0x53, 0x63, 0x34, 0x43, 0x23, 0x34, 0x3b,
    0x5c, 0x3b, 0x29, 0x5a, 0x6a, 0x5a, 0x38, 0x67, 0x33, 0x47, 0x77, 0x65, 0xf4, 0x2f, 0xff, 0x43, 0x32, 0xc4, 0xff, 0x25, 0x22, 0xb6, 0xff, 0x03,
    0x12, 0x23, 0xa2, 0x22, 0xff, 0x06, 0x22, 0xb2, 0x22, 0xff, 0x06, 0x22, 0x5c, 0xff, 0x12, 0x43, 0x5b, 0xff, 0x28, 0xff, 0xf5, 0x6f, 0xff, 0xff,
    0xff, 0xff, 0xff, 0xff, 0xf3, 0xff, 0xff, 0xff, 0x05, 0xff, 0xff, 0x15, 0xa7, 0xff, 0x24, 0xf8, 0x79, 0x31, 0x4f, 0xf0, 0x7f, 0x63, 0x14, 0x83,
    0x23, 0xff, 0x03, 0x13, 0xf6, 0x8c, 0x4f, 0xf0, 0x31, 0x4f, 0x67, 0x3c, 0x87, 0x75, 0x48, 0xb5, 0x38, 0x4c, 0x6a, 0x57, 0x47, 0x9f, 0x34, 0xb7,
    0xb3, 0x84, 0x12, 0x3a, 0xf3, 0x53, 0x44, 0x54, 0x54, 0x23, 0x24, 0x26, 0xb3, 0x34, 0x44, 0x43, 0x63, 0x53, 0x73, 0x23, 0x24, 0x35, 0x25, 0x43,
    0x42, 0x63, 0x43, 0x73, 0x43, 0x32, 0x24, 0x18, 0x2f, 0x13, 0x45, 0x41, 0x43, 0x37, 0x34, 0x32, 0x42, 0x31, 0x82, 0xf1, 0x34, 0x45, 0x14, 0x33,
    0x64, 0x43, 0x15, 0x14, 0x16, 0x43, 0x34, 0x33, 0x25, 0x4a, 0x34, 0x46, 0x33, 0x13, 0x33, 0x23, 0x73, 0x34, 0x33, 0x23, 0x62, 0x16, 0x5f, 0x41,
    0x93, 0x45, 0xf1, 0x27, 0x29, 0x5a, 0x18, 0x27, 0x45, 0x4f, 0x12, 0x72, 0x88, 0x73, 0x55, 0x56, 0x37, 0x52, 0x55, 0x55, 0x5f, 0xfc, 0x1f, 0xff,
    0xff, 0xff, 0xff, 0xff, 0xff, 0xff, 0xff, 0xff, 0xff, 0xff, 0xff, 0xff, 0xff, 0xff, 0xff, 0xff, 0xff, 0xff, 0xff, 0xff, 0xff, 0xff, 0xff, 0xff,
    0xff, 0xff, 0xff, 0xff, 0xff, 0xff, 0x00, 0xff, 0xf2, 0x4f, 0xff, 0x41, 0xf9, 0x14, 0x7f, 0xff, 0x04, 0xf7, 0x32, 0x8f, 0xff, 0x13, 0xf7, 0x32,
    0x32, 0x4f, 0xff, 0x03, 0xf8, 0x31, 0x32, 0x4f, 0xff, 0x03, 0xf7, 0x42, 0x9f, 0xf1, 0xf1, 0x31, 0x9d, 0x38, 0x5f, 0x47, 0xf1, 0x24, 0x7c, 0x39,
    0x5f, 0x65, 0xe4, 0x56, 0xb3, 0xb4, 0xf7, 0xf0, 0x44, 0x48, 0x33, 0x33, 0x42, 0x64, 0x34, 0x46, 0x46, 0x37, 0x44, 0x46, 0x35, 0x33, 0x22, 0x82,
    0x36, 0x37, 0x43, 0x67, 0x35, 0x35, 0x45, 0x33, 0x72, 0x32, 0x37, 0x32, 0x23, 0x33, 0x67, 0x35, 0x35, 0x45, 0x41, 0x73, 0x32, 0x37, 0x31, 0x42,
    0x33, 0x31, 0x21, 0x33, 0x35, 0x35, 0x36, 0x41, 0x37, 0x32, 0x36, 0x92, 0x33, 0x33, 0x43, 0x43, 0x45, 0x36, 0x41, 0x36, 0x42, 0x44, 0x83, 0x43,
    0xf9, 0x53, 0x64, 0x1c, 0x4b, 0x19, 0x4f, 0x86, 0x36, 0x41, 0xb5, 0xa3, 0x86, 0x53, 0x52, 0x53, 0x31, 0x36, 0x43, 0x79, 0x75, 0x5f, 0xf2, 0x2f,
    0xff, 0xff, 0x13, 0x32, 0xff, 0xff, 0xf0, 0x52, 0x2f, 0xff, 0xfe, 0x31, 0x22, 0x3f, 0xff, 0xfd, 0x62, 0x2f, 0xff, 0xfe, 0x62, 0x2f, 0xff, 0xff,
    0x02, 0x43, 0xff, 0xff, 0xf0, 0x8f, 0xff, 0xff, 0x26, 0xff, 0xff, 0xff, 0xff, 0xff, 0xff, 0xff, 0xff, 0xff, 0xff, 0x80, 0xff, 0xff, 0xff, 0xff,
    0xff, 0xff, 0xff, 0xff, 0xff, 0xff, 0xff, 0xff, 0xff, 0x45, 0x55, 0x3f, 0x79, 0xa5, 0x72, 0x82, 0xf9, 0x6b, 0x48, 0x28, 0x2f, 0xa5, 0xb4, 0x32,
    0x32, 0x32, 0x33, 0x45, 0x47, 0x45, 0x3c, 0x83, 0x72, 0x48, 0x37, 0x44, 0x3c, 0xf2, 0x33, 0x93, 0x32, 0x33, 0x48, 0x77, 0x19, 0x33, 0x93, 0x24,
    0x23, 0x57, 0x73, 0x5a, 0x23, 0x33, 0x39, 0x23, 0x47, 0x85, 0x94, 0x23, 0x34, 0x23, 0x13, 0x34, 0x43, 0xdf, 0x13, 0xf0, 0x19, 0x55, 0xdd, 0x5e,
    0x28, 0x22, 0x15, 0xf0, 0x98, 0x43, 0x54, 0x54, 0x31, 0x4f, 0xff, 0xd2, 0xff, 0xff, 0x32, 0xff, 0xff, 0x23, 0xff, 0xff, 0x13, 0xff, 0xfa, 0xaf,
    0xff, 0xa9, 0xff, 0xfb, 0x7f, 0xff, 0xff, 0xff, 0xff, 0xff, 0xff, 0xff, 0xff, 0xff, 0xff, 0xfc, 0xff, 0xff, 0xff, 0xf7, 0x1f, 0x61, 0xf2, 0x1f,
    0xd1, 0xf9, 0x4f, 0x43, 0xe4, 0xfb, 0x3f, 0x93, 0xf4, 0x3f, 0x03, 0xfb, 0x3f, 0x93, 0xf4, 0x3f, 0x03, 0xfb, 0x3f, 0x93, 0xf4, 0x3f, 0x03, 0xfb,
    0x3b, 0xf1, 0x8e, 0x2f, 0x14, 0xa1, 0xe2, 0x27, 0xf1, 0x22, 0x4e, 0x2f, 0x13, 0xb1, 0xe2, 0x45, 0xe3, 0x34, 0xc4, 0xe5, 0xb1, 0xc4, 0x4c, 0x25,
    0x12, 0x4c, 0x4e, 0x44, 0x3f, 0x02, 0x94, 0x63, 0x23, 0x24, 0x23, 0xd4, 0x43, 0x74, 0x33, 0xf0, 0x32, 0x34, 0x43, 0x61, 0x33, 0x32, 0x44, 0x36,
    0x32, 0x67, 0x33, 0x86, 0x31, 0x23, 0x35, 0x33, 0x67, 0x33, 0x32, 0x74, 0x32, 0x67, 0x34, 0x74, 0x65, 0x35, 0x33, 0x31, 0x21, 0x33, 0x33, 0x32,
    0x74, 0x32, 0x31, 0x21, 0x33, 0x33, 0x75, 0x74, 0x35, 0x33, 0x33, 0x43, 0x33, 0x32, 0x31, 0x43, 0x32, 0x33, 0x43, 0x33, 0x39, 0x31, 0x43, 0x34,
    0x43, 0xf1, 0x33, 0x23, 0x29, 0x2f, 0x13, 0x57, 0x32, 0xf1, 0x4f, 0x13, 0x32, 0x33, 0x82, 0xf1, 0x35, 0x73, 0x3f, 0x06, 0x52, 0x55, 0x32, 0x34,
    0x56, 0x53, 0x55, 0x47, 0x34, 0x52, 0x6d, 0x46, 0x4f, 0xff, 0xff, 0x8c, 0xff, 0xff, 0xfa, 0xaf, 0xff, 0xff, 0xd6, 0xff, 0xff, 0xff, 0xff, 0xff,
    0xff, 0xff, 0xff, 0xff, 0xff, 0xff, 0xff, 0xff, 0xff, 0xff, 0xff, 0xff, 0xff, 0xff, 0xff, 0xff, 0xff, 0xff, 0xff, 0xff, 0xff, 0xff, 0xff, 0x40,
    0xff, 0xff, 0x71, 0xf8, 0x1f, 0x94, 0xf6, 0x3f, 0x93, 0xf6, 0x4f, 0x83, 0xf7, 0x3f, 0x83, 0xf6, 0x4a, 0xf1, 0x8f, 0x2a, 0xf1, 0x22, 0x4f, 0x1b,
    0xe3, 0x34, 0xef, 0x52, 0x51, 0x24, 0xa2, 0xf5, 0x32, 0x32, 0x42, 0x35, 0x32, 0x33, 0x3b, 0x61, 0x33, 0x32, 0x42, 0x61, 0x31, 0x11, 0x3b, 0x67,
    0x33, 0x32, 0x64, 0x31, 0x3a, 0x31, 0x21, 0x33, 0x33, 0x32, 0x31, 0x21, 0x31, 0x6a, 0x33, 0x43, 0x33, 0x32, 0x33, 0x41, 0x6a, 0xf1, 0x33, 0x2f,
    0x22, 0x44, 0xf1, 0x33, 0x2f, 0x12, 0x65, 0x52, 0x55, 0x34, 0x53, 0x62, 0x31, 0x1c, 0x46, 0x4f, 0x11, 0x33, 0xf0, 0xcf, 0x24, 0x13, 0xf0, 0xaf,
    0x35, 0x13, 0xf1, 0x6f, 0x52, 0x12, 0x22, 0xff, 0xd3, 0x32, 0xff, 0xc3, 0x42, 0xff, 0xc3, 0x33, 0xff, 0xc8, 0xff, 0xf0, 0x5f, 0xff, 0xff, 0xff,
    0xff, 0xf7, 0xff, 0xff, 0xff, 0xd5, 0xff, 0xff, 0x97, 0xff, 0xff, 0x83, 0x23, 0xff, 0xff, 0x73, 0x23, 0xff, 0xff, 0xb4, 0xff, 0xe5, 0x55, 0x3d,
    0x45, 0x3f, 0x88, 0x72, 0x82, 0xc4, 0x72, 0xfa, 0x58, 0x28, 0x2b, 0x48, 0x2f, 0xb4, 0x32, 0x32, 0x32, 0x32, 0x42, 0x63, 0x32, 0x48, 0x2d, 0x44,
    0x83, 0x73, 0x22, 0x82, 0x32, 0x43, 0x32, 0x33, 0x37, 0x43, 0xf2, 0x56, 0x23, 0x28, 0x26, 0x13, 0x11, 0x13, 0x32, 0x33, 0x37, 0x19, 0x37, 0x33,
    0x28, 0x26, 0x43, 0x13, 0x14, 0x23, 0x33, 0x5a, 0x24, 0x54, 0x26, 0x43, 0x12, 0x13, 0x1b, 0x23, 0x35, 0x94, 0x23, 0x54, 0x33, 0x73, 0x34, 0x19,
    0x34, 0x4f, 0x13, 0xc4, 0x45, 0xfb, 0x7d, 0x4b, 0x55, 0x4f, 0x12, 0x89, 0x98, 0x78, 0x37, 0x53, 0x63, 0x5f, 0xff, 0x01, 0xf4, 0x1f, 0xfb, 0x32,
    0x3f, 0xff, 0xf6, 0xaf, 0xff, 0xf5, 0x22, 0x31, 0x3f, 0xff, 0xf4, 0x23, 0x12, 0x3f, 0xff, 0xf4, 0x35, 0x2f, 0xff, 0xf6, 0x25, 0x2f, 0xff, 0xff,
    0xff, 0xff, 0xff, 0xff, 0xff, 0xff, 0xff, 0xff, 0xff, 0xff, 0xff, 0x80, 0xff, 0xff, 0xf1, 0x1f, 0xff, 0xc4, 0xff, 0xfc, 0x3f, 0xff, 0xc3, 0xff,
    0xfc, 0x3f, 0xfe, 0xf1, 0x31, 0x6f, 0xc7, 0xf1, 0x24, 0x4f, 0xe5, 0xe4, 0x53, 0xff, 0x0f, 0x04, 0x44, 0xa2, 0x93, 0x54, 0x63, 0x74, 0x44, 0x43,
    0x23, 0x23, 0x33, 0x64, 0x36, 0x73, 0x53, 0x26, 0x13, 0x29, 0x22, 0x33, 0x36, 0x73, 0x53, 0x26, 0x78, 0x14, 0x23, 0x33, 0x12, 0x13, 0x33, 0x53,
    0x23, 0x12, 0x13, 0x37, 0x15, 0x23, 0x33, 0x34, 0x34, 0x34, 0x23, 0x34, 0x33, 0x53, 0x34, 0x3f, 0x92, 0xf1, 0x59, 0x4f, 0x83, 0xf1, 0x68, 0x65,
    0x35, 0x25, 0x65, 0x35, 0x85, 0xff, 0x93, 0xff, 0xfc, 0x3f, 0xff, 0xc3, 0xff, 0xff, 0xff, 0xff, 0xff, 0xff, 0xff, 0xff, 0xff, 0xff, 0xff, 0xff,
    0xff, 0xff, 0xff, 0xff, 0xff, 0xff, 0xf7, 0xff, 0xff, 0xff, 0xff, 0xff, 0x11, 0xff, 0x31, 0xff, 0x51, 0xff, 0xa5, 0xf2, 0x4f, 0xf0, 0x4f, 0xf2,
    0x4f, 0xf8, 0x7f, 0x23, 0xff, 0x13, 0xff, 0x33, 0xff, 0x83, 0x14, 0xf1, 0x3f, 0xf1, 0x3f, 0xf3, 0x3f, 0xf8, 0x8f, 0x13, 0xff, 0x13, 0xff, 0x33,
    0xff, 0x97, 0x3f, 0x15, 0x76, 0xf1, 0x3a, 0x7f, 0x14, 0x54, 0x16, 0x27, 0x53, 0x84, 0xf1, 0x49, 0x5f, 0x12, 0xb7, 0xf1, 0x37, 0x33, 0x44, 0x3f,
    0x34, 0xe5, 0xb4, 0xe4, 0xb7, 0xe4, 0x82, 0x53, 0x43, 0xf3, 0xb2, 0x51, 0x34, 0x54, 0xe4, 0x33, 0xf7, 0x25, 0x13, 0x32, 0x33, 0x44, 0x42, 0x33,
    0x44, 0x46, 0x32, 0x32, 0x42, 0x37, 0x44, 0x37, 0x42, 0x3f, 0x23, 0x23, 0x24, 0x28, 0x43, 0x54, 0x13, 0x42, 0x63, 0x46, 0x13, 0x33, 0x23, 0x32,
    0x33, 0x26, 0x73, 0x28, 0xa6, 0x13, 0x33, 0x28, 0x44, 0x53, 0x24, 0x54, 0x14, 0x36, 0x73, 0x23, 0x24, 0x23, 0x26, 0x73, 0x37, 0xa6, 0x73, 0x27,
    0x53, 0x63, 0x24, 0x45, 0x14, 0x33, 0x12, 0x13, 0x33, 0x23, 0x15, 0x23, 0x23, 0x12, 0x13, 0x33, 0x27, 0xb3, 0x12, 0x13, 0x33, 0x23, 0x93, 0x63,
    0x15, 0x4a, 0x33, 0x34, 0x33, 0x23, 0x13, 0x34, 0x23, 0x34, 0x33, 0x23, 0xf0, 0x33, 0x43, 0x32, 0x56, 0x54, 0x41, 0x36, 0x21, 0x64, 0xf1, 0x23,
    0x19, 0x3f, 0x12, 0x5d, 0xf1, 0x3f, 0x72, 0x72, 0x94, 0xf1, 0x23, 0x27, 0x4f, 0x12, 0x5d, 0xf1, 0x4b, 0x28, 0x27, 0x28, 0x75, 0x16, 0x43, 0x35,
    0x75, 0x35, 0x44, 0xf0, 0x53, 0x48, 0x84, 0x64, 0x55, 0x5e, 0x45, 0x4f, 0xff, 0xb3, 0xff, 0xff, 0x4c, 0xff, 0xfb, 0x3f, 0xd3, 0xff, 0x4a, 0xff,
    0xfc, 0x3f, 0xb6, 0xff, 0x65, 0xff, 0xff, 0xfd, 0x22, 0x3f, 0xff, 0xff, 0xff, 0xf7, 0x33, 0x2f, 0xff, 0xff, 0xff, 0xf7, 0x33, 0x3f, 0xff, 0xff,
    0xff, 0xf6, 0x33, 0x3f, 0xff, 0xff, 0xff, 0xf6, 0x24, 0x3f, 0xff, 0xff, 0xff, 0xff, 0xff, 0xff, 0xff, 0xff, 0xff, 0xff, 0xff, 0xff, 0xff, 0xff,
    0xff, 0xff, 0xff, 0xff, 0x40, 0xff, 0xff, 0xff, 0xff, 0xff, 0xf4, 0x1e, 0x1f, 0x91, 0xff, 0xa5, 0xff, 0xc3, 0xc3, 0xf6, 0x4f, 0xf8, 0x7f, 0xfb,
    0x3c, 0x4f, 0x63, 0xff, 0x83, 0x14, 0xff, 0xb3, 0xc3, 0xf6, 0x3f, 0xf8, 0x8f, 0xfa, 0x4b, 0x4f, 0x63, 0xff, 0x97, 0x55, 0x55, 0x51, 0x5d, 0x2d,
    0x8f, 0x14, 0x54, 0x15, 0x28, 0x53, 0x85, 0x72, 0x83, 0x34, 0xc3, 0xc9, 0xf1, 0x37, 0x33, 0x34, 0x4f, 0x34, 0x82, 0x82, 0x53, 0xb4, 0xba, 0xe4,
    0x82, 0x52, 0x44, 0xf3, 0x43, 0x23, 0x23, 0x24, 0x25, 0x76, 0x53, 0x44, 0xf1, 0x25, 0x13, 0x32, 0x33, 0x43, 0x43, 0x33, 0x44, 0x44, 0x82, 0x32,
    0x43, 0x46, 0x83, 0x36, 0x3b, 0x32, 0x32, 0x42, 0x84, 0x34, 0x42, 0x34, 0x26, 0x34, 0x82, 0x32, 0x44, 0x36, 0x31, 0x43, 0x37, 0x38, 0x61, 0x33,
    0x32, 0x84, 0x44, 0x33, 0x45, 0x41, 0x43, 0x73, 0x32, 0x44, 0x32, 0x31, 0x92, 0x37, 0x38, 0x67, 0x32, 0x75, 0x35, 0x33, 0x44, 0x51, 0x43, 0x37,
    0x33, 0x34, 0x32, 0x32, 0x82, 0x36, 0x48, 0x31, 0x21, 0x33, 0x32, 0x39, 0x35, 0x32, 0x54, 0xa3, 0x45, 0x43, 0x34, 0x32, 0x45, 0x42, 0x44, 0x58,
    0x33, 0x43, 0x32, 0x56, 0x44, 0x42, 0x36, 0x21, 0x65, 0xb4, 0xa2, 0xc4, 0xb9, 0xf1, 0x3f, 0x63, 0x72, 0x96, 0xa5, 0x84, 0xa5, 0xaa, 0xf1, 0x4b,
    0x18, 0x37, 0x28, 0x96, 0x86, 0x77, 0x87, 0xd5, 0x34, 0x88, 0x36, 0x55, 0x55, 0xff, 0xff, 0xf2, 0x3f, 0xff, 0xff, 0xf3, 0x4f, 0xe3, 0xfd, 0x3f,
    0xff, 0xf1, 0x6f, 0xd3, 0xfb, 0x6f, 0xff, 0xf0, 0x22, 0x2f, 0xff, 0xc2, 0x23, 0xff, 0xfe, 0x22, 0x2f, 0xff, 0xb3, 0x32, 0xff, 0xf8, 0xcf, 0xff,
    0xb3, 0x33, 0xff, 0xf7, 0xbf, 0xff, 0xc3, 0x33, 0xff, 0xff, 0xff, 0xff, 0x02, 0x43, 0xff, 0xff, 0xff, 0xff, 0xff, 0xff, 0xff, 0xff, 0xff, 0xff,
    0xff, 0xff, 0xff, 0xff, 0xff, 0xff, 0xff, 0xfa, 0xff, 0xfa, 0x1f, 0x01, 0xf6, 0x3d, 0x3f, 0x53, 0xd3, 0xf5, 0x3d, 0x3f, 0x53, 0xd3, 0x7f, 0x12,
    0xe7, 0xf1, 0x2e, 0x7e, 0x4c, 0xf0, 0x3f, 0x02, 0xf0, 0xd9, 0x32, 0x37, 0xf1, 0x43, 0x12, 0x33, 0x7f, 0x12, 0x65, 0x37, 0x33, 0x43, 0x32, 0x74,
    0x37, 0x33, 0x43, 0x32, 0x31, 0x43, 0x37, 0xf1, 0x23, 0x29, 0x7f, 0x12, 0x33, 0x89, 0x52, 0x54, 0x34, 0x5f, 0xff, 0xff, 0x34, 0xff, 0x46, 0xff,
    0x32, 0x22, 0xff, 0x32, 0x22, 0xfc, 0xcf, 0xcb, 0xff, 0xff, 0xff, 0xff, 0xff, 0xff, 0xf3, 0xff, 0xff, 0xff, 0xff, 0xff, 0x65, 0xff, 0xc7, 0xff,
    0xb3, 0x13, 0xff, 0x35, 0x38, 0x2f, 0x4a, 0x72, 0x82, 0xf6, 0x88, 0x26, 0x3f, 0x77, 0x32, 0x34, 0x48, 0x67, 0x47, 0x22, 0x32, 0x86, 0x87, 0x48,
    0x43, 0x86, 0x31, 0x43, 0x23, 0x37, 0x45, 0x72, 0x31, 0x91, 0x42, 0x36, 0x43, 0x33, 0x33, 0x32, 0xd2, 0x36, 0x33, 0x43, 0x42, 0x45, 0x73, 0x46,
    0xf2, 0x2c, 0x19, 0x7f, 0x14, 0xa3, 0x89, 0x53, 0x57, 0x75, 0x5f, 0xff, 0xff, 0xf7, 0x4f, 0xfd, 0x6f, 0xfc, 0x22, 0x2f, 0xfc, 0x22, 0x2f, 0xf6,
    0xcf, 0xf6, 0xbf, 0xff, 0xff, 0xff, 0xff, 0xff, 0xff, 0xff, 0xf2, 0xff, 0xff, 0xff, 0xff, 0x65, 0xff, 0xa8, 0xff, 0x89, 0xff, 0x73, 0x25, 0x5f,
    0x6a, 0xa5, 0xf8, 0x86, 0x13, 0x5f, 0x99, 0x32, 0x4a, 0x2c, 0x4b, 0x7a, 0x32, 0x37, 0x49, 0x86, 0x31, 0x23, 0x33, 0x23, 0x39, 0x31, 0x44, 0x65,
    0x32, 0x42, 0x34, 0x41, 0x93, 0x74, 0x31, 0x52, 0x35, 0x32, 0x83, 0x31, 0x43, 0x31, 0x33, 0x45, 0x36, 0x34, 0x32, 0x91, 0x96, 0xc4, 0x33, 0x82,
    0x82, 0x23, 0xa5, 0x34, 0x55, 0x55, 0x24, 0x7f, 0xf3, 0x2f, 0xfa, 0x6f, 0xf9, 0x7f, 0xf6, 0x34, 0x2f, 0xf6, 0x45, 0x2f, 0xf5, 0x21, 0x42, 0x2f,
    0xf5, 0xbf, 0xf6, 0x41, 0x4f, 0xff, 0xff, 0xff, 0xff, 0xff, 0xff, 0x50, 0xff, 0xff, 0xc6, 0xff, 0xfd, 0x9f, 0xff, 0xab, 0xff, 0xf9, 0x32, 0x7f,
    0xff, 0x8d, 0xff, 0xa2, 0xb6, 0x24, 0x3f, 0x48, 0x54, 0x4b, 0x35, 0x42, 0xf6, 0x58, 0x25, 0xf3, 0x42, 0xf7, 0x48, 0x35, 0xf3, 0x32, 0x42, 0x66,
    0x44, 0x93, 0x46, 0x39, 0x33, 0x22, 0x86, 0x43, 0x51, 0x34, 0x34, 0x68, 0x34, 0x62, 0x32, 0x23, 0x34, 0x32, 0x34, 0x43, 0x68, 0x32, 0x73, 0x31,
    0x42, 0x33, 0x51, 0x34, 0x42, 0x32, 0x21, 0x34, 0x32, 0x45, 0x92, 0x32, 0xa4, 0x42, 0x34, 0x43, 0x42, 0x35, 0x41, 0x33, 0x41, 0xb4, 0x34, 0xf1,
    0x3c, 0x19, 0x2f, 0x34, 0xf1, 0x3b, 0x38, 0x3f, 0x17, 0x53, 0x56, 0x76, 0x56, 0x54, 0x5f, 0xff, 0xff, 0xff, 0xff, 0xff, 0xff, 0xff, 0xff, 0xff,
    0xff, 0xff, 0xff, 0xff, 0xff, 0xff, 0xff, 0xff, 0xff, 0xff, 0xff, 0xff, 0xff, 0xff, 0xff, 0xff, 0xf4, 0xff, 0xff, 0xff, 0xff, 0xc1, 0xff, 0xff,
    0xff, 0x63, 0xff, 0xff, 0xff, 0x53, 0xff, 0xff, 0xff, 0x53, 0xff, 0xff, 0xff, 0x53, 0xff, 0xff, 0x65, 0x45, 0x4e, 0x22, 0x6f, 0x46, 0xf7, 0x87,
    0x27, 0x3e, 0x24, 0x4f, 0x64, 0xf9, 0x58, 0x28, 0x2c, 0x44, 0x4f, 0x73, 0xfa, 0x43, 0x23, 0x23, 0x23, 0xb4, 0x44, 0x43, 0x44, 0x64, 0x44, 0x54,
    0x74, 0x48, 0x32, 0x23, 0xc4, 0x44, 0x23, 0x63, 0x74, 0x24, 0x83, 0x74, 0x3e, 0x13, 0x43, 0x63, 0x53, 0x23, 0x73, 0x22, 0x33, 0x23, 0x93, 0x32,
    0x33, 0x37, 0x16, 0x13, 0x27, 0x43, 0x53, 0x23, 0x73, 0x14, 0x23, 0x23, 0x93, 0x24, 0x23, 0x33, 0x5a, 0x27, 0x43, 0x53, 0x23, 0x69, 0x23, 0x23,
    0x33, 0x39, 0x23, 0x35, 0x85, 0x23, 0x14, 0x33, 0x44, 0x24, 0x48, 0x34, 0x23, 0x34, 0x23, 0x13, 0x34, 0x4f, 0x13, 0x32, 0xf1, 0x4b, 0x19, 0x3f,
    0x01, 0x96, 0xe4, 0x33, 0xf0, 0x4a, 0x38, 0x4e, 0x28, 0x98, 0x73, 0x45, 0x26, 0x77, 0x55, 0x74, 0x35, 0x45, 0xff, 0xff, 0xf6, 0x3f, 0xff, 0xff,
    0xf5, 0x3f, 0xff, 0xff, 0xf5, 0x3f, 0xff, 0xff, 0xff, 0xff, 0xff, 0xff, 0xff, 0xff, 0xff, 0xff, 0xff, 0xff, 0xff, 0xff, 0xff, 0xff, 0xff, 0xff,
    0xff, 0xff, 0xff, 0xff, 0xff, 0xff, 0xff, 0xff, 0xff, 0xff, 0xff, 0xf0, 0xff, 0xff, 0x85, 0xff, 0x21, 0xf2, 0x7f, 0xf0, 0x3f, 0x13, 0x13, 0xff,
    0x04, 0xf0, 0x32, 0x3f, 0xf0, 0x3f, 0x11, 0x24, 0xfe, 0x47, 0x53, 0x79, 0x53, 0xf2, 0x67, 0x27, 0x87, 0x2f, 0x17, 0x81, 0x68, 0x82, 0xe8, 0x42,
    0xa8, 0x32, 0x48, 0x2e, 0x22, 0xa9, 0x32, 0x43, 0x32, 0x33, 0x39, 0x51, 0x61, 0x17, 0x82, 0x61, 0x31, 0x11, 0x38, 0x48, 0x37, 0x82, 0x64, 0x31,
    0x36, 0x43, 0x33, 0x46, 0x64, 0x31, 0x21, 0x31, 0x66, 0x33, 0x43, 0x46, 0x37, 0x33, 0x41, 0x66, 0xf1, 0x24, 0x24, 0x5f, 0x26, 0xf1, 0x16, 0x15,
    0x4f, 0x19, 0x53, 0x52, 0x31, 0x13, 0x37, 0x53, 0x6f, 0x93, 0x71, 0xf4, 0x1f, 0x64, 0x13, 0xfa, 0x5f, 0x35, 0x13, 0xf8, 0x7f, 0x22, 0x12, 0x22,
    0xf8, 0x21, 0x11, 0x3f, 0x23, 0x32, 0xf7, 0x31, 0x12, 0x2f, 0x13, 0x42, 0xf8, 0x23, 0x3f, 0x13, 0x33, 0xf8, 0x7f, 0x28, 0xfa, 0x5f, 0x55, 0xff,
    0xff, 0xff, 0xff, 0xff, 0xff, 0xf7, 0xff, 0xff, 0xf3, 0x1f, 0xff, 0xe4, 0xff, 0xfe, 0x3f, 0xff, 0xe3, 0xff, 0xfe, 0x3f, 0xff, 0x1f, 0x13, 0x1b,
    0x77, 0x54, 0x17, 0xf1, 0x24, 0x7a, 0x57, 0x33, 0x5e, 0x45, 0x6b, 0x38, 0x25, 0xf0, 0x44, 0x45, 0x45, 0x42, 0x32, 0x33, 0x46, 0x37, 0x44, 0x44,
    0x37, 0x32, 0x84, 0x34, 0x67, 0x35, 0x34, 0x33, 0x22, 0x41, 0x84, 0x43, 0x67, 0x35, 0x34, 0x32, 0x42, 0x31, 0x75, 0x34, 0x31, 0x21, 0x33, 0x35,
    0x34, 0x31, 0x51, 0x41, 0x39, 0x34, 0x33, 0x43, 0x43, 0x53, 0x31, 0x33, 0x32, 0x56, 0x44, 0xff, 0x11, 0x93, 0xd5, 0xff, 0x12, 0x75, 0xb8, 0x53,
    0x52, 0x52, 0x55, 0x58, 0x8f, 0xff, 0xff, 0xff, 0xff, 0xff, 0xff, 0xff, 0xff, 0xff, 0xff, 0xff, 0xff, 0xff, 0xff, 0xff, 0xff, 0xff, 0xff, 0xff,
    0xff, 0xff, 0xff, 0xff, 0xff, 0xe0, 0xff, 0xff, 0xff, 0xff, 0xf4, 0x1f, 0xff, 0xff, 0xfc, 0x2f, 0x14, 0xff, 0xff, 0xff, 0xa3, 0xf2, 0x3f, 0xff,
    0xff, 0xfa, 0x4f, 0x13, 0xff, 0xff, 0xff, 0xb3, 0xf1, 0x3f, 0xff, 0xff, 0xfa, 0x43, 0xf1, 0x57, 0x6f, 0x86, 0xa2, 0xf8, 0x6f, 0x13, 0xf1, 0x49,
    0x5f, 0xa3, 0xb2, 0xfa, 0x4f, 0x04, 0xe5, 0xb4, 0xfb, 0x2b, 0x2f, 0xb3, 0xec, 0x25, 0x13, 0x45, 0x4e, 0x47, 0x42, 0x3f, 0x22, 0xd4, 0x44, 0x55,
    0x63, 0x23, 0x24, 0x23, 0x74, 0x43, 0x74, 0x74, 0x13, 0xc3, 0x23, 0x33, 0x74, 0x24, 0x56, 0x46, 0x13, 0x33, 0x23, 0x32, 0x33, 0x26, 0x73, 0x32,
    0x33, 0x18, 0x56, 0x13, 0x11, 0x13, 0x32, 0x33, 0x23, 0x62, 0x13, 0x46, 0x73, 0x23, 0x24, 0x23, 0x26, 0x73, 0x24, 0x23, 0x27, 0x56, 0x43, 0x13,
    0x14, 0x23, 0x23, 0x67, 0x33, 0x12, 0x13, 0x33, 0x23, 0x15, 0x23, 0x23, 0x12, 0x13, 0x33, 0x15, 0x23, 0x17, 0x63, 0x12, 0x13, 0x1b, 0x23, 0x23,
    0x33, 0x16, 0x33, 0x34, 0x33, 0x23, 0x13, 0x34, 0x23, 0x34, 0x33, 0x13, 0x34, 0x13, 0xa3, 0x34, 0x19, 0x34, 0x23, 0x34, 0x33, 0x3f, 0x12, 0x31,
    0x93, 0xf1, 0x19, 0x25, 0x8f, 0xb3, 0xf1, 0x3f, 0x12, 0x32, 0x74, 0xf1, 0x28, 0x25, 0x8f, 0x12, 0x84, 0xe6, 0x51, 0x64, 0x33, 0x57, 0x53, 0x45,
    0x55, 0x4a, 0x53, 0x63, 0x57, 0x43, 0x5d, 0x45, 0x4f, 0xff, 0xf8, 0x1f, 0x53, 0xf4, 0xcf, 0xff, 0xff, 0xe3, 0xf5, 0xaf, 0xff, 0xff, 0xf0, 0x3f,
    0x85, 0xff, 0xff, 0xff, 0xff, 0xff, 0xff, 0xff, 0xff, 0xff, 0xff, 0xff, 0xff, 0xff, 0xff, 0xff, 0xff, 0xff, 0xff, 0xff, 0xff, 0xff, 0xff, 0xff,
    0xff, 0xff, 0xff, 0xff, 0xff, 0xff, 0xff, 0xff, 0xff, 0xff, 0xff, 0xff, 0xff, 0x70, 0xff, 0xff, 0xff, 0xff, 0xff, 0x71, 0xff, 0xff, 0xc2, 0xff,
    0xb3, 0xff, 0xff, 0xa3, 0xff, 0xb3, 0xff, 0xff, 0xa4, 0xff, 0xb3, 0xff, 0xff, 0xa3, 0xff, 0xa4, 0xff, 0xff, 0x94, 0x55, 0x55, 0x51, 0x5d, 0x2f,
    0x56, 0xf8, 0x6f, 0x14, 0x72, 0x83, 0x34, 0xc3, 0xf7, 0x4f, 0xa4, 0xf0, 0x48, 0x28, 0x25, 0x3b, 0x4f, 0x83, 0xfb, 0x3e, 0x53, 0x23, 0x23, 0x24,
    0x25, 0x76, 0x53, 0x44, 0x74, 0xa2, 0xd4, 0x44, 0x55, 0x48, 0x23, 0x24, 0x34, 0x68, 0x33, 0x63, 0x84, 0x43, 0x23, 0x33, 0x74, 0x24, 0x56, 0x48,
    0x23, 0x24, 0x43, 0x63, 0x14, 0x33, 0x73, 0x32, 0x33, 0x26, 0x13, 0x11, 0x13, 0x32, 0x33, 0x23, 0x62, 0x13, 0x47, 0x33, 0x24, 0x43, 0x23, 0x19,
    0x23, 0x73, 0x24, 0x23, 0x26, 0x43, 0x13, 0x14, 0x23, 0x23, 0x67, 0x33, 0x73, 0x33, 0x43, 0x23, 0x28, 0x23, 0x64, 0x15, 0x23, 0x23, 0x12, 0x13,
    0x1b, 0x23, 0x23, 0x33, 0x16, 0x34, 0x54, 0x33, 0x43, 0x24, 0x54, 0x24, 0x45, 0x13, 0x34, 0x23, 0x34, 0x19, 0x34, 0x23, 0x34, 0x33, 0x4b, 0x4a,
    0x2c, 0x4b, 0x29, 0x3f, 0xb3, 0xf1, 0x5a, 0x58, 0x4a, 0x5a, 0x48, 0x3f, 0x12, 0x84, 0xe8, 0x68, 0x67, 0x78, 0x76, 0x57, 0x53, 0x63, 0x57, 0x43,
    0x5f, 0xff, 0xff, 0xd1, 0xf5, 0x3f, 0xff, 0x34, 0xff, 0xff, 0x23, 0xff, 0xf2, 0x6f, 0xff, 0xf1, 0x3f, 0xff, 0x22, 0x22, 0xff, 0xff, 0xff, 0xf6,
    0x22, 0x2f, 0xff, 0xff, 0xff, 0x0c, 0xff, 0xff, 0xff, 0xf0, 0xbf, 0xff, 0xff, 0xff, 0xff, 0xff, 0xff, 0xff, 0xff, 0xff, 0xff, 0xff, 0xff, 0xff,
    0xff, 0xff, 0xff, 0xff, 0xff, 0xff, 0xff, 0xff, 0xd0, 0xff, 0xff, 0xa2, 0xf4, 0x1f, 0xf5, 0x3f, 0x24, 0xff, 0x53, 0xf2, 0x3f, 0xf5, 0x3f, 0x23,
    0xff, 0x53, 0xf2, 0x3f, 0xad, 0x4f, 0x15, 0x53, 0x57, 0xc5, 0xf1, 0x3f, 0x25, 0xb6, 0xe5, 0xf3, 0x44, 0x26, 0xf1, 0x44, 0x33, 0x44, 0x45, 0x22,
    0x86, 0x37, 0x43, 0x34, 0x26, 0x36, 0x62, 0x34, 0x67, 0x34, 0x45, 0x41, 0x43, 0x73, 0x34, 0x67, 0x34, 0x44, 0x51, 0x43, 0x45, 0x44, 0x31, 0x21,
    0x33, 0x33, 0x54, 0xa3, 0x35, 0x45, 0x33, 0x43, 0x33, 0x36, 0x21, 0x64, 0xc5, 0xf1, 0x37, 0x29, 0x4b, 0x32, 0x1f, 0x13, 0x72, 0x87, 0x75, 0x32,
    0x53, 0x55, 0x54, 0x6f, 0x62, 0xff, 0xfb, 0x2f, 0xff, 0xa3, 0xff, 0xf9, 0x3f, 0xff, 0x3a, 0xff, 0xf3, 0x9f, 0xff, 0x47, 0xff, 0xff, 0xff, 0xff,
    0xff, 0xff, 0xff, 0xff, 0xff, 0xff, 0xff, 0x30, 0xff, 0xff, 0xc1, 0x66, 0xf7, 0x1f, 0x53, 0x49, 0xf4, 0x3f, 0x43, 0x3b, 0xf3, 0x4f, 0x33, 0x33,
    0x27, 0xf3, 0x3f, 0x33, 0x3d, 0xf1, 0x46, 0xf0, 0x46, 0x24, 0x3f, 0x26, 0xf0, 0x54, 0x43, 0x3f, 0x17, 0xee, 0x42, 0xea, 0x45, 0x4f, 0x03, 0x92,
    0xe4, 0x74, 0xe3, 0x43, 0x23, 0x33, 0x73, 0x93, 0x43, 0x73, 0x26, 0x13, 0x11, 0x13, 0x73, 0x93, 0x26, 0x63, 0x26, 0x43, 0x13, 0x63, 0x33, 0x34,
    0x17, 0x53, 0x23, 0x12, 0x13, 0x16, 0x63, 0x34, 0x23, 0x23, 0x14, 0x34, 0x23, 0x34, 0x16, 0x6f, 0x02, 0x32, 0x93, 0xf2, 0x7e, 0x23, 0x38, 0x3f,
    0x19, 0x43, 0x53, 0x34, 0x66, 0x53, 0x6d, 0x3f, 0xf9, 0x1e, 0x3f, 0xf8, 0x5b, 0x3f, 0xf7, 0x7f, 0xff, 0x52, 0x11, 0x13, 0xff, 0xf3, 0x31, 0x12,
    0x2f, 0xff, 0x42, 0x33, 0xff, 0xf4, 0x7f, 0xff, 0x65, 0xff, 0xff, 0xff, 0xff, 0xff, 0xff, 0xff, 0xf6, 0xff, 0xff, 0xf5, 0x2d, 0x1b, 0x5f, 0x51,
    0xe3, 0xc3, 0x97, 0xf3, 0x3e, 0x3b, 0x38, 0x9f, 0x24, 0xd3, 0xc3, 0x73, 0x25, 0xf2, 0x3d, 0x3b, 0x47, 0xaf, 0x14, 0x3d, 0x2d, 0x2b, 0x14, 0x2f,
    0x23, 0xc3, 0xc2, 0x71, 0x32, 0x42, 0xf1, 0x4b, 0x4b, 0x38, 0x63, 0x2e, 0x64, 0x26, 0x86, 0x24, 0x23, 0x63, 0x92, 0xc2, 0x28, 0x68, 0x22, 0x23,
    0x73, 0x43, 0x23, 0x33, 0x66, 0x23, 0x63, 0x14, 0x44, 0x83, 0x26, 0x13, 0x11, 0x13, 0x47, 0x33, 0x23, 0x19, 0x24, 0x93, 0x26, 0x43, 0x13, 0x34,
    0x54, 0x23, 0x28, 0x14, 0x33, 0x43, 0x23, 0x12, 0x13, 0x16, 0x33, 0x54, 0x34, 0x54, 0x13, 0x34, 0x34, 0x23, 0x34, 0x16, 0x3c, 0x3c, 0x2f, 0x22,
    0xf2, 0x3b, 0x5a, 0x3f, 0x13, 0xf1, 0x67, 0x97, 0x65, 0x26, 0x65, 0x36, 0xff, 0xa3, 0xf8, 0x1f, 0xfb, 0x3f, 0xff, 0xf5, 0x3f, 0xff, 0xff, 0xff,
    0xff, 0xff, 0xff, 0xff, 0xff, 0xff, 0xff, 0xff, 0xff, 0xff, 0xff, 0xff, 0xff, 0xff, 0xff, 0xff, 0xff, 0xf9, 0xff, 0xff, 0xff, 0xff, 0xf8, 0x1f,
    0xff, 0xff, 0xfc, 0x1f, 0x64, 0xff, 0xff, 0xff, 0xa3, 0xf6, 0x3f, 0xff, 0xff, 0xfa, 0x3f, 0x63, 0xff, 0xff, 0xff, 0xa3, 0xf6, 0x3f, 0xff, 0xff,
    0xfa, 0x38, 0xf1, 0x57, 0x6f, 0x86, 0xa3, 0x53, 0xf0, 0x5f, 0x08, 0xf1, 0x49, 0x5f, 0xa3, 0xb2, 0x72, 0xf2, 0x3f, 0x08, 0xe5, 0xb4, 0xfb, 0x2b,
    0x28, 0x2f, 0x22, 0xef, 0x12, 0x51, 0x34, 0x54, 0xe4, 0x74, 0x23, 0xa3, 0x23, 0x43, 0x84, 0x34, 0x54, 0xb3, 0x23, 0x24, 0x23, 0x74, 0x43, 0x74,
    0x74, 0x13, 0xa2, 0x23, 0x63, 0x84, 0x14, 0x74, 0x86, 0x13, 0x33, 0x23, 0x32, 0x33, 0x26, 0x73, 0x32, 0x33, 0x18, 0x74, 0x83, 0x32, 0x33, 0x13,
    0x93, 0x86, 0x73, 0x23, 0x24, 0x23, 0x26, 0x73, 0x24, 0x23, 0x27, 0x64, 0x93, 0x24, 0x23, 0x13, 0x93, 0x83, 0x12, 0x13, 0x33, 0x23, 0x15, 0x23,
    0x23, 0x12, 0x13, 0x33, 0x15, 0x23, 0x17, 0x64, 0x33, 0x43, 0x15, 0x23, 0x13, 0x33, 0x34, 0x73, 0x34, 0x33, 0x23, 0x13, 0x34, 0x23, 0x34, 0x33,
    0x13, 0x34, 0x13, 0xa3, 0x34, 0x34, 0x13, 0x34, 0x13, 0x34, 0x23, 0x8f, 0x12, 0x31, 0x93, 0xf1, 0x19, 0x25, 0x8f, 0x21, 0x92, 0xf0, 0x8f, 0x12,
    0x32, 0x74, 0xf1, 0x28, 0x25, 0x8f, 0x13, 0x83, 0xe2, 0x26, 0x51, 0x64, 0x33, 0x57, 0x53, 0x45, 0x55, 0x4a, 0x52, 0x65, 0x56, 0x43, 0x53, 0x3b,
    0x45, 0x4f, 0xff, 0xf1, 0x3f, 0xf7, 0x2c, 0xcf, 0xff, 0xf1, 0x3f, 0xf7, 0x2d, 0xaf, 0xff, 0xf2, 0x3f, 0xf6, 0x3f, 0x15, 0xff, 0xff, 0xff, 0xc3,
    0xff, 0xff, 0xff, 0xfc, 0xaf, 0xff, 0xff, 0xff, 0xc9, 0xff, 0xff, 0xff, 0xfd, 0x7f, 0xff, 0xff, 0xff, 0xff, 0xff, 0xff, 0xff, 0xff, 0xff, 0xff,
    0xff, 0xff, 0xff, 0xff, 0xff, 0xff, 0xff, 0xff, 0xff, 0xff, 0xfa, 0xff, 0xff, 0xff, 0xff, 0xff, 0xa1, 0xff, 0xff, 0xc1, 0xff, 0xf0, 0x3f, 0xff,
    0xfa, 0x3f, 0xfe, 0x3f, 0xff, 0xfa, 0x3f, 0xff, 0x03, 0xff, 0xff, 0x93, 0xff, 0xe4, 0xff, 0xff, 0x93, 0x95, 0x55, 0x51, 0x5d, 0x2f, 0x57, 0x53,
    0xe6, 0xf0, 0x87, 0x28, 0x33, 0x4c, 0x3f, 0x74, 0x72, 0xf1, 0x4f, 0x07, 0x82, 0x82, 0x53, 0xb4, 0xf8, 0x38, 0x2f, 0x13, 0xe8, 0x32, 0x32, 0x32,
    0x42, 0x57, 0x65, 0x34, 0x47, 0x43, 0x32, 0x34, 0x37, 0x44, 0x45, 0x48, 0x82, 0x32, 0x43, 0x46, 0x83, 0x36, 0x38, 0x42, 0x22, 0x36, 0x37, 0x42,
    0x47, 0x47, 0x82, 0x32, 0x44, 0x36, 0x31, 0x43, 0x37, 0x33, 0x23, 0x34, 0x48, 0x32, 0x23, 0x32, 0x39, 0x37, 0x73, 0x32, 0x44, 0x32, 0x31, 0x92,
    0x37, 0x32, 0x42, 0x33, 0x49, 0x31, 0x42, 0x32, 0x39, 0x37, 0x37, 0x33, 0x34, 0x32, 0x32, 0x82, 0x36, 0x41, 0x52, 0x32, 0x43, 0x34, 0x82, 0x32,
    0x33, 0x33, 0x46, 0x45, 0x43, 0x34, 0x32, 0x45, 0x42, 0x44, 0x51, 0x33, 0x42, 0x33, 0x43, 0x73, 0x42, 0x33, 0x42, 0x38, 0xb4, 0xa2, 0xc4, 0xb2,
    0x93, 0xfb, 0x3f, 0x09, 0xa5, 0x84, 0xa5, 0xa4, 0x83, 0xf1, 0x28, 0x4e, 0x12, 0x86, 0x86, 0x77, 0x87, 0x65, 0x75, 0x26, 0x45, 0x74, 0x35, 0x23,
    0xff, 0xff, 0xf4, 0x3f, 0xf6, 0x2f, 0xfb, 0x4f, 0xf4, 0x3f, 0xf6, 0x2f, 0xfa, 0x6f, 0xf3, 0x3f, 0xf5, 0x3f, 0xfa, 0x22, 0x2f, 0xff, 0xfa, 0x3f,
    0xfb, 0x22, 0x2f, 0xff, 0xf3, 0xaf, 0xf5, 0xcf, 0xff, 0xf3, 0x9f, 0xf6, 0xbf, 0xff, 0xf4, 0x7f, 0xff, 0xff, 0xff, 0xff, 0xff, 0xff, 0xff, 0xff,
    0xff, 0xff, 0xff, 0xff, 0xff, 0xff, 0xff, 0xff, 0xff, 0xff, 0xff, 0xf5, 0xff, 0xff, 0x75, 0xfd, 0x1f, 0x97, 0xfa, 0x44, 0x5e, 0x31, 0x4f, 0xa3,
    0x38, 0xc3, 0x23, 0xfa, 0x33, 0x9f, 0x04, 0xfa, 0x33, 0x32, 0x55, 0xc5, 0x53, 0xf1, 0x3a, 0x5c, 0x47, 0x2f, 0x13, 0x61, 0x35, 0xb4, 0x82, 0xe7,
    0x32, 0x45, 0x34, 0x43, 0x32, 0x4c, 0x48, 0x74, 0x36, 0x33, 0x32, 0x43, 0x37, 0x46, 0x84, 0x37, 0x32, 0x82, 0x67, 0x36, 0x31, 0x44, 0x37, 0x32,
    0x82, 0x67, 0x31, 0x41, 0x93, 0x36, 0x42, 0x64, 0x31, 0x21, 0x33, 0x32, 0x32, 0x83, 0x44, 0x52, 0x37, 0x33, 0x43, 0x32, 0x36, 0x35, 0xb4, 0x45,
    0xf1, 0x2c, 0x5a, 0x55, 0x4f, 0x13, 0xa8, 0x77, 0x37, 0x53, 0x56, 0x7f, 0xa1, 0xff, 0xff, 0xff, 0xff, 0xff, 0xff, 0xff, 0xff, 0xff, 0xff, 0xff,
    0xff, 0xff, 0xff, 0xff, 0xff, 0xff, 0xff, 0xff, 0xff, 0xff, 0xff, 0xfb, 0xf5, 0x1f, 0xfe, 0x5d, 0x4f, 0xa2, 0x22, 0xb7, 0xf8, 0x22, 0x3a, 0x13,
    0x4f, 0x75, 0x11, 0xa5, 0x12, 0xf9, 0x13, 0x1a, 0x43, 0x27, 0x34, 0x45, 0x6f, 0x22, 0x55, 0x26, 0x38, 0xf1, 0x24, 0x22, 0x23, 0x13, 0x21, 0x24,
    0x3f, 0x12, 0x4c, 0x12, 0x21, 0x32, 0x12, 0xf1, 0x14, 0x11, 0x22, 0x61, 0x23, 0x43, 0x16, 0x37, 0x14, 0x2b, 0x21, 0x45, 0x15, 0x56, 0x14, 0x2a,
    0x22, 0x17, 0x25, 0x13, 0x24, 0x25, 0x28, 0x32, 0x17, 0x25, 0x14, 0x23, 0x26, 0xb3, 0x92, 0x22, 0x23, 0x68, 0x86, 0x65, 0x12, 0x24, 0x4f, 0xf4,
    0x1f, 0xfc, 0x5f, 0xf9, 0x12, 0x5f, 0xf8, 0x35, 0x1f, 0xf8, 0x11, 0x11, 0x13, 0x1f, 0xf8, 0x9f, 0xf9, 0x31, 0x4f, 0xff, 0xff, 0xff, 0xff, 0xff,
    0xff, 0x90, 0xff, 0xb1, 0xff, 0xd5, 0xf0, 0x2a, 0x2c, 0x22, 0x2e, 0x2b, 0x1c, 0x6f, 0x01, 0xb2, 0xd1, 0x12, 0xe2, 0xb2, 0xf0, 0x23, 0x52, 0x62,
    0xa4, 0x52, 0x41, 0x23, 0x61, 0x44, 0x94, 0xe3, 0x23, 0x24, 0x24, 0x25, 0x23, 0x15, 0x24, 0x24, 0x13, 0x16, 0x22, 0x27, 0x13, 0x2b, 0x16, 0x28,
    0x12, 0x18, 0x23, 0x34, 0x32, 0x24, 0x29, 0x21, 0x18, 0x22, 0x43, 0x51, 0x23, 0x24, 0x15, 0x21, 0x27, 0x13, 0x16, 0x21, 0x21, 0x23, 0x23, 0x33,
    0x22, 0x26, 0x23, 0x16, 0x23, 0x24, 0xd3, 0x84, 0x52, 0x75, 0xb5, 0x66, 0x43, 0x5b, 0x1f, 0xff, 0x01, 0xff, 0xff, 0xff, 0xff, 0xff, 0xff, 0xff,
    0xff, 0xff, 0xff, 0xff, 0xff, 0xff, 0xff, 0xff, 0x10, 0xff, 0xff, 0xff, 0xd2, 0x64, 0xff, 0x52, 0x56, 0xff, 0x51, 0x51, 0x33, 0xff, 0x32, 0x52,
    0x15, 0xfa, 0x95, 0x51, 0x24, 0xf0, 0x67, 0x91, 0x32, 0x4f, 0x15, 0x98, 0x54, 0x96, 0x24, 0x97, 0x64, 0x97, 0x24, 0x23, 0x28, 0x22, 0x34, 0x23,
    0x28, 0x23, 0x25, 0x24, 0x12, 0x73, 0x25, 0x22, 0x32, 0x23, 0x25, 0x24, 0x14, 0x12, 0x23, 0x25, 0x21, 0x42, 0x23, 0x25, 0x24, 0x26, 0x23, 0x25,
    0x21, 0x24, 0x15, 0x75, 0x95, 0x73, 0x66, 0x53, 0x23, 0x67, 0x55, 0x4f, 0x11, 0xff, 0xa3, 0x32, 0x93, 0xfb, 0x52, 0x28, 0x5f, 0xa2, 0x12, 0x22,
    0x81, 0x22, 0xfa, 0x52, 0x23, 0xaf, 0xa3, 0x32, 0x3a, 0xfc, 0x7f, 0xfb, 0x5f, 0xff, 0xff, 0xff, 0xff, 0xff, 0xa0, 0x91, 0xff, 0xf7, 0x1b, 0x5f,
    0xff, 0x35, 0x82, 0x22, 0xfb, 0x3f, 0x42, 0x22, 0x82, 0x22, 0xf9, 0x5f, 0x36, 0xc2, 0xf9, 0x13, 0x2f, 0x41, 0x12, 0xb2, 0xfa, 0x22, 0x2f, 0x62,
    0x3a, 0x66, 0x73, 0x36, 0x95, 0x24, 0x12, 0x39, 0x68, 0x55, 0x34, 0x9e, 0x52, 0x52, 0x43, 0x52, 0x32, 0x31, 0x24, 0x42, 0x41, 0x52, 0x42, 0x42,
    0x71, 0x42, 0x62, 0x32, 0x22, 0x25, 0x16, 0x22, 0xb1, 0x41, 0x82, 0x32, 0x71, 0x36, 0x12, 0x33, 0x32, 0x33, 0x43, 0x22, 0x31, 0x82, 0x32, 0x23,
    0x21, 0x34, 0x31, 0x52, 0x41, 0x24, 0x35, 0x12, 0x32, 0x71, 0x42, 0x14, 0x21, 0x32, 0x51, 0x51, 0x52, 0x11, 0x62, 0x12, 0x12, 0x32, 0x63, 0x32,
    0x12, 0x32, 0x32, 0x52, 0x33, 0x41, 0x21, 0x62, 0x32, 0x5f, 0x01, 0x74, 0x24, 0xd2, 0x52, 0x76, 0x63, 0x43, 0x56, 0x33, 0x43, 0x44, 0x43, 0x5f,
    0xf5, 0x2f, 0xff, 0xff, 0xff, 0xff, 0xff, 0xff, 0xff, 0xff, 0xff, 0xff, 0xff, 0xff, 0xff, 0xff, 0xff, 0xff, 0xff, 0xff, 0xff, 0xff, 0xff, 0xff,
    0xfd, 0xff, 0xb1, 0xff, 0xff, 0x85, 0xff, 0xa2, 0xf4, 0x23, 0x22, 0x2f, 0xf9, 0x2f, 0x42, 0x32, 0x23, 0xff, 0x91, 0xf5, 0x13, 0x51, 0x1f, 0xf8,
    0x2f, 0x42, 0x51, 0x31, 0xfc, 0xd2, 0x27, 0xa5, 0x64, 0xf1, 0x6b, 0x43, 0x69, 0x58, 0x3f, 0x2f, 0x02, 0x52, 0x62, 0x42, 0x42, 0x43, 0x42, 0x52,
    0x62, 0x61, 0x82, 0x52, 0x52, 0x52, 0x41, 0x32, 0x12, 0x22, 0x71, 0x72, 0x35, 0x62, 0x52, 0x42, 0x62, 0x54, 0x31, 0x21, 0x82, 0x62, 0x32, 0x12,
    0x71, 0x61, 0x42, 0x62, 0x34, 0x51, 0x21, 0x82, 0x13, 0x22, 0x31, 0x52, 0x41, 0x61, 0x42, 0x71, 0x31, 0x72, 0x22, 0x71, 0x14, 0x22, 0x31, 0x43,
    0x33, 0x42, 0x42, 0x71, 0x31, 0x72, 0x22, 0x62, 0x12, 0x41, 0x4f, 0x54, 0x27, 0x13, 0x94, 0x83, 0x65, 0x52, 0x42, 0x43, 0x21, 0x27, 0x14, 0x67,
    0x65, 0x4f, 0xc1, 0xff, 0xff, 0x43, 0x32, 0xff, 0xff, 0x25, 0x22, 0xff, 0xff, 0x22, 0x12, 0x22, 0xff, 0xff, 0x25, 0x22, 0xff, 0xff, 0x23, 0x32,
    0xff, 0xff, 0x47, 0xff, 0xff, 0x55, 0xff, 0xff, 0xff, 0xff, 0xff, 0xff, 0xff, 0xff, 0xf5, 0xff, 0xff, 0xff, 0xff, 0xff, 0xff, 0xff, 0xff, 0xff,
    0xff, 0xff, 0x43, 0x44, 0x3f, 0x48, 0x94, 0x52, 0x62, 0xf5, 0x69, 0x42, 0x22, 0x31, 0x31, 0x32, 0x63, 0x72, 0x51, 0xca, 0x31, 0x22, 0x82, 0x82,
    0x42, 0xb1, 0x12, 0x28, 0x22, 0x92, 0x72, 0x55, 0x72, 0xa2, 0x21, 0xa2, 0x23, 0x22, 0x46, 0x72, 0xa2, 0x21, 0x51, 0x42, 0x14, 0x22, 0x42, 0xc2,
    0x83, 0x22, 0x32, 0x42, 0x12, 0x41, 0x52, 0xdb, 0x3c, 0x36, 0x53, 0xe7, 0x64, 0x24, 0x54, 0x22, 0x33, 0xff, 0xf3, 0x1f, 0xff, 0x91, 0xff, 0xf9,
    0x1f, 0xff, 0x82, 0xff, 0xf1, 0x8f, 0xff, 0x26, 0xff, 0xff, 0xff, 0xff, 0xff, 0xff, 0xff, 0xff, 0xff, 0xf6, 0xff, 0xff, 0xff, 0xff, 0xff, 0xfc,
    0x2f, 0x12, 0xd2, 0xf7, 0x2f, 0x82, 0xf2, 0x2c, 0x2f, 0x82, 0xf8, 0x1f, 0x22, 0xd1, 0xf8, 0x2f, 0x72, 0xf2, 0x2c, 0x2f, 0x82, 0x22, 0x7d, 0x21,
    0x4b, 0x2d, 0x39, 0x1b, 0x33, 0x6b, 0x32, 0x4a, 0x3b, 0x49, 0x29, 0x63, 0xb2, 0x22, 0x32, 0xb2, 0xd2, 0x31, 0xe2, 0x31, 0x72, 0x61, 0x32, 0x32,
    0x31, 0xc2, 0x41, 0x82, 0x22, 0xe1, 0x32, 0x62, 0x45, 0x62, 0x32, 0x33, 0x61, 0x25, 0x62, 0x35, 0x63, 0x62, 0x52, 0x42, 0x12, 0x71, 0x32, 0x25,
    0x52, 0x12, 0x12, 0x71, 0x26, 0x55, 0x52, 0x61, 0x41, 0x52, 0x41, 0x32, 0x21, 0x32, 0x42, 0x11, 0x52, 0x41, 0x22, 0x91, 0x32, 0x42, 0x52, 0x41,
    0x43, 0x32, 0x32, 0x21, 0x42, 0x32, 0x11, 0x43, 0x32, 0x22, 0x91, 0x42, 0x33, 0x42, 0x4d, 0x32, 0x22, 0x36, 0x2d, 0x23, 0x82, 0x36, 0x16, 0x65,
    0x15, 0x42, 0x22, 0x44, 0x45, 0x24, 0x43, 0x72, 0x44, 0x34, 0xd2, 0x62, 0xff, 0xff, 0xd8, 0xff, 0xff, 0xf0, 0x6f, 0xff, 0xff, 0xff, 0xff, 0xff,
    0xff, 0xff, 0xff, 0xff, 0xff, 0xff, 0xff, 0xff, 0xff, 0xff, 0xff, 0xff, 0xff, 0xff, 0xff, 0xff, 0xff, 0xff, 0xf1, 0xff, 0xff, 0xff, 0x72, 0xf3,
    0x2f, 0x52, 0xf4, 0x1f, 0x61, 0xf4, 0x2f, 0x42, 0xf3, 0x29, 0xd2, 0x14, 0xd9, 0xb3, 0x24, 0xbf, 0x22, 0x22, 0x32, 0x92, 0x31, 0xc1, 0x32, 0x32,
    0x31, 0x51, 0x32, 0x32, 0x95, 0x62, 0x32, 0x25, 0x32, 0x21, 0x92, 0x12, 0x71, 0x32, 0x22, 0x12, 0x32, 0x21, 0x91, 0x52, 0x41, 0x32, 0x21, 0x52,
    0x12, 0x11, 0x91, 0x43, 0x32, 0x32, 0x21, 0x43, 0x23, 0x31, 0x5d, 0x32, 0x2d, 0x15, 0x45, 0x15, 0x42, 0x35, 0x25, 0x12, 0x12, 0xa2, 0x62, 0xf0,
    0x12, 0x1e, 0x8f, 0x03, 0x12, 0xe6, 0xf0, 0x51, 0x2f, 0xf4, 0x12, 0x13, 0x1f, 0xf5, 0x24, 0x1f, 0xf5, 0x14, 0x2f, 0xf5, 0x7f, 0xf6, 0x5f, 0xff,
    0xff, 0xff, 0xf9, 0xf9, 0x2f, 0xff, 0xc5, 0xff, 0xfb, 0x22, 0x2f, 0xff, 0xa2, 0x31, 0xff, 0xff, 0x01, 0xff, 0xfe, 0x2f, 0xf7, 0x34, 0x43, 0x95,
    0x33, 0xf4, 0x75, 0x26, 0x29, 0x45, 0x2f, 0x55, 0x22, 0x23, 0x13, 0x13, 0x13, 0x21, 0x13, 0x23, 0x18, 0x23, 0x17, 0x24, 0xa3, 0x13, 0x13, 0x21,
    0x22, 0x22, 0x24, 0x13, 0x23, 0x27, 0x23, 0x11, 0x22, 0x84, 0x43, 0x12, 0x62, 0x53, 0x22, 0x17, 0x23, 0x2a, 0x22, 0x45, 0x12, 0x44, 0x21, 0x23,
    0x22, 0x12, 0x32, 0x23, 0x2a, 0x22, 0x17, 0x22, 0x26, 0x15, 0x21, 0x21, 0x11, 0x42, 0x24, 0x28, 0x32, 0x16, 0x32, 0x26, 0x14, 0x32, 0x31, 0x24,
    0x16, 0xb3, 0x94, 0x25, 0xd2, 0x68, 0x76, 0x67, 0x34, 0x52, 0x53, 0x4f, 0xf6, 0x2f, 0x01, 0xff, 0x41, 0x31, 0xff, 0xf9, 0x9f, 0xff, 0x72, 0x13,
    0x12, 0xff, 0xf7, 0x22, 0x13, 0x1f, 0xff, 0x72, 0x52, 0xff, 0xf8, 0x15, 0x1f, 0xff, 0xff, 0xff, 0xff, 0xff, 0xff, 0xff, 0xff, 0xf5, 0xff, 0xff,
    0xff, 0xf8, 0x2f, 0xff, 0x32, 0xff, 0xf4, 0x1f, 0xff, 0x32, 0xff, 0x7d, 0x22, 0x5f, 0x76, 0xb4, 0x34, 0xf8, 0xf0, 0x25, 0x29, 0x28, 0x15, 0x26,
    0x18, 0x25, 0x24, 0x13, 0x22, 0x24, 0x16, 0x23, 0x56, 0x25, 0x22, 0x56, 0x66, 0x23, 0x21, 0x27, 0x16, 0x12, 0x21, 0x26, 0x52, 0x32, 0x23, 0x15,
    0x24, 0x16, 0x12, 0x12, 0x12, 0x24, 0x14, 0x42, 0x23, 0x14, 0x33, 0x34, 0x22, 0x15, 0x23, 0x24, 0x24, 0x14, 0xf5, 0x2d, 0x56, 0x55, 0x24, 0x24,
    0x5b, 0x74, 0xff, 0x32, 0xff, 0xf3, 0x2f, 0xff, 0xff, 0xff, 0xff, 0xff, 0xff, 0xff, 0xff, 0xff, 0xff, 0xff, 0xff, 0xff, 0xff, 0xff, 0x30, 0xff,
    0xff, 0xff, 0xf3, 0x1f, 0xff, 0xff, 0xff, 0x55, 0xf0, 0x2f, 0xa2, 0xff, 0x02, 0xff, 0x22, 0x22, 0xe2, 0xfa, 0x2f, 0xf0, 0x2f, 0xf2, 0x6f, 0x01,
    0xfb, 0x1f, 0xf1, 0x1f, 0xf4, 0x11, 0x2e, 0x2f, 0xa2, 0xff, 0x02, 0xf1, 0x2f, 0x32, 0x3d, 0x46, 0x4d, 0x39, 0x7d, 0x43, 0x41, 0x43, 0x55, 0x24,
    0x12, 0x3b, 0x58, 0x3b, 0x49, 0x8b, 0x55, 0x32, 0x43, 0x3e, 0xa2, 0x22, 0x33, 0x52, 0xc2, 0x31, 0xf7, 0x22, 0x23, 0x22, 0x24, 0x25, 0x22, 0x15,
    0x24, 0x26, 0x13, 0x23, 0x22, 0x26, 0x24, 0x18, 0x22, 0x2f, 0x21, 0x32, 0x32, 0x26, 0x52, 0x42, 0x22, 0xb1, 0x45, 0x62, 0x22, 0x71, 0x25, 0x62,
    0x35, 0xb5, 0x62, 0x21, 0x12, 0x72, 0x42, 0x33, 0x43, 0x22, 0x32, 0x12, 0x71, 0x22, 0x23, 0x22, 0x12, 0x12, 0x71, 0x26, 0xb2, 0x12, 0x71, 0x22,
    0x92, 0x51, 0x24, 0x35, 0x12, 0x31, 0x52, 0x41, 0x22, 0x14, 0x22, 0x11, 0x52, 0x41, 0x22, 0xf0, 0x15, 0x24, 0x12, 0x29, 0x24, 0x22, 0x16, 0x21,
    0x21, 0x23, 0x14, 0x33, 0x22, 0x21, 0x23, 0x22, 0x14, 0x33, 0x22, 0x2f, 0x01, 0x43, 0x32, 0x32, 0x73, 0x42, 0x21, 0x62, 0x32, 0x4d, 0x22, 0x26,
    0x2d, 0x23, 0xed, 0x3a, 0x16, 0x35, 0x27, 0x55, 0x15, 0x32, 0x25, 0x45, 0x24, 0x43, 0xeb, 0x67, 0x34, 0x54, 0x35, 0xc2, 0x62, 0xff, 0xf3, 0x2f,
    0x92, 0xfd, 0x8f, 0xff, 0x42, 0xf8, 0x4f, 0xd6, 0xff, 0xff, 0xe2, 0x22, 0xff, 0xff, 0xff, 0xf2, 0x14, 0x1f, 0xff, 0xff, 0xff, 0x12, 0x41, 0xff,
    0xff, 0xff, 0xf1, 0x24, 0x1f, 0xff, 0xff, 0xff, 0x21, 0x41, 0xff, 0xff, 0xff, 0xff, 0xff, 0xff, 0xff, 0xff, 0xff, 0xff, 0xff, 0xff, 0xff, 0xff,
    0xff, 0xf3, 0xff, 0xff, 0xff, 0xe1, 0xff, 0xff, 0xff, 0xf1, 0x5f, 0xf5, 0x1c, 0x2f, 0x42, 0xff, 0x32, 0x22, 0xff, 0x42, 0xc1, 0xf4, 0x2f, 0xf3,
    0x6f, 0xf4, 0x2c, 0x2f, 0x41, 0xff, 0x51, 0x12, 0xff, 0x42, 0xc2, 0xf3, 0x2f, 0x22, 0xf3, 0x25, 0x34, 0x45, 0x14, 0xa3, 0xa8, 0xd4, 0x34, 0x15,
    0x35, 0x52, 0x41, 0x24, 0x52, 0x63, 0x33, 0x85, 0x99, 0xb5, 0x53, 0x25, 0x33, 0xe4, 0x22, 0x22, 0x23, 0x23, 0x36, 0x55, 0x25, 0x2e, 0x22, 0x23,
    0x22, 0x24, 0x26, 0x22, 0x15, 0x24, 0x24, 0x62, 0x23, 0x24, 0x25, 0x64, 0x27, 0x1a, 0x13, 0x23, 0x22, 0x65, 0x25, 0x22, 0x2b, 0x14, 0x11, 0x24,
    0x23, 0x25, 0x15, 0x22, 0x33, 0x18, 0x27, 0x56, 0x22, 0x11, 0x27, 0x25, 0x23, 0x34, 0x32, 0x23, 0x17, 0x23, 0x25, 0x21, 0x12, 0x73, 0x18, 0x27,
    0x21, 0x27, 0x12, 0x29, 0x26, 0x12, 0x43, 0x51, 0x23, 0x26, 0x23, 0x25, 0x21, 0x14, 0x13, 0x13, 0x27, 0x18, 0x15, 0x24, 0x12, 0x29, 0x25, 0x22,
    0x16, 0x21, 0x21, 0x23, 0x34, 0x24, 0x24, 0x22, 0x26, 0x23, 0x26, 0x28, 0x14, 0x33, 0x23, 0x27, 0x44, 0x22, 0x16, 0x23, 0x25, 0x85, 0x73, 0x85,
    0x89, 0xd3, 0xa2, 0x63, 0x52, 0x76, 0x67, 0x55, 0x67, 0x6b, 0xb6, 0x74, 0x45, 0x43, 0x5f, 0xff, 0xf5, 0x2f, 0x92, 0xff, 0xf8, 0x3f, 0xa2, 0xf8,
    0x4f, 0xff, 0x65, 0xff, 0xf3, 0x22, 0x2f, 0xff, 0x51, 0x22, 0xff, 0xf3, 0x14, 0x1f, 0xff, 0x0a, 0xff, 0xf2, 0x24, 0x1f, 0xfe, 0xaf, 0xff, 0x32,
    0x41, 0xff, 0xff, 0xff, 0xd1, 0x41, 0xff, 0xff, 0xff, 0xff, 0xff, 0xff, 0xff, 0xff, 0xff, 0xff, 0xff, 0xff, 0xff, 0xff, 0xff, 0x30, 0xff, 0xff,
    0xf4, 0x2b, 0x2f, 0x41, 0xc2, 0xf3, 0x2b, 0x2f, 0x32, 0xb2, 0x6d, 0x2b, 0x7b, 0x49, 0xc1, 0x12, 0x22, 0x82, 0x31, 0x9c, 0x71, 0x32, 0x72, 0x33,
    0x32, 0x33, 0x62, 0x61, 0x52, 0x42, 0x15, 0x52, 0x61, 0x51, 0x52, 0x11, 0x32, 0x42, 0x62, 0x33, 0x41, 0x21, 0x42, 0x32, 0x6d, 0x22, 0x36, 0x84,
    0x34, 0x32, 0x44, 0xff, 0xff, 0x73, 0xfe, 0x5f, 0xd1, 0x22, 0xf8, 0xaf, 0x7a, 0xff, 0xff, 0xff, 0xff, 0xff, 0xf2, 0xff, 0xff, 0xfd, 0x4f, 0xf4,
    0x6f, 0xf3, 0x13, 0x2f, 0xf3, 0x22, 0x2f, 0xb5, 0x26, 0x2f, 0x18, 0x63, 0x11, 0x22, 0xf2, 0x71, 0x32, 0x25, 0x65, 0x72, 0xa1, 0x27, 0x46, 0x82,
    0x72, 0x62, 0x62, 0x23, 0x72, 0x62, 0x82, 0x21, 0x27, 0x23, 0x22, 0x52, 0x41, 0x42, 0x21, 0x41, 0x31, 0x14, 0x22, 0x52, 0x33, 0x32, 0x22, 0x62,
    0x12, 0x41, 0x6d, 0x38, 0x36, 0x74, 0x34, 0x56, 0x54, 0xff, 0xff, 0xf3, 0x3f, 0xf5, 0x5f, 0xf4, 0x12, 0x2f, 0xea, 0xfd, 0xaf, 0xff, 0xff, 0xff,
    0xff, 0xff, 0xff, 0x20, 0xff, 0xff, 0xff, 0xc4, 0xff, 0x26, 0xff, 0x11, 0x33, 0xff, 0x02, 0x15, 0x4f, 0x28, 0x51, 0x24, 0xf3, 0x91, 0x32, 0x82,
    0x31, 0x72, 0x95, 0x91, 0x32, 0x72, 0x76, 0x53, 0x62, 0x62, 0x72, 0x23, 0x35, 0x52, 0x13, 0x22, 0x41, 0x27, 0x31, 0x32, 0x46, 0x22, 0x41, 0x41,
    0x22, 0x31, 0x42, 0x34, 0x41, 0x52, 0x62, 0x32, 0x36, 0x26, 0x22, 0x19, 0x42, 0x44, 0x44, 0x41, 0x36, 0xfc, 0x1f, 0xf2, 0x5f, 0xe1, 0x25, 0xfd,
    0x35, 0x1f, 0xd1, 0x11, 0x11, 0x31, 0xfd, 0x9f, 0xe3, 0x14, 0xff, 0xff, 0xff, 0xff, 0xff, 0xa0, 0xff, 0xff, 0x04, 0xff, 0xf4, 0x7f, 0xff, 0x22,
    0x24, 0xff, 0xf1, 0x52, 0x2f, 0xff, 0x13, 0x32, 0xff, 0x22, 0xf4, 0x23, 0xf0, 0x74, 0x24, 0xf2, 0x23, 0xf1, 0x56, 0x33, 0xf2, 0x23, 0x13, 0x21,
    0x16, 0x24, 0x32, 0x24, 0x26, 0x19, 0x23, 0x13, 0x21, 0x26, 0x23, 0x32, 0x24, 0x24, 0x48, 0x24, 0x43, 0x16, 0x28, 0x25, 0x14, 0x12, 0x27, 0x22,
    0x45, 0x11, 0x32, 0x22, 0x51, 0x25, 0x14, 0x15, 0x24, 0x22, 0x17, 0x62, 0x22, 0x85, 0x14, 0x14, 0x33, 0x23, 0x16, 0x54, 0x12, 0x24, 0x34, 0x24,
    0xd3, 0x92, 0x63, 0xe5, 0x52, 0x45, 0x65, 0x45, 0x43, 0x5f, 0xff, 0xff, 0xff, 0xff, 0xff, 0xff, 0xff, 0xff, 0xff, 0xff, 0xff, 0xff, 0xff, 0xff,
    0xff, 0xff, 0xff, 0xff, 0xff, 0xc0, 0xff, 0xff, 0xff, 0xff, 0xff, 0xff, 0xb2, 0xff, 0xff, 0xf6, 0x2f, 0xff, 0xff, 0x52, 0xff, 0xff, 0xf5, 0x22,
    0x2f, 0xff, 0x73, 0x44, 0x3b, 0x33, 0x4f, 0x15, 0xf3, 0x75, 0x26, 0x2a, 0x53, 0x3f, 0x24, 0xf4, 0x52, 0x22, 0x31, 0x32, 0x92, 0x72, 0x32, 0x52,
    0x62, 0x42, 0x63, 0x62, 0x4c, 0x12, 0xa2, 0x62, 0x22, 0x71, 0x72, 0x22, 0x82, 0x72, 0x31, 0x12, 0x26, 0x12, 0x23, 0x61, 0x62, 0x21, 0x82, 0x62,
    0x22, 0x92, 0x62, 0x32, 0xb2, 0x15, 0x52, 0x61, 0x21, 0x82, 0x13, 0x22, 0x21, 0xa2, 0x13, 0x22, 0x32, 0xa2, 0x21, 0x32, 0x42, 0x52, 0x22, 0x71,
    0x14, 0x22, 0x21, 0x51, 0x46, 0x22, 0x42, 0x83, 0x21, 0x42, 0x33, 0x42, 0x22, 0x62, 0x12, 0x41, 0x32, 0x32, 0x44, 0x41, 0x6b, 0x32, 0x36, 0x16,
    0x48, 0x36, 0x3c, 0x26, 0x78, 0x52, 0x44, 0x34, 0x66, 0x54, 0x5a, 0x44, 0xff, 0xff, 0x82, 0xff, 0xff, 0xf5, 0x2f, 0xff, 0xff, 0xff, 0xff, 0xff,
    0xff, 0xff, 0xff, 0xff, 0xff, 0xff, 0xff, 0xff, 0xff, 0xff, 0xff, 0xff, 0xff, 0xff, 0xff, 0xff, 0xff, 0xff, 0xff, 0xf3, 0xb2, 0xff, 0xc5, 0xff,
    0xb2, 0x22, 0xfa, 0x2d, 0x22, 0x2f, 0xb1, 0xf2, 0x2f, 0xb2, 0xf1, 0x2f, 0xa2, 0x65, 0x26, 0x83, 0x3d, 0x66, 0x15, 0x85, 0x2b, 0x81, 0x38, 0x72,
    0x31, 0x82, 0x31, 0xb1, 0x24, 0x82, 0x22, 0x41, 0x32, 0x32, 0x82, 0x71, 0x76, 0x25, 0x32, 0x21, 0x72, 0x82, 0x64, 0x42, 0x12, 0x32, 0x21, 0x62,
    0x41, 0x42, 0x62, 0x61, 0x52, 0x12, 0x11, 0x62, 0x33, 0x32, 0x31, 0x22, 0x61, 0x43, 0x23, 0x6d, 0x15, 0x12, 0x5d, 0x74, 0x34, 0x22, 0x12, 0x23,
    0x45, 0x25, 0xf6, 0x16, 0x2f, 0x01, 0xf2, 0x31, 0x2f, 0x54, 0xf0, 0x51, 0x2f, 0x36, 0xe1, 0x21, 0x31, 0xf2, 0x24, 0x1f, 0x02, 0x41, 0xf2, 0x21,
    0x21, 0x1f, 0x01, 0x42, 0xf3, 0x6f, 0x07, 0xf4, 0x4f, 0x25, 0xff, 0xff, 0xff, 0xff, 0xff, 0xf0, 0xff, 0xff, 0xff, 0xfc, 0x2f, 0xff, 0x52, 0xff,
    0xf6, 0x1f, 0xff, 0x52, 0xff, 0x9d, 0x22, 0x96, 0x63, 0x41, 0x6b, 0x43, 0x78, 0x45, 0x32, 0xf0, 0x25, 0x25, 0x35, 0x22, 0x22, 0x24, 0x26, 0x18,
    0x25, 0x24, 0x26, 0x22, 0x65, 0x23, 0x56, 0x25, 0x24, 0x27, 0x12, 0x11, 0x27, 0x23, 0x21, 0x27, 0x16, 0x14, 0x22, 0x32, 0x12, 0x29, 0x23, 0x15,
    0x24, 0x16, 0x14, 0x21, 0x42, 0x12, 0x29, 0x23, 0x14, 0x33, 0x34, 0x33, 0x21, 0x23, 0x23, 0x27, 0x24, 0xfb, 0x17, 0x3a, 0x65, 0x24, 0x24, 0x34,
    0x35, 0x67, 0xff, 0xff, 0xff, 0xff, 0xff, 0xff, 0xff, 0xff, 0xff, 0xff, 0xff, 0xff, 0xff, 0xff, 0xff, 0xff, 0xff, 0xff, 0xff, 0x60, 0xff, 0xff,
    0xff, 0xff, 0xff, 0xff, 0xff, 0x52, 0xff, 0xff, 0xf7, 0x2f, 0x02, 0xff, 0xff, 0xf8, 0x2f, 0x01, 0xff, 0xff, 0xf8, 0x2e, 0x2f, 0xff, 0xff, 0x82,
    0x3d, 0x46, 0x4f, 0x46, 0x91, 0xf4, 0x4c, 0x4b, 0x58, 0x3f, 0x54, 0x92, 0xf5, 0x3b, 0xb2, 0x22, 0x33, 0x52, 0xc2, 0x72, 0x31, 0xf1, 0x23, 0x17,
    0x23, 0x25, 0x46, 0x13, 0x23, 0x22, 0x26, 0x24, 0x18, 0x18, 0x22, 0x2b, 0x13, 0x23, 0x27, 0x21, 0x25, 0x54, 0x56, 0x22, 0x27, 0x12, 0x56, 0x27,
    0x23, 0x55, 0x53, 0x22, 0x17, 0x21, 0x25, 0x21, 0x24, 0x21, 0x27, 0x12, 0x22, 0x32, 0x21, 0x21, 0x27, 0x12, 0x32, 0x22, 0x65, 0x21, 0x23, 0x22,
    0x12, 0x32, 0x21, 0x16, 0x63, 0x15, 0x24, 0x12, 0x21, 0x42, 0x21, 0x15, 0x24, 0x11, 0x42, 0x22, 0x29, 0x15, 0x21, 0x21, 0x11, 0x42, 0x21, 0x18,
    0x11, 0x23, 0x14, 0x33, 0x22, 0x21, 0x23, 0x22, 0x14, 0x33, 0x21, 0x24, 0x13, 0x29, 0x14, 0x32, 0x31, 0x24, 0x12, 0x23, 0x24, 0x23, 0xd2, 0x22,
    0x62, 0xd2, 0x63, 0x38, 0xd2, 0x62, 0xc5, 0x51, 0x53, 0x22, 0x54, 0x52, 0x44, 0x45, 0x38, 0x52, 0x53, 0x44, 0xac, 0x26, 0x2f, 0xff, 0xc1, 0xf0,
    0x2f, 0x28, 0xff, 0xff, 0xe2, 0xf3, 0x6f, 0xff, 0xff, 0xff, 0xff, 0xff, 0xff, 0xff, 0xff, 0xff, 0xff, 0xff, 0xff, 0xff, 0xff, 0xff, 0xff, 0xff,
    0xff, 0xff, 0xff, 0xff, 0xff, 0xff, 0xff, 0xff, 0xff, 0xff, 0xff, 0xff, 0x70, 0xff, 0xff, 0xff, 0xff, 0xff, 0xff, 0xff, 0xf2, 0x1f, 0xff, 0xe2,
    0xff, 0x52, 0xff, 0xfe, 0x2f, 0xf4, 0x2f, 0xff, 0xe2, 0xff, 0x42, 0xff, 0xfe, 0x25, 0x34, 0x45, 0x14, 0xa3, 0xf2, 0x4f, 0x45, 0xc5, 0x52, 0x63,
    0x33, 0x85, 0xf3, 0x3f, 0x54, 0xb5, 0x22, 0x22, 0x23, 0x23, 0x36, 0x55, 0x25, 0x27, 0x28, 0x23, 0x17, 0x24, 0x25, 0x44, 0x62, 0x23, 0x24, 0x25,
    0x64, 0x27, 0x18, 0x23, 0x13, 0x23, 0x27, 0x22, 0x25, 0x54, 0x11, 0x24, 0x23, 0x25, 0x15, 0x22, 0x33, 0x18, 0x27, 0x21, 0x53, 0x22, 0x17, 0x22,
    0x25, 0x21, 0x24, 0x17, 0x23, 0x25, 0x21, 0x12, 0x73, 0x18, 0x22, 0x32, 0x21, 0x21, 0x23, 0x22, 0x12, 0x32, 0x22, 0x16, 0x63, 0x26, 0x23, 0x25,
    0x21, 0x14, 0x13, 0x13, 0x27, 0x12, 0x42, 0x21, 0x15, 0x21, 0x21, 0x11, 0x42, 0x22, 0x18, 0x11, 0x23, 0x34, 0x24, 0x24, 0x22, 0x26, 0x23, 0x26,
    0x22, 0x24, 0x12, 0x14, 0x32, 0x31, 0x24, 0x13, 0x23, 0x24, 0x24, 0x85, 0x73, 0x85, 0x84, 0x62, 0xd2, 0x63, 0xc6, 0x67, 0x55, 0x67, 0x66, 0x44,
    0x52, 0x53, 0x45, 0xaf, 0xff, 0xfe, 0x1f, 0x12, 0xff, 0xb3, 0xff, 0xf6, 0x2f, 0xfa, 0x5f, 0xff, 0xff, 0xf2, 0x12, 0x2f, 0xff, 0xff, 0xca, 0xff,
    0xff, 0xfb, 0xaf, 0xff, 0xff, 0xff, 0xff, 0xff, 0xff, 0xff, 0xff, 0xff, 0xff, 0xff, 0xff, 0xff, 0xff, 0xff, 0xff, 0xff, 0xf5, 0xff, 0xff, 0xff,
    0xf1, 0x2f, 0x12, 0xfd, 0x2f, 0x12, 0xfe, 0x1f, 0x21, 0xfd, 0x2f, 0x12, 0xf5, 0xa5, 0xd3, 0x52, 0x46, 0x96, 0xb4, 0xe5, 0x13, 0x21, 0x1f, 0x12,
    0x31, 0x52, 0x42, 0x51, 0x32, 0x12, 0x71, 0x82, 0x22, 0xb1, 0x64, 0x31, 0x55, 0x62, 0x33, 0x43, 0x22, 0x34, 0x51, 0x52, 0x12, 0x71, 0x24, 0x35,
    0x12, 0x31, 0x72, 0x51, 0x52, 0x41, 0x21, 0x62, 0x12, 0x12, 0x31, 0x63, 0x51, 0x43, 0x32, 0x21, 0x62, 0x32, 0x49, 0x6d, 0x25, 0x27, 0x56, 0x42,
    0x35, 0x24, 0x44, 0x35, 0xf2, 0x1f, 0xff, 0x21, 0xff, 0xf2, 0x1f, 0xff, 0x12, 0xff, 0x98, 0xff, 0xa6, 0xff, 0xff, 0xff, 0xff, 0xff, 0xff, 0xff,
    0xff, 0xff, 0x60, 0xff, 0xff, 0x84, 0xff, 0x62, 0x57, 0xf1, 0x2f, 0x22, 0x41, 0x34, 0xf1, 0x1f, 0x22, 0x45, 0x12, 0xf1, 0x2f, 0x12, 0x44, 0x32,
    0xe2, 0x6c, 0xd2, 0x2d, 0x6b, 0xe2, 0x2b, 0x92, 0x63, 0xd2, 0x82, 0x31, 0x72, 0x82, 0xe1, 0x41, 0x32, 0x32, 0x62, 0x92, 0x33, 0x71, 0x25, 0x32,
    0x21, 0x61, 0xa2, 0x25, 0x61, 0x22, 0x12, 0x32, 0x21, 0x61, 0x51, 0x42, 0x21, 0x32, 0x42, 0x21, 0x52, 0x12, 0x11, 0x62, 0x32, 0x42, 0x21, 0x42,
    0x32, 0x21, 0x43, 0x23, 0x6c, 0x32, 0x36, 0x3d, 0x7a, 0x42, 0x44, 0x55, 0x25, 0xb2, 0xff, 0x41, 0xb2, 0xff, 0x24, 0xff, 0xd6, 0xff, 0xb2, 0x41,
    0xff, 0xb2, 0x12, 0x11, 0xff, 0xc6, 0xff, 0xd4, 0xff, 0xff, 0xff, 0xff, 0xff, 0xff, 0xf0, 0xff, 0xff, 0xfd, 0x4f, 0xf0, 0x2a, 0x18, 0x6f, 0x02,
    0xc2, 0xa2, 0x72, 0x23, 0xf0, 0x1d, 0x1a, 0x27, 0x8e, 0x2b, 0x2a, 0x28, 0x32, 0x2d, 0x24, 0xa2, 0xa3, 0x47, 0x12, 0xd4, 0x93, 0x84, 0x66, 0x21,
    0xb7, 0x13, 0x21, 0x17, 0x52, 0x23, 0x26, 0x27, 0x23, 0x16, 0x13, 0x21, 0x25, 0x63, 0x13, 0x17, 0x23, 0x13, 0x23, 0x26, 0x43, 0x15, 0x22, 0x34,
    0x28, 0x21, 0x53, 0x22, 0x14, 0x45, 0x12, 0x12, 0x73, 0x29, 0x21, 0x21, 0x23, 0x22, 0x14, 0x17, 0x22, 0x14, 0x13, 0x12, 0x24, 0x15, 0x21, 0x15,
    0x21, 0x21, 0x14, 0x16, 0x32, 0x26, 0x22, 0x23, 0x33, 0x22, 0x14, 0x32, 0x34, 0x94, 0x83, 0xd2, 0xd5, 0x67, 0x65, 0xb4, 0x52, 0x5f, 0xf4, 0x1f,
    0x51, 0xff, 0x41, 0xff, 0xff, 0xff, 0xff, 0xff, 0xff, 0xff, 0xff, 0xff, 0xff, 0xff, 0xff, 0xff, 0xff, 0xff, 0xff, 0xff, 0xf2, 0xff, 0xff, 0xff,
    0xff, 0xff, 0xff, 0xff, 0xd2, 0xff, 0xff, 0xf7, 0x2f, 0x42, 0xff, 0xff, 0xf8, 0x2f, 0x41, 0xff, 0xff, 0xf8, 0x2f, 0x32, 0xff, 0xff, 0xf8, 0x27,
    0xd4, 0x64, 0xf4, 0x69, 0x15, 0x2c, 0x4c, 0x8b, 0x58, 0x3f, 0x54, 0x92, 0x61, 0xd3, 0xbf, 0x02, 0x22, 0x33, 0x52, 0xc2, 0x72, 0x31, 0x92, 0x32,
    0x42, 0x72, 0x32, 0x63, 0xa1, 0x32, 0x32, 0x22, 0x62, 0x41, 0x81, 0x82, 0x22, 0x91, 0x31, 0x62, 0x72, 0x12, 0x82, 0x85, 0x62, 0x22, 0x71, 0x25,
    0x62, 0x72, 0x35, 0x72, 0x81, 0x72, 0x12, 0x92, 0x72, 0x12, 0x71, 0x22, 0x23, 0x22, 0x12, 0x12, 0x71, 0x23, 0x22, 0x26, 0x62, 0x92, 0x13, 0x22,
    0x11, 0xa2, 0x71, 0x52, 0x41, 0x22, 0x14, 0x22, 0x11, 0x52, 0x41, 0x14, 0x22, 0x22, 0x92, 0x41, 0x56, 0x22, 0x11, 0x51, 0x42, 0x71, 0x43, 0x32,
    0x22, 0x12, 0x32, 0x21, 0x43, 0x32, 0x12, 0x41, 0x32, 0x92, 0x33, 0x32, 0x12, 0x41, 0x22, 0x32, 0x42, 0x7d, 0x22, 0x26, 0x2d, 0x26, 0x33, 0x8d,
    0x26, 0x2c, 0x95, 0x15, 0x32, 0x25, 0x45, 0x24, 0x44, 0x53, 0x8b, 0x44, 0x44, 0x24, 0x32, 0xb2, 0x62, 0xff, 0xf6, 0x1f, 0xf1, 0x1c, 0x8f, 0xff,
    0x71, 0xff, 0x11, 0xd6, 0xff, 0xff, 0xfa, 0x1f, 0xff, 0xff, 0xfd, 0x2f, 0xff, 0xff, 0xf6, 0x8f, 0xff, 0xff, 0xf7, 0x6f, 0xff, 0xff, 0xff, 0xff,
    0xff, 0xff, 0xff, 0xff, 0xff, 0xff, 0xff, 0xff, 0xff, 0xff, 0xff, 0xff, 0xff, 0x50, 0xff, 0xff, 0xff, 0xff, 0xff, 0xff, 0xff, 0xfa, 0x1f, 0xff,
    0xe2, 0xff, 0x92, 0xff, 0xfe, 0x2f, 0xf8, 0x2f, 0xff, 0xe2, 0xff, 0x82, 0xff, 0xfe, 0x29, 0x34, 0x45, 0x14, 0xa3, 0xf2, 0x45, 0x2c, 0x5c, 0x95,
    0x26, 0x33, 0x38, 0x5f, 0x33, 0x61, 0xd4, 0xb9, 0x22, 0x22, 0x23, 0x23, 0x36, 0x55, 0x25, 0x27, 0x21, 0x23, 0x24, 0x27, 0x24, 0x26, 0x38, 0x62,
    0x23, 0x24, 0x25, 0x64, 0x27, 0x18, 0x21, 0x13, 0x16, 0x27, 0x22, 0x28, 0x28, 0x11, 0x24, 0x23, 0x25, 0x15, 0x22, 0x33, 0x18, 0x27, 0x23, 0x28,
    0x17, 0x22, 0x29, 0x27, 0x17, 0x23, 0x25, 0x21, 0x12, 0x73, 0x18, 0x22, 0x32, 0x22, 0x29, 0x21, 0x32, 0x22, 0x1a, 0x27, 0x26, 0x23, 0x25, 0x21,
    0x14, 0x13, 0x13, 0x27, 0x12, 0x42, 0x21, 0x24, 0x15, 0x62, 0x22, 0x15, 0x14, 0x27, 0x34, 0x24, 0x24, 0x22, 0x26, 0x23, 0x26, 0x22, 0x24, 0x12,
    0x23, 0x33, 0x21, 0x24, 0x13, 0x23, 0x24, 0x28, 0x85, 0x73, 0x85, 0x84, 0x62, 0xd2, 0x63, 0xca, 0x67, 0x55, 0x67, 0x66, 0x44, 0xb4, 0x45, 0x42,
    0x43, 0x2f, 0xff, 0xf7, 0x1f, 0xf2, 0x1f, 0xf6, 0x3f, 0xd1, 0xff, 0x21, 0xff, 0x55, 0xff, 0xff, 0x01, 0xff, 0x51, 0x22, 0xff, 0xfe, 0x2f, 0xf0,
    0xaf, 0xff, 0x78, 0xff, 0x0a, 0xff, 0xf8, 0x6f, 0xff, 0xff, 0xff, 0xff, 0xff, 0xff, 0xff, 0xff, 0xff, 0xff, 0xff, 0xff, 0xff, 0xff, 0xff, 0xff,
    0xf0, 0x91, 0xff, 0xf0, 0x5f, 0xfc, 0x22, 0x2f, 0x62, 0x44, 0xc2, 0x22, 0xf5, 0x23, 0x6f, 0x02, 0xf6, 0x13, 0x13, 0x3d, 0x2f, 0x62, 0x32, 0x15,
    0x4a, 0x43, 0x3d, 0x35, 0x12, 0x49, 0x45, 0x2b, 0x71, 0x32, 0x52, 0x52, 0x22, 0x31, 0xc2, 0x75, 0x42, 0x71, 0x22, 0x22, 0x41, 0x82, 0x56, 0x41,
    0x82, 0x16, 0x25, 0x62, 0x52, 0x23, 0x31, 0x82, 0x14, 0x42, 0x12, 0x71, 0x21, 0x27, 0x32, 0x71, 0x22, 0x61, 0x52, 0x41, 0x21, 0x41, 0x22, 0x32,
    0x62, 0x22, 0x61, 0x43, 0x32, 0x22, 0x62, 0x48, 0x42, 0x5d, 0x29, 0x66, 0x63, 0x45, 0x24, 0x56, 0xf5, 0x2f, 0xff, 0xff, 0xff, 0xff, 0xff, 0xff,
    0xff, 0xff, 0xff, 0xff, 0xff, 0xff, 0xff, 0xff, 0xff, 0xff, 0xe0, 0xff, 0xff, 0xf6, 0x6f, 0x71, 0xff, 0xe9, 0xf4, 0x3f, 0xf1, 0x38, 0xbf, 0x34,
    0xff, 0x13, 0x73, 0x27, 0xf3, 0x3f, 0xf1, 0x37, 0xdf, 0x14, 0xff, 0x13, 0x86, 0x24, 0x3f, 0x2f, 0x35, 0x38, 0x93, 0x54, 0x2f, 0x18, 0x55, 0x72,
    0x8f, 0x24, 0x2e, 0x89, 0x38, 0x25, 0xf5, 0x39, 0x2c, 0xa3, 0x32, 0x34, 0x47, 0x39, 0x34, 0x32, 0x33, 0x35, 0x43, 0x42, 0x22, 0x36, 0x35, 0x68,
    0x32, 0x61, 0x31, 0x11, 0x35, 0x35, 0x34, 0x48, 0x34, 0x68, 0x32, 0x64, 0x31, 0x34, 0x35, 0x33, 0x49, 0x33, 0x32, 0x21, 0x34, 0x32, 0x31, 0x21,
    0x31, 0x64, 0x35, 0x32, 0x43, 0x34, 0x33, 0x34, 0x43, 0x42, 0x33, 0x41, 0x64, 0x43, 0x42, 0x33, 0x43, 0x44, 0xf1, 0x3f, 0x24, 0xa3, 0xf2, 0x4f,
    0x13, 0xf1, 0x12, 0x39, 0x3f, 0x17, 0x53, 0x56, 0x53, 0x61, 0x34, 0x57, 0x53, 0x5f, 0xf9, 0x13, 0x2f, 0x63, 0xff, 0xf2, 0x3f, 0x63, 0xff, 0xe8,
    0xf4, 0x3f, 0xfe, 0x8f, 0xff, 0xf7, 0x22, 0x2f, 0xff, 0xf7, 0x32, 0x2f, 0xff, 0xf7, 0x7f, 0xff, 0xf8, 0x5f, 0xff, 0xff, 0xff, 0xff, 0xff, 0xff,
    0xff, 0xff, 0xff, 0xff, 0xe0, 0xff, 0xff, 0xff, 0x94, 0xf8, 0x5d, 0x6f, 0x68, 0xa3, 0x23, 0xf5, 0x99, 0x32, 0x3f, 0x53, 0x25, 0x97, 0xb5, 0x4a,
    0xa6, 0xa7, 0x36, 0x13, 0xd3, 0x98, 0x53, 0x24, 0x86, 0xa3, 0x24, 0x67, 0x63, 0x73, 0x53, 0x24, 0x58, 0x46, 0x73, 0x48, 0x63, 0x14, 0x46, 0x73,
    0x48, 0x14, 0x19, 0x23, 0x22, 0x13, 0x33, 0x46, 0x43, 0x28, 0x23, 0x44, 0x33, 0x43, 0x73, 0x63, 0x4f, 0x15, 0x45, 0xc4, 0xf1, 0x12, 0x25, 0x5a,
    0x75, 0x34, 0x33, 0x23, 0x87, 0xf9, 0x24, 0x1f, 0xf9, 0x2f, 0xfd, 0x3f, 0xfc, 0x3f, 0xf6, 0xaf, 0xf6, 0x9f, 0xf7, 0x7f, 0xff, 0xff, 0xff, 0xff,
    0xff, 0xff, 0xff, 0xff, 0x30, 0xff, 0xff, 0xff, 0xff, 0xff, 0x71, 0xff, 0xff, 0xff, 0xfb, 0x3f, 0xff, 0xff, 0xff, 0xa3, 0xff, 0xff, 0xa5, 0xff,
    0xb3, 0xff, 0xff, 0x77, 0xff, 0xa4, 0xff, 0xff, 0x76, 0x75, 0x55, 0x66, 0x38, 0x21, 0x62, 0x5f, 0x9b, 0xf5, 0x87, 0x28, 0x39, 0x27, 0x24, 0x44,
    0x3f, 0xb9, 0xf7, 0x58, 0x28, 0x3a, 0x16, 0x35, 0x34, 0x3f, 0xc8, 0xf7, 0x53, 0x23, 0x23, 0x23, 0x24, 0x44, 0x34, 0x34, 0x44, 0x92, 0xe4, 0xf2,
    0x42, 0x31, 0x35, 0x83, 0x72, 0x35, 0x44, 0x34, 0x44, 0x43, 0x32, 0x33, 0x38, 0x4f, 0x24, 0x13, 0x13, 0x5f, 0x23, 0x36, 0x34, 0x44, 0x35, 0x31,
    0x61, 0x31, 0x11, 0x34, 0x23, 0x39, 0x36, 0x32, 0x65, 0x71, 0x93, 0x36, 0x34, 0x44, 0x35, 0x31, 0x64, 0x31, 0x32, 0x42, 0x37, 0x74, 0x33, 0x46,
    0x35, 0xa2, 0x36, 0x34, 0x44, 0x35, 0x31, 0x31, 0x21, 0x31, 0x61, 0x52, 0x37, 0x74, 0x3d, 0x59, 0x42, 0x44, 0x44, 0x44, 0x34, 0x41, 0x33, 0x41,
    0x61, 0x33, 0x47, 0x31, 0x43, 0x3e, 0xf1, 0x4f, 0xf3, 0x2f, 0x21, 0x98, 0x32, 0x9f, 0x1d, 0x5f, 0xf3, 0x2f, 0x13, 0x82, 0x24, 0x33, 0x8f, 0x39,
    0x96, 0x35, 0x35, 0x26, 0x55, 0x36, 0x45, 0x42, 0x43, 0x45, 0xff, 0xff, 0xfa, 0x1e, 0x2f, 0xff, 0xff, 0xff, 0xb4, 0xff, 0xff, 0xff, 0xf8, 0x6f,
    0xff, 0xff, 0xff, 0x64, 0x12, 0xff, 0xff, 0xff, 0xf5, 0x8f, 0xff, 0xff, 0xff, 0x53, 0x14, 0xff, 0xff, 0xff, 0xf6, 0x24, 0x2f, 0xff, 0xff, 0xff,
    0x59, 0xff, 0xff, 0xff, 0xf5, 0x6f, 0xff, 0xff, 0xff, 0xff, 0xff, 0xff, 0xff, 0xff, 0xff, 0xff, 0xff, 0xff, 0x50, 0xff, 0xff, 0xff, 0x0c, 0xff,
    0xf0, 0x1f, 0x6e, 0xff, 0xc3, 0xf5, 0xf0, 0xff, 0xb3, 0xf8, 0x35, 0x4f, 0xfc, 0x3f, 0x74, 0x54, 0xff, 0xa4, 0xaf, 0x02, 0x23, 0x33, 0x53, 0xe6,
    0xda, 0xf0, 0x14, 0x23, 0x27, 0x2f, 0x14, 0xcb, 0xe1, 0x52, 0x32, 0x82, 0xf1, 0x3b, 0xf3, 0x27, 0x33, 0x42, 0x32, 0x34, 0x37, 0x45, 0x33, 0x3f,
    0x33, 0x23, 0x19, 0x32, 0x23, 0x63, 0x74, 0x33, 0x53, 0xd3, 0x12, 0x33, 0x28, 0x54, 0x83, 0x22, 0x33, 0x24, 0x53, 0xb6, 0x53, 0x35, 0x64, 0x93,
    0x14, 0x23, 0x24, 0x54, 0xa7, 0x43, 0xd4, 0x33, 0x48, 0x23, 0x23, 0x64, 0xa3, 0x14, 0x33, 0xd3, 0x34, 0x37, 0x34, 0x23, 0x64, 0xa3, 0x29, 0xdf,
    0xb3, 0x36, 0x42, 0x44, 0x33, 0x8d, 0xf1, 0x28, 0x33, 0x64, 0x16, 0x33, 0x45, 0xf2, 0x52, 0x64, 0x55, 0x36, 0x41, 0x31, 0x1f, 0xf8, 0x3f, 0xf3,
    0x3f, 0xfa, 0x3f, 0xe4, 0x13, 0xff, 0x93, 0xfe, 0x51, 0x3f, 0xff, 0xfa, 0x21, 0x22, 0x2f, 0xff, 0xfb, 0x33, 0x2f, 0xff, 0xfa, 0x34, 0x2f, 0xff,
    0xfa, 0x33, 0x3f, 0xff, 0xfa, 0x8f, 0xff, 0xfd, 0x5f, 0xff, 0xff, 0xff, 0xff, 0xff, 0xff, 0xff, 0xf1, 0xff, 0xff, 0xfc, 0x5f, 0xff, 0xf2, 0x1a,
    0x7f, 0xfd, 0x3e, 0x39, 0x32, 0x3f, 0xfd, 0x3d, 0x39, 0x32, 0x3f, 0xfd, 0x3d, 0x3d, 0x4f, 0xfd, 0x3d, 0x34, 0xd7, 0x77, 0x54, 0x53, 0x82, 0xe4,
    0xc6, 0xa5, 0x72, 0x72, 0x82, 0xe4, 0xb7, 0xb3, 0x82, 0x82, 0x54, 0xc6, 0x42, 0x65, 0x45, 0x42, 0x32, 0x41, 0x32, 0x34, 0x4c, 0x46, 0x22, 0x84,
    0x37, 0x32, 0x32, 0x41, 0x22, 0x36, 0x3d, 0x46, 0x62, 0x34, 0x33, 0x22, 0x41, 0x84, 0x48, 0x34, 0x36, 0x34, 0x73, 0x34, 0x32, 0x42, 0x31, 0x83,
    0x49, 0x32, 0x74, 0x34, 0x45, 0x44, 0x31, 0x51, 0x41, 0x64, 0x43, 0x34, 0x32, 0x74, 0x34, 0x35, 0x63, 0x31, 0x33, 0x32, 0x37, 0x33, 0x43, 0x42,
    0x31, 0x43, 0x34, 0xf5, 0x19, 0x34, 0x5f, 0x22, 0x32, 0x94, 0xb1, 0x82, 0x74, 0x54, 0xf1, 0x33, 0x38, 0x67, 0x45, 0x55, 0x63, 0x75, 0x35, 0x43,
    0x45, 0xff, 0xc1, 0xc3, 0xff, 0xff, 0xf1, 0x3f, 0xff, 0xff, 0x13, 0xff, 0xff, 0xff, 0xff, 0xff, 0xff, 0xff, 0xff, 0xff, 0xff, 0xff, 0xff, 0xff,
    0xff, 0xff, 0xff, 0xff, 0xff, 0xff, 0xff, 0xff, 0xff, 0xff, 0xff, 0xf1, 0xff, 0xff, 0xff, 0xff, 0x71, 0xff, 0x02, 0xfb, 0x5f, 0x13, 0xfd, 0x3f,
    0xa8, 0xe3, 0xfd, 0x4f, 0x99, 0xe3, 0xfd, 0x3f, 0x93, 0x25, 0xc4, 0xfc, 0x45, 0x54, 0x55, 0xa3, 0xdf, 0x0f, 0x14, 0x72, 0x74, 0x61, 0x33, 0xc6,
    0x55, 0xf0, 0x48, 0x28, 0x53, 0x24, 0x2b, 0x59, 0x3e, 0x53, 0x23, 0x23, 0x23, 0x77, 0x43, 0x33, 0x4a, 0x44, 0x55, 0x48, 0x32, 0x23, 0x68, 0x33,
    0x53, 0x34, 0x34, 0x24, 0x56, 0x4e, 0x13, 0x63, 0x14, 0x24, 0x53, 0x33, 0x53, 0x23, 0x62, 0x13, 0x47, 0x16, 0x13, 0x14, 0x19, 0x14, 0x54, 0x23,
    0x53, 0x23, 0x67, 0x33, 0x5a, 0x23, 0x28, 0x13, 0x64, 0x23, 0x53, 0x23, 0x33, 0x16, 0x35, 0x85, 0x23, 0x63, 0x23, 0x64, 0x24, 0x34, 0x23, 0x34,
    0x33, 0x4f, 0x13, 0xc2, 0x36, 0x42, 0xa3, 0xf1, 0x5e, 0x5a, 0x33, 0x64, 0x39, 0x4e, 0x98, 0xa7, 0x43, 0x64, 0x55, 0x74, 0x35, 0xff, 0xff, 0xff,
    0xff, 0xff, 0xff, 0xff, 0xff, 0xff, 0xff, 0xff, 0xff, 0xff, 0xff, 0xff, 0xff, 0xff, 0xff, 0xff, 0xff, 0xff, 0xff, 0xff, 0xff, 0xff, 0xff, 0xff,
    0xff, 0xff, 0xff, 0xff, 0xff, 0xf0, 0xff, 0xff, 0xff, 0x21, 0xf5, 0x1f, 0x21, 0xff, 0x73, 0xf3, 0x3e, 0x4f, 0xf6, 0x3f, 0x33, 0xf0, 0x3f, 0xf6,
    0x3f, 0x43, 0xe3, 0xff, 0x63, 0xf3, 0x4e, 0x3f, 0xae, 0x22, 0x6c, 0x1f, 0x13, 0x17, 0xa4, 0xe2, 0x44, 0xb2, 0xf1, 0x24, 0x4b, 0x4c, 0x44, 0x4a,
    0x3e, 0x45, 0x3b, 0xa2, 0x94, 0x83, 0xf1, 0x44, 0x43, 0x3f, 0x33, 0x23, 0x44, 0x2c, 0x33, 0x74, 0x44, 0x23, 0xe3, 0x12, 0x33, 0x53, 0x2c, 0x16,
    0x73, 0x53, 0x28, 0x76, 0x53, 0x53, 0x25, 0x25, 0x16, 0x73, 0x53, 0x37, 0x77, 0x43, 0x53, 0x32, 0x53, 0x23, 0x12, 0x13, 0x33, 0x53, 0x27, 0x83,
    0x14, 0x33, 0x44, 0x24, 0x43, 0x23, 0x34, 0x34, 0x34, 0x23, 0xc3, 0x2f, 0x13, 0xb2, 0xf9, 0x25, 0xa3, 0x3f, 0x04, 0xa2, 0xf8, 0x35, 0xa3, 0x45,
    0x26, 0x67, 0x65, 0x35, 0x25, 0x54, 0xff, 0xff, 0xff, 0xff, 0xff, 0xff, 0xff, 0xff, 0xff, 0xff, 0xff, 0xff, 0xff, 0xff, 0xff, 0xff, 0xff, 0xff,
    0xff, 0xff, 0xff, 0xff, 0xff, 0xff, 0xff, 0xff, 0xff, 0xff, 0xff, 0xff, 0xff, 0xe0, 0xff, 0xf6, 0x1f, 0xf4, 0x37, 0x5f, 0x63, 0x68, 0xf4, 0x36,
    0x9f, 0x33, 0x63, 0x25, 0x5f, 0x06, 0xa5, 0xf0, 0x66, 0x13, 0x5e, 0x93, 0x24, 0x54, 0x54, 0xb7, 0x44, 0x74, 0x98, 0x43, 0x93, 0x93, 0x14, 0x43,
    0x93, 0x44, 0x19, 0x33, 0x33, 0x34, 0x43, 0x28, 0x33, 0x34, 0x23, 0x53, 0x63, 0x4f, 0x05, 0xc5, 0xe6, 0xa7, 0x43, 0x53, 0x33, 0x7c, 0x39, 0x2f,
    0x73, 0x33, 0x32, 0xf7, 0x32, 0x52, 0x2f, 0xb3, 0x12, 0x23, 0xfa, 0x62, 0x2f, 0xb6, 0x22, 0xfc, 0x24, 0x3f, 0xc8, 0xfe, 0x6f, 0xff, 0xff, 0xff,
    0xf4, 0xff, 0xff, 0x32, 0xff, 0xf3, 0x3f, 0xff, 0x43, 0xff, 0xf3, 0x3f, 0xff, 0x33, 0xff, 0x8d, 0x77, 0x75, 0x41, 0x7c, 0x6a, 0x57, 0x33, 0x5b,
    0x7b, 0x38, 0x25, 0x44, 0x26, 0x54, 0x54, 0x23, 0x23, 0x34, 0x52, 0x28, 0x43, 0x73, 0x28, 0x43, 0x66, 0x23, 0x43, 0x32, 0x24, 0x18, 0x44, 0x37,
    0x33, 0x43, 0x24, 0x23, 0x17, 0x53, 0x44, 0x54, 0x43, 0x15, 0x14, 0x13, 0x93, 0x43, 0x56, 0x33, 0x13, 0x33, 0x25, 0x64, 0x4f, 0x51, 0x93, 0xd5,
    0xb1, 0x82, 0x75, 0xb8, 0x74, 0x55, 0x58, 0x8f, 0xff, 0xff, 0xff, 0xff, 0xff, 0xff, 0xff, 0xff, 0xff, 0xff, 0xff, 0xff, 0xff, 0xff, 0xff, 0xff,
    0xff, 0xff, 0xff, 0xff, 0x20, 0xff, 0xfd, 0x1f, 0xe2, 0xd3, 0xfc, 0x3d, 0x3f, 0xc4, 0xd3, 0xfc, 0x3c, 0x4f, 0xb4, 0x3d, 0xef, 0x13, 0xc6, 0x54,
    0xf0, 0x4b, 0x59, 0x2e, 0x73, 0x33, 0x4a, 0x34, 0x55, 0x53, 0x53, 0x34, 0x34, 0x14, 0x56, 0x44, 0x53, 0x33, 0x53, 0x13, 0x62, 0x13, 0x44, 0x54,
    0x23, 0x53, 0x13, 0x67, 0x33, 0x64, 0x23, 0x53, 0x13, 0x33, 0x16, 0x33, 0x64, 0x24, 0x34, 0x13, 0x34, 0x33, 0x33, 0x64, 0x2a, 0x2f, 0x13, 0x36,
    0x43, 0x93, 0xe4, 0x36, 0x45, 0x56, 0x43, 0x5f, 0xff, 0xff, 0xff, 0xff, 0xff, 0xff, 0xff, 0xff, 0xff, 0xff, 0xff, 0xff, 0xff, 0xff, 0xff, 0xff,
    0xff, 0xff, 0x00, 0xff, 0xfe, 0x1f, 0xfa, 0x48, 0x6f, 0xb3, 0x6a, 0xf9, 0x36, 0xcf, 0x73, 0x54, 0x54, 0x9f, 0x16, 0x91, 0x38, 0xf1, 0x6e, 0x7e,
    0x8e, 0xf3, 0x47, 0x45, 0x59, 0x37, 0x45, 0x47, 0x47, 0x67, 0x35, 0x39, 0x37, 0x67, 0x35, 0x39, 0x46, 0x31, 0x21, 0x33, 0x35, 0x33, 0x33, 0x37,
    0x33, 0x43, 0x35, 0x33, 0x42, 0x37, 0xf1, 0x5f, 0x07, 0xf1, 0x6e, 0x95, 0x35, 0x23, 0x34, 0x35, 0xfb, 0x2f, 0xf5, 0x33, 0x2c, 0x5f, 0x25, 0x22,
    0xb8, 0xe3, 0x12, 0x23, 0x93, 0x33, 0xe6, 0x22, 0xa2, 0x53, 0xd6, 0x22, 0xa2, 0x13, 0x13, 0xe2, 0x43, 0xa9, 0xf0, 0x8c, 0x31, 0x4f, 0x16, 0xf1,
    0x2f, 0xfa, 0x3f, 0xff, 0xff, 0xf1, 0xff, 0xff, 0x31, 0xfd, 0x1f, 0x23, 0xfa, 0x4f, 0x13, 0xfb, 0x3f, 0x13, 0xfb, 0x3f, 0x13, 0xfb, 0x34, 0xf0,
    0x22, 0x9f, 0x14, 0xf0, 0x24, 0x7f, 0x14, 0xe3, 0x47, 0xe7, 0x45, 0x44, 0x4f, 0x24, 0x54, 0x74, 0x44, 0x73, 0x74, 0x43, 0x93, 0x53, 0x56, 0x73,
    0x43, 0x93, 0x53, 0x56, 0x73, 0x43, 0x33, 0x34, 0x43, 0x53, 0x12, 0x13, 0x33, 0x43, 0x34, 0x23, 0x44, 0x53, 0x34, 0x33, 0x4f, 0x76, 0xf1, 0x5f,
    0x62, 0x22, 0xf1, 0x64, 0x35, 0x16, 0x33, 0x35, 0x35, 0xb3, 0xf1, 0x2f, 0xc3, 0xf1, 0x2f, 0xc3, 0xf0, 0x3f, 0xfe, 0x3f, 0xf8, 0xaf, 0xf8, 0x9f,
    0xf9, 0x7f, 0xff, 0xff, 0xff, 0xff, 0xff, 0xff, 0xff, 0xff, 0x80, 0xff, 0xff, 0xff, 0xff, 0xff, 0xc1, 0xff, 0xff, 0xf6, 0x3f, 0xff, 0xff, 0x53,
    0xff, 0xff, 0xf6, 0x3f, 0xff, 0xff, 0x44, 0x3f, 0x8c, 0xfc, 0x5d, 0x3f, 0xaa, 0xfe, 0x3c, 0x4f, 0xb9, 0xff, 0x02, 0xbf, 0x14, 0x74, 0xf1, 0x29,
    0x35, 0x47, 0x67, 0x37, 0x47, 0x4a, 0x32, 0x32, 0x33, 0x36, 0x45, 0x84, 0x67, 0x33, 0x23, 0x38, 0x61, 0x32, 0x92, 0x23, 0x35, 0x31, 0x44, 0x67,
    0x32, 0x42, 0x38, 0x67, 0x81, 0x42, 0x31, 0x31, 0x93, 0x31, 0x21, 0x33, 0x31, 0x52, 0x38, 0x31, 0x21, 0x33, 0x71, 0x52, 0x31, 0x32, 0x83, 0x33,
    0x43, 0x31, 0x33, 0x48, 0x33, 0x43, 0x35, 0x33, 0x41, 0x45, 0x43, 0xf1, 0x19, 0x34, 0x2f, 0x15, 0x92, 0xc4, 0xf1, 0x28, 0x26, 0x1f, 0x16, 0x83,
    0xa7, 0x53, 0x45, 0x54, 0x31, 0x14, 0x53, 0x58, 0x57, 0x7f, 0xf4, 0x3b, 0x3f, 0xff, 0xf2, 0x41, 0x3a, 0x3f, 0xff, 0xf2, 0x51, 0x39, 0x3f, 0xff,
    0xf2, 0x21, 0x22, 0x2f, 0xff, 0xff, 0x03, 0x32, 0xff, 0xff, 0xe3, 0x42, 0xff, 0xff, 0xe3, 0x33, 0xff, 0xff, 0xe8, 0xff, 0xff, 0xf2, 0x5f, 0xff,
    0xff, 0xff, 0xff, 0xff, 0xff, 0xff, 0xff, 0xff, 0xe0, 0xff, 0xff, 0xfc, 0x1f, 0x21, 0xff, 0xf6, 0x3f, 0x03, 0xff, 0xf5, 0x3f, 0x04, 0xff, 0xf4,
    0x3f, 0x13, 0xff, 0xf4, 0x3f, 0x04, 0xff, 0x6f, 0x12, 0xf2, 0x3a, 0x35, 0x35, 0x7f, 0x12, 0xf1, 0x3b, 0x1f, 0x25, 0xe4, 0xe5, 0xb1, 0xf3, 0xa3,
    0xf1, 0x2a, 0x39, 0x33, 0x44, 0x46, 0xd5, 0x32, 0x33, 0x33, 0x39, 0x34, 0x26, 0x34, 0xf1, 0x26, 0x13, 0x11, 0x13, 0x38, 0x54, 0x54, 0x14, 0x3f,
    0x12, 0x64, 0x31, 0x33, 0x75, 0x44, 0x51, 0x43, 0x33, 0x43, 0x32, 0x31, 0x21, 0x31, 0x62, 0x75, 0x54, 0xa3, 0x33, 0x43, 0x32, 0x33, 0x41, 0x62,
    0x39, 0x36, 0x21, 0x64, 0xf1, 0x2f, 0x22, 0x57, 0x72, 0x94, 0xf1, 0x2f, 0x13, 0x57, 0x72, 0x87, 0x52, 0x56, 0x53, 0x64, 0x48, 0x54, 0x6f, 0xf8,
    0x1f, 0xff, 0xff, 0xff, 0xff, 0xff, 0xff, 0xff, 0xff, 0xff, 0xff, 0xff, 0xff, 0xff, 0xff, 0xff, 0xff, 0xff, 0xff, 0xff, 0xff, 0xff, 0xff, 0xff,
    0xff, 0xff, 0xff, 0xf7, 0xff, 0xfc, 0x1f, 0xf8, 0x4f, 0xf8, 0x3f, 0xf8, 0x3f, 0xf8, 0x3f, 0xaf, 0x13, 0x57, 0x28, 0xf1, 0x27, 0x53, 0x8e, 0x48,
    0x43, 0xf4, 0x42, 0x42, 0xaa, 0x37, 0x42, 0x22, 0xb8, 0x67, 0x34, 0x51, 0x52, 0x17, 0x67, 0x33, 0x48, 0x37, 0x31, 0x21, 0x33, 0x32, 0x43, 0x33,
    0x46, 0x33, 0x43, 0x32, 0x33, 0x43, 0x46, 0xf1, 0x2f, 0x17, 0xf1, 0x2f, 0x11, 0x26, 0x53, 0x55, 0x53, 0x52, 0x3f, 0xf9, 0x2f, 0xf9, 0x2f, 0xf8,
    0x3f, 0xf7, 0x3f, 0xf1, 0xaf, 0xf1, 0x9f, 0xf2, 0x7f, 0xff, 0xff, 0xff, 0xff, 0xff, 0xff, 0xf0, 0xff, 0xff, 0xf7, 0x4b, 0x6f, 0x07, 0x8a, 0xd3,
    0x13, 0x8c, 0xb3, 0x23, 0x64, 0x54, 0xb8, 0x79, 0x13, 0xb7, 0x7e, 0xe3, 0x7e, 0x97, 0x84, 0x55, 0xa5, 0x32, 0x34, 0x74, 0x93, 0x54, 0x23, 0x93,
    0x76, 0x53, 0x23, 0x94, 0x67, 0x43, 0x23, 0x33, 0x33, 0x73, 0x14, 0x33, 0x23, 0x34, 0x23, 0x73, 0x29, 0x2f, 0x07, 0x33, 0x83, 0xe7, 0x34, 0x56,
    0x43, 0x5f, 0xff, 0xfd, 0x5f, 0xf2, 0x8f, 0xe3, 0x33, 0xfe, 0x25, 0x3f, 0xd2, 0x13, 0x13, 0xfd, 0x9f, 0xf0, 0x31, 0x4f, 0xf3, 0x2f, 0xf5, 0x3f,
    0xff, 0xff, 0x60, 0xff, 0xff, 0xff, 0xf4, 0x1f, 0xff, 0xfc, 0x1f, 0x24, 0xa5, 0xff, 0xfa, 0x3f, 0x23, 0x98, 0xff, 0xf8, 0x3f, 0x23, 0x99, 0xff,
    0xf8, 0x3f, 0x13, 0x93, 0x25, 0xff, 0xf6, 0x43, 0xf1, 0x9a, 0x55, 0x3f, 0x86, 0xd3, 0xf1, 0x96, 0x13, 0x47, 0x2f, 0xa4, 0xc4, 0xed, 0x32, 0x42,
    0x82, 0xfb, 0x3b, 0xf1, 0x4e, 0x72, 0x32, 0x48, 0x25, 0x17, 0x48, 0x67, 0x37, 0x4c, 0x82, 0x32, 0x43, 0x32, 0x32, 0x47, 0x46, 0x84, 0x67, 0x3c,
    0x31, 0x42, 0x82, 0x61, 0x33, 0x33, 0x23, 0x36, 0x31, 0x44, 0x67, 0x37, 0x41, 0x91, 0x82, 0x67, 0x32, 0x42, 0x32, 0x31, 0x93, 0x31, 0x21, 0x33,
    0x38, 0x32, 0x81, 0x64, 0x31, 0x21, 0x33, 0x31, 0x52, 0x32, 0x32, 0x83, 0x33, 0x43, 0x38, 0x36, 0x32, 0x37, 0x33, 0x43, 0x31, 0x33, 0x42, 0x45,
    0x43, 0xf1, 0x24, 0x2c, 0x34, 0x5f, 0x11, 0x93, 0xc4, 0xf1, 0x16, 0x2a, 0x45, 0x4f, 0x12, 0x84, 0xa7, 0x53, 0x52, 0x31, 0x15, 0x76, 0x37, 0x53,
    0x45, 0x58, 0x7f, 0x83, 0xf7, 0x1f, 0xff, 0xf3, 0x41, 0x3f, 0xff, 0xff, 0xa5, 0x13, 0xff, 0xff, 0xf9, 0x21, 0x22, 0x2f, 0xff, 0xff, 0xa3, 0x32,
    0xff, 0xff, 0xf9, 0x34, 0x2f, 0xff, 0xff, 0x93, 0x33, 0xff, 0xff, 0xf9, 0x8f, 0xff, 0xff, 0xc5, 0xff, 0xff, 0xff, 0xff, 0xff, 0xff, 0xff, 0xff,
    0xff, 0xff, 0xff, 0xf5, 0xff, 0xff, 0xff, 0xff, 0x51, 0xff, 0xf0, 0x1f, 0xff, 0xf0, 0x44, 0x6f, 0xf3, 0x3f, 0xff, 0xf0, 0x33, 0x9f, 0xf1, 0x3f,
    0xf8, 0x5f, 0x23, 0x2b, 0xff, 0x13, 0xff, 0x57, 0xf2, 0x32, 0x35, 0x3f, 0xf0, 0x4f, 0xf5, 0x65, 0xf1, 0x2c, 0x55, 0x66, 0x3f, 0x75, 0xf5, 0x7f,
    0x13, 0xb4, 0x73, 0x92, 0x71, 0xf1, 0x3f, 0x75, 0xe5, 0xb3, 0x83, 0xa1, 0x63, 0xf1, 0x2f, 0x7f, 0x14, 0x34, 0x45, 0x23, 0x24, 0x14, 0x44, 0x34,
    0x34, 0x74, 0xb4, 0x23, 0x13, 0x73, 0x74, 0x23, 0x64, 0x23, 0x24, 0x13, 0x54, 0x43, 0x44, 0x74, 0xb4, 0x13, 0x13, 0x56, 0x73, 0x23, 0x73, 0x28,
    0x23, 0x63, 0x44, 0x43, 0x32, 0x33, 0x33, 0x63, 0x26, 0x56, 0x73, 0x23, 0x73, 0x28, 0x23, 0x63, 0x44, 0x43, 0x24, 0x23, 0x17, 0x43, 0x34, 0x63,
    0x12, 0x13, 0x33, 0x23, 0x64, 0x26, 0x43, 0x63, 0x44, 0x43, 0x15, 0x23, 0x17, 0x43, 0xd3, 0x34, 0x33, 0x24, 0x44, 0x33, 0x74, 0x44, 0x44, 0x43,
    0x13, 0x34, 0x13, 0x14, 0x33, 0xdf, 0x13, 0xb4, 0x46, 0xfb, 0x19, 0x23, 0x29, 0xdf, 0x13, 0xa5, 0x55, 0xfa, 0x38, 0x23, 0x38, 0xf0, 0x53, 0x56,
    0x68, 0x38, 0x63, 0x53, 0x55, 0x54, 0x34, 0x5f, 0xff, 0x71, 0xff, 0xff, 0xff, 0xff, 0xff, 0xff, 0xff, 0xff, 0xff, 0xff, 0xff, 0xff, 0xff, 0xff,
    0xff, 0xff, 0xff, 0xff, 0xff, 0xff, 0xff, 0xff, 0xff, 0xff, 0xff, 0xff, 0xff, 0xff, 0xff, 0xff, 0xff, 0xff, 0xff, 0xff, 0xff, 0xff, 0xff, 0xff,
    0xff, 0xff, 0xff, 0xff, 0x80, 0xff, 0xff, 0xe1, 0xff, 0x21, 0xf7, 0x44, 0x6f, 0x44, 0xf7, 0x33, 0x9f, 0x33, 0xf7, 0x32, 0xbf, 0x23, 0xf7, 0x32,
    0x35, 0x3f, 0x23, 0x9f, 0x12, 0xc3, 0xf1, 0x21, 0x6f, 0x13, 0xb3, 0xf1, 0x13, 0x5e, 0x5b, 0x3e, 0x34, 0xb2, 0x51, 0x34, 0x45, 0x92, 0x93, 0x63,
    0x23, 0x24, 0x23, 0x64, 0x43, 0x23, 0x23, 0x33, 0x46, 0x13, 0x33, 0x23, 0x73, 0x26, 0x13, 0x29, 0x46, 0x73, 0x23, 0x73, 0x26, 0x78, 0x43, 0x12,
    0x13, 0x33, 0x23, 0x64, 0x23, 0x12, 0x13, 0x37, 0x53, 0x34, 0x33, 0x24, 0x44, 0x33, 0x34, 0x33, 0x9f, 0x13, 0xb3, 0xf1, 0x9f, 0x13, 0xa4, 0xf1,
    0xb5, 0x34, 0x76, 0x85, 0x35, 0xff, 0xf5, 0x3f, 0xff, 0xa3, 0xff, 0xfa, 0x3f, 0xff, 0xff, 0xff, 0xff, 0xff, 0xff, 0xff, 0xff, 0xff, 0xff, 0xff,
    0xff, 0xff, 0xff, 0xff, 0xff, 0xff, 0xa0, 0x44, 0xff, 0x07, 0xf6, 0x15, 0x8f, 0x44, 0x43, 0x24, 0xf4, 0x34, 0x32, 0x4f, 0x43, 0x59, 0xf3, 0x36,
    0x85, 0xf1, 0x59, 0x5f, 0x14, 0xb4, 0xe6, 0x42, 0x6e, 0x46, 0x22, 0x84, 0x37, 0x45, 0x72, 0x32, 0x67, 0x34, 0x73, 0x32, 0x67, 0x34, 0x37, 0x32,
    0x31, 0x21, 0x33, 0x34, 0x36, 0x42, 0x33, 0x43, 0x34, 0xc3, 0xf1, 0x4b, 0x4f, 0x16, 0x78, 0x53, 0x5f, 0xff, 0xff, 0xff, 0xff, 0xff, 0xff, 0xff,
    0xff, 0xff, 0xff, 0xff, 0xff, 0xff, 0xf3, 0xff, 0xff, 0x91, 0xc4, 0xf5, 0x39, 0x7f, 0x43, 0x93, 0x13, 0xf4, 0x39, 0x32, 0x3f, 0x33, 0x98, 0x6f,
    0x0a, 0x76, 0xf0, 0xe3, 0x6e, 0xa7, 0x84, 0x54, 0xb5, 0x32, 0x34, 0x74, 0x93, 0x54, 0x23, 0x93, 0x76, 0x53, 0x23, 0x93, 0x77, 0x43, 0x23, 0x33,
    0x34, 0x63, 0x14, 0x33, 0x23, 0x34, 0x23, 0x73, 0x29, 0x2f, 0x07, 0x33, 0x83, 0xe7, 0x34, 0x56, 0x43, 0x5f, 0xff, 0xfd, 0x5f, 0xf2, 0x8f, 0xe3,
    0x33, 0xfe, 0x25, 0x3f, 0xd2, 0x13, 0x13, 0xfd, 0x9f, 0xf0, 0x31, 0x4f, 0xf3, 0x2f, 0xf5, 0x3f, 0xff, 0xff, 0x60, 0xff, 0xff, 0xff, 0x41, 0xff,
    0xf5, 0x3f, 0xff, 0x43, 0xff, 0xf4, 0x3f, 0xff, 0x43, 0xaf, 0x66, 0xf0, 0xaf, 0x84, 0xf0, 0xaf, 0x93, 0xef, 0x22, 0xc4, 0x44, 0x54, 0xf2, 0x32,
    0x37, 0x42, 0x47, 0x4c, 0x31, 0x23, 0x33, 0x23, 0x32, 0x39, 0x3a, 0x65, 0x32, 0x42, 0x32, 0x39, 0x3a, 0x74, 0x31, 0x52, 0x32, 0x33, 0x33, 0x49,
    0x31, 0x43, 0x31, 0x33, 0x42, 0x33, 0x42, 0x3a, 0x32, 0x91, 0x93, 0xf0, 0x24, 0x43, 0x38, 0x28, 0x4e, 0x16, 0x33, 0x45, 0x55, 0x74, 0x35, 0x23,
    0x11, 0xff, 0x73, 0x73, 0xff, 0x93, 0x34, 0x13, 0xff, 0x83, 0x35, 0x13, 0xff, 0xd2, 0x12, 0x22, 0xff, 0xe3, 0x32, 0xff, 0xd3, 0x42, 0xff, 0xd3,
    0x33, 0xff, 0xd8, 0xff, 0xf1, 0x5f, 0xff, 0xff, 0xff, 0xff, 0xfa, 0xff, 0xfa, 0x2f, 0xfa, 0x3f, 0x83, 0xf0, 0x3f, 0x83, 0xe3, 0xf8, 0x3e, 0x3f,
    0x83, 0x4d, 0x22, 0x65, 0x38, 0x4c, 0x34, 0x37, 0x28, 0x4b, 0x44, 0x38, 0x25, 0x64, 0x26, 0x44, 0x23, 0x23, 0x44, 0x62, 0x28, 0x44, 0x12, 0x23,
    0x63, 0x76, 0x23, 0x53, 0x34, 0x83, 0x47, 0x33, 0x53, 0x24, 0x93, 0x44, 0x54, 0x53, 0x14, 0x33, 0x43, 0x43, 0x55, 0x44, 0x13, 0x34, 0x34, 0x4f,
    0x52, 0xf2, 0x4b, 0x18, 0x2f, 0x17, 0x74, 0x65, 0x53, 0x5f, 0xf5, 0x3f, 0xfa, 0x3f, 0xfa, 0x3f, 0xff, 0xff, 0xff, 0xff, 0xff, 0xff, 0xff, 0xff,
    0xff, 0xff, 0xff, 0xff, 0xf6, 0xff, 0xf7, 0x2f, 0x41, 0xf2, 0x3f, 0x33, 0xf2, 0x3f, 0x23, 0xf2, 0x3f, 0x33, 0xf1, 0x3f, 0x24, 0x6d, 0x22, 0x5c,
    0x6c, 0x34, 0x3b, 0x7b, 0x44, 0x3a, 0x84, 0x26, 0x44, 0x73, 0xb2, 0x28, 0x44, 0x1c, 0x86, 0x23, 0x53, 0x1c, 0x67, 0x33, 0x53, 0x15, 0x25, 0x64,
    0x54, 0x53, 0x22, 0x53, 0x73, 0x55, 0x44, 0x14, 0x43, 0x7f, 0x52, 0xb7, 0xb1, 0x83, 0xa9, 0x74, 0x65, 0x7f, 0xff, 0xff, 0x23, 0x23, 0xff, 0x1a,
    0xff, 0x02, 0x23, 0x13, 0xfe, 0x23, 0x12, 0x3f, 0xe3, 0x52, 0xff, 0x12, 0x52, 0xff, 0xff, 0xff, 0xff, 0xff, 0xff, 0xf6, 0xff, 0xff, 0xfa, 0x1f,
    0xff, 0x13, 0xff, 0xf0, 0x3f, 0xff, 0x03, 0xff, 0xf0, 0x3c, 0x56, 0x18, 0xf1, 0xb7, 0x43, 0x7f, 0x1b, 0x83, 0x46, 0xec, 0x42, 0x33, 0x5b, 0x3f,
    0x32, 0x23, 0x64, 0x6d, 0xe4, 0x74, 0x4f, 0x1c, 0x49, 0x34, 0xf1, 0xb4, 0x33, 0x43, 0x43, 0x34, 0x33, 0xb3, 0x34, 0x34, 0x43, 0x34, 0x33, 0xbf,
    0x15, 0xf1, 0xbf, 0x12, 0x21, 0xf1, 0x32, 0x85, 0x35, 0x33, 0x25, 0x25, 0x52, 0xfa, 0x2f, 0x42, 0xfa, 0x2f, 0x44, 0xf7, 0x3f, 0x36, 0xf5, 0x3f,
    0x34, 0x12, 0xda, 0xf2, 0x8d, 0x9f, 0x33, 0x14, 0xd7, 0xf6, 0x24, 0x2f, 0xfa, 0x8f, 0xfb, 0x6f, 0xff, 0xff, 0xff, 0xff, 0xa0, 0xff, 0xff, 0xff,
    0x91, 0xff, 0xf6, 0x3f, 0xff, 0x53, 0xff, 0xf5, 0x3f, 0xff, 0x53, 0x85, 0x35, 0xf2, 0xf0, 0x7f, 0x06, 0x55, 0xf0, 0x7f, 0x13, 0x93, 0xe8, 0x33,
    0x43, 0x32, 0xa4, 0x45, 0x4a, 0x38, 0x41, 0x43, 0x42, 0x47, 0x47, 0x67, 0x41, 0x35, 0x32, 0x39, 0x37, 0x67, 0x41, 0x35, 0x32, 0x39, 0x37, 0x31,
    0x21, 0x33, 0x41, 0x35, 0x32, 0x33, 0x33, 0x46, 0x33, 0x43, 0x32, 0x43, 0x42, 0x33, 0x42, 0x37, 0xf1, 0x2a, 0x3f, 0x07, 0xf1, 0x39, 0x4e, 0x12,
    0x65, 0x34, 0x75, 0x74, 0x35, 0x23, 0xff, 0xf6, 0x2f, 0xff, 0x62, 0xff, 0xf5, 0x3f, 0xff, 0x43, 0xff, 0xda, 0xff, 0xd9, 0xff, 0xe7, 0xff, 0xff,
    0xff, 0xff, 0xff, 0xff, 0xff, 0xff, 0xff, 0x00, 0xff, 0xff, 0xb5, 0xf5, 0x1f, 0xf2, 0x7f, 0x33, 0x85, 0xf2, 0x32, 0x3f, 0x33, 0x78, 0xf1, 0x31,
    0x3f, 0x33, 0x79, 0xf4, 0x3f, 0x33, 0x73, 0x25, 0x5f, 0x16, 0xf0, 0x7a, 0x5f, 0x07, 0xf0, 0x76, 0x13, 0x5e, 0x8e, 0xa3, 0x24, 0xf0, 0x48, 0x45,
    0x4c, 0x76, 0x37, 0x46, 0x47, 0x4a, 0x84, 0x67, 0x36, 0x39, 0x3a, 0x31, 0x44, 0x67, 0x36, 0x39, 0x35, 0x41, 0x93, 0x31, 0x21, 0x33, 0x36, 0x33,
    0x33, 0x45, 0x32, 0x83, 0x33, 0x43, 0x32, 0x22, 0x33, 0x42, 0x36, 0x36, 0x34, 0xf1, 0x22, 0x2f, 0x06, 0xc4, 0xf1, 0x23, 0x2e, 0x7a, 0x75, 0x34,
    0x42, 0x44, 0x35, 0x33, 0x47, 0xf8, 0x38, 0x39, 0x2f, 0xe3, 0x32, 0x83, 0x33, 0x32, 0xfd, 0x52, 0x28, 0x32, 0x52, 0x2f, 0xc3, 0x12, 0x23, 0xb3,
    0x12, 0x23, 0xfb, 0x62, 0x3b, 0x62, 0x2f, 0xc6, 0x23, 0xb6, 0x22, 0xfd, 0x24, 0x3d, 0x24, 0x3f, 0xd9, 0xd8, 0xff, 0x06, 0xf1, 0x6f, 0xff, 0xff,
    0xff, 0xff, 0xff, 0xfe, 0xff, 0xff, 0xe1, 0xff, 0x64, 0xff, 0x63, 0xff, 0x63, 0xff, 0x63, 0x55, 0x61, 0x6f, 0x14, 0x74, 0x35, 0xf1, 0x48, 0x34,
    0x4e, 0x54, 0x23, 0x35, 0xe4, 0x52, 0x23, 0x64, 0x43, 0x74, 0x64, 0x74, 0x26, 0x73, 0x54, 0x93, 0x26, 0x73, 0x44, 0x33, 0x43, 0x23, 0x12, 0x13,
    0x33, 0x43, 0x34, 0x34, 0x23, 0x34, 0x33, 0x4f, 0x13, 0xf1, 0x4f, 0x13, 0xf1, 0x65, 0x35, 0x65, 0x35, 0xff, 0xff, 0xff, 0xff, 0xff, 0xff, 0xff,
    0xff, 0xff, 0xff, 0xff, 0xff, 0xff, 0xff, 0xff, 0xf6, 0xff, 0xff, 0xff, 0xff, 0xa1, 0xff, 0xff, 0x44, 0xff, 0xff, 0x43, 0xff, 0xff, 0x43, 0xff,
    0xff, 0x43, 0x55, 0x3f, 0x07, 0x54, 0x16, 0xf1, 0x47, 0x2f, 0x24, 0x73, 0x34, 0xf1, 0x48, 0x2f, 0x22, 0x82, 0x53, 0xe6, 0x32, 0x34, 0x38, 0x42,
    0x32, 0x33, 0x4e, 0x45, 0x22, 0x36, 0x38, 0x41, 0x84, 0x35, 0x37, 0x46, 0x48, 0x33, 0x23, 0x31, 0x84, 0x42, 0x67, 0x35, 0x49, 0x32, 0x42, 0x31,
    0x75, 0x33, 0x67, 0x34, 0x43, 0x34, 0x31, 0x52, 0x31, 0x39, 0x33, 0x31, 0x21, 0x33, 0x34, 0x33, 0x43, 0x41, 0x33, 0x41, 0x56, 0x43, 0x33, 0x43,
    0x34, 0xf2, 0x19, 0x3d, 0x4f, 0x14, 0xf1, 0x38, 0x4b, 0x5f, 0x16, 0x53, 0x55, 0x58, 0x88, 0x53, 0x5f, 0xff, 0xff, 0xff, 0xff, 0xff, 0xff, 0xff,
    0xff, 0xff, 0xff, 0xff, 0xff, 0xff, 0xff, 0xff, 0xff, 0xff, 0xff, 0xff, 0xff, 0xff, 0xff, 0xff, 0xff, 0xff, 0xff, 0xc0, 0xff, 0xff, 0x9c, 0xff,
    0x71, 0xbe, 0xff, 0x34, 0xaf, 0x0f, 0xf3, 0x3d, 0x35, 0x4f, 0xf3, 0x3d, 0x45, 0x4f, 0xf2, 0x34, 0xc2, 0x23, 0x34, 0x54, 0x15, 0xf1, 0x4c, 0x14,
    0x23, 0x37, 0x33, 0x3f, 0x14, 0xb1, 0x52, 0x32, 0x82, 0x52, 0xeb, 0x34, 0x33, 0x42, 0x32, 0x33, 0x4d, 0x45, 0xf6, 0x38, 0x43, 0x43, 0x74, 0x4c,
    0x18, 0x38, 0x44, 0x16, 0x73, 0x45, 0x25, 0x25, 0x57, 0x53, 0x26, 0x73, 0x52, 0x53, 0xd3, 0x93, 0x23, 0x12, 0x13, 0x33, 0x44, 0x43, 0xd5, 0x64,
    0x23, 0x34, 0x33, 0x4b, 0xed, 0x3f, 0x15, 0xaf, 0x0b, 0x4f, 0x16, 0x7f, 0x48, 0x75, 0x35, 0xff, 0xff, 0xff, 0xff, 0xff, 0xff, 0xff, 0xff, 0xff,
    0xff, 0xff, 0xff, 0xff, 0xff, 0xff, 0xff, 0xff, 0xff, 0xff, 0xff, 0xff, 0xff, 0xff, 0xff, 0xf0, 0xff, 0xff, 0x05, 0xff, 0xf1, 0x78, 0x5f, 0xf2,
    0x31, 0x46, 0x8f, 0xf0, 0x32, 0x36, 0x9f, 0xf3, 0x46, 0x32, 0x5f, 0x8c, 0x7a, 0x65, 0x41, 0x7c, 0x76, 0x13, 0x57, 0x33, 0x5b, 0xa3, 0x24, 0x38,
    0x25, 0x96, 0xc7, 0x33, 0x23, 0x34, 0x88, 0xa8, 0x38, 0x43, 0x83, 0x14, 0xa3, 0x14, 0x38, 0x44, 0x33, 0x19, 0x44, 0x19, 0x27, 0x53, 0x43, 0x28,
    0x53, 0x28, 0x23, 0x93, 0x44, 0x54, 0x12, 0x23, 0x63, 0x35, 0x64, 0x4c, 0x22, 0x2c, 0x4d, 0x6a, 0x33, 0x2a, 0x6b, 0x97, 0x42, 0x57, 0x98, 0xf5,
    0x3f, 0xfe, 0x33, 0x2f, 0xfd, 0x52, 0x2f, 0xfc, 0x31, 0x22, 0x3f, 0xfb, 0x62, 0x3f, 0xfb, 0x62, 0x3f, 0xfc, 0x24, 0x3f, 0xfd, 0x9f, 0xfe, 0x6f,
    0xff, 0xff, 0xff, 0xff, 0xff, 0xfc, 0xff, 0xff, 0x11, 0xe1, 0xff, 0x23, 0xc3, 0xff, 0x13, 0xc4, 0xff, 0x13, 0xc3, 0xff, 0x04, 0xb4, 0xf6, 0xd2,
    0xd2, 0x57, 0x25, 0xc3, 0xc2, 0x75, 0x35, 0xb4, 0xb3, 0x84, 0x37, 0x33, 0x35, 0x34, 0x41, 0x42, 0xa6, 0x35, 0x33, 0x36, 0x32, 0x22, 0xb5, 0x45,
    0x33, 0x37, 0x33, 0x51, 0x52, 0x14, 0x45, 0x42, 0x37, 0x32, 0x48, 0x34, 0x36, 0x42, 0x36, 0x41, 0x43, 0x33, 0x43, 0x36, 0x42, 0x44, 0x51, 0x33,
    0x43, 0x43, 0x36, 0x43, 0xb2, 0xf1, 0x43, 0x64, 0x3a, 0x3f, 0x14, 0x36, 0x45, 0x76, 0x53, 0x5f, 0xff, 0xff, 0xff, 0xff, 0xff, 0xff, 0xff, 0xff,
    0xff, 0xff, 0xff, 0xff, 0xff, 0xff, 0xff, 0xff, 0xff, 0xff, 0xff, 0x60, 0xff, 0xff, 0xe1, 0xf0, 0x5f, 0xf5, 0x4d, 0x7f, 0xf5, 0x3d, 0x31, 0x4f,
    0xf4, 0x3d, 0x8f, 0xf4, 0x3e, 0x7f, 0x6f, 0x14, 0x53, 0x83, 0x57, 0x25, 0xf1, 0x2f, 0x32, 0x75, 0x35, 0xe4, 0xf3, 0x28, 0x43, 0xf1, 0x43, 0x33,
    0x44, 0x41, 0x42, 0xa7, 0x37, 0x42, 0x34, 0x26, 0x32, 0x22, 0xb5, 0x67, 0x33, 0x45, 0x41, 0x43, 0x51, 0x52, 0x14, 0x67, 0x33, 0x44, 0x51, 0x42,
    0x48, 0x34, 0x31, 0x21, 0x33, 0x32, 0x54, 0xa1, 0x43, 0x33, 0x43, 0x33, 0x43, 0x32, 0x36, 0x21, 0x62, 0x33, 0x43, 0x43, 0xf1, 0x27, 0x29, 0x2f,
    0x14, 0xf1, 0x27, 0x28, 0x3f, 0x16, 0x53, 0x54, 0x55, 0x56, 0x53, 0x5f, 0xff, 0xff, 0xff, 0xff, 0xff, 0xff, 0xff, 0xff, 0xff, 0xff, 0xff, 0xff,
    0xff, 0xff, 0xff, 0xff, 0xff, 0xff, 0xff, 0xff, 0xff, 0xff, 0xf9, 0xff, 0xf5, 0x6f, 0xf6, 0x9b, 0x4f, 0x3b, 0x96, 0xf2, 0x32, 0x77, 0x32, 0x3f,
    0x1d, 0x63, 0x23, 0xf2, 0x62, 0x47, 0x7f, 0x33, 0x54, 0x76, 0xfb, 0x4a, 0x3f, 0xc3, 0x66, 0xf1, 0x39, 0x34, 0x38, 0x38, 0x68, 0x32, 0x65, 0x11,
    0x38, 0x68, 0x32, 0x64, 0x76, 0x32, 0x21, 0x34, 0x31, 0x32, 0x21, 0x31, 0x66, 0x34, 0x43, 0x41, 0x34, 0x41, 0x67, 0xf1, 0x3f, 0x18, 0xf1, 0x3f,
    0x11, 0x27, 0x53, 0x56, 0x53, 0x61, 0x3f, 0xf7, 0x13, 0x2f, 0xf3, 0x43, 0x3f, 0xf2, 0x52, 0x4f, 0xf2, 0x21, 0x22, 0x4f, 0xf2, 0x54, 0x2f, 0xf2,
    0x22, 0x32, 0x2f, 0xf2, 0xbf, 0xf3, 0x41, 0x4f, 0xff, 0xff, 0xff, 0xff, 0xff, 0xa0, 0xff, 0xff, 0x72, 0xc1, 0xe6, 0xf4, 0x3b, 0x3c, 0x9f, 0x33,
    0xa3, 0xbb, 0xf2, 0x3b, 0x3a, 0x32, 0x7f, 0x13, 0xa4, 0xad, 0x5d, 0x2c, 0x12, 0x86, 0x24, 0x5c, 0x3b, 0x24, 0x74, 0x43, 0x5b, 0x4a, 0x34, 0xf0,
    0x44, 0x42, 0x68, 0x36, 0x4f, 0x03, 0x52, 0x28, 0x2c, 0x34, 0xe3, 0x66, 0x23, 0x2c, 0x43, 0x43, 0x73, 0x47, 0x33, 0x25, 0x25, 0x43, 0x26, 0x63,
    0x44, 0x54, 0x32, 0x53, 0x53, 0x27, 0x53, 0x43, 0x54, 0x34, 0x43, 0x44, 0x23, 0x14, 0x34, 0x4c, 0x3f, 0x33, 0x32, 0x95, 0xb5, 0xf2, 0x33, 0x38,
    0x77, 0x87, 0x26, 0x43, 0x46, 0xff, 0xff, 0xff, 0xff, 0xff, 0xff, 0xff, 0xff, 0xff, 0xff, 0xff, 0xff, 0xff, 0xff, 0xff, 0xff, 0xff, 0xff, 0xff,
    0xff, 0xff, 0xff, 0x40, 0xff, 0xff, 0xff, 0xf3, 0x2d, 0x1f, 0xff, 0xb1, 0xf3, 0x3c, 0x3f, 0xff, 0x93, 0xf3, 0x3b, 0x3f, 0xff, 0x93, 0xf3, 0x3c,
    0x3f, 0xff, 0x83, 0xf3, 0x3b, 0x4f, 0xff, 0x83, 0x55, 0x38, 0x2d, 0x12, 0x6f, 0x89, 0xf0, 0x47, 0x27, 0x3c, 0x24, 0x4f, 0xa7, 0xf0, 0x43, 0x14,
    0x25, 0x4b, 0x34, 0x4f, 0xb6, 0xe5, 0x31, 0x44, 0x39, 0x64, 0x4a, 0x2d, 0x47, 0x45, 0x45, 0x21, 0x42, 0x86, 0x84, 0x44, 0x32, 0x33, 0x37, 0x45,
    0x47, 0x46, 0x43, 0x86, 0x31, 0x45, 0x32, 0x61, 0x31, 0x11, 0x33, 0x23, 0x35, 0x39, 0x35, 0x45, 0x72, 0x31, 0x94, 0x32, 0x64, 0x31, 0x31, 0x42,
    0x35, 0x39, 0x34, 0x43, 0x33, 0x33, 0x32, 0x84, 0x32, 0x31, 0x21, 0x31, 0xb2, 0x35, 0x33, 0x33, 0x43, 0x33, 0x43, 0x42, 0x45, 0x43, 0x42, 0x33,
    0x41, 0x93, 0x45, 0x33, 0x42, 0x34, 0xf2, 0x2f, 0x43, 0xfb, 0x6f, 0x05, 0xf0, 0x4f, 0x33, 0xf1, 0x28, 0x7e, 0x65, 0x35, 0x77, 0x26, 0x65, 0x36,
    0x35, 0x43, 0x34, 0x35, 0xff, 0xff, 0x01, 0xe2, 0xff, 0xff, 0xff, 0x03, 0xff, 0xff, 0xf6, 0x35, 0x3f, 0xff, 0xff, 0x54, 0x62, 0xff, 0xff, 0xf5,
    0x21, 0x11, 0x22, 0x3f, 0xff, 0xff, 0x5b, 0xff, 0xff, 0xf7, 0x42, 0x3f, 0xff, 0xff, 0xff, 0xff, 0xff, 0xff, 0xff, 0xff, 0xff, 0xff, 0xff, 0xff,
    0xff, 0xff, 0xff, 0xe0, 0xff, 0xff, 0xf7, 0x1f, 0xfb, 0x3f, 0xfa, 0x3f, 0xfb, 0x3f, 0xf9, 0x43, 0xf6, 0x6d, 0x3f, 0x84, 0xc4, 0xf9, 0x3b, 0xe4,
    0x74, 0x53, 0x33, 0xf0, 0x47, 0x43, 0x35, 0x36, 0x36, 0x33, 0x23, 0x32, 0x45, 0x34, 0x74, 0x32, 0x42, 0x32, 0x45, 0x43, 0x74, 0x31, 0x52, 0x32,
    0x36, 0x43, 0x31, 0x43, 0x31, 0x33, 0x42, 0x36, 0x43, 0x32, 0x91, 0x93, 0x36, 0x43, 0x33, 0x82, 0x83, 0x36, 0x43, 0x34, 0x55, 0x55, 0x36, 0x4f,
    0xff, 0xff, 0xff, 0xff, 0xff, 0xff, 0xff, 0xff, 0xff, 0xff, 0xff, 0xff, 0xff, 0xff, 0xff, 0xff, 0xf7, 0xff, 0xff, 0xff, 0xfe, 0x1f, 0xb1, 0xff,
    0xf5, 0x3f, 0x84, 0xf0, 0x5f, 0xe3, 0xf9, 0x3e, 0x7f, 0xd3, 0xf9, 0x3e, 0x22, 0x3f, 0xd3, 0xf9, 0x3e, 0x8f, 0x1e, 0x22, 0x7f, 0x12, 0x1c, 0x76,
    0x55, 0xe2, 0x45, 0xf1, 0x13, 0xe3, 0x59, 0x3c, 0x44, 0x5e, 0x34, 0xc4, 0x4a, 0x92, 0x94, 0xb2, 0x93, 0x7c, 0x14, 0x34, 0x83, 0x23, 0x44, 0x53,
    0x23, 0x23, 0x33, 0x7c, 0x13, 0x53, 0x43, 0x12, 0x33, 0x53, 0x36, 0x13, 0x29, 0x75, 0x15, 0x23, 0x53, 0x26, 0x53, 0x53, 0x36, 0x78, 0x73, 0x53,
    0x23, 0x53, 0x27, 0x43, 0x53, 0x33, 0x12, 0x13, 0x37, 0x84, 0x43, 0x24, 0x34, 0x23, 0x14, 0x33, 0x44, 0x33, 0x34, 0x33, 0xcb, 0x2a, 0x33, 0x2f,
    0x14, 0xf1, 0xda, 0x39, 0x33, 0x3f, 0x04, 0xf1, 0xe7, 0x75, 0x53, 0x45, 0x26, 0x75, 0x35, 0x63, 0xff, 0xff, 0x23, 0xc2, 0xff, 0xf5, 0x48, 0x36,
    0x33, 0x2f, 0xff, 0x46, 0x73, 0x46, 0x22, 0xff, 0xf4, 0x22, 0x2e, 0x23, 0x5f, 0xff, 0x42, 0x22, 0xe2, 0x34, 0xff, 0xec, 0xe8, 0xff, 0xf0, 0xbf,
    0x1a, 0xff, 0xff, 0xf0, 0x4f, 0xff, 0xff, 0xff, 0xff, 0xff, 0xff, 0xff, 0xff, 0xff, 0xff, 0x20, 0xff, 0x00, 0xff, 0xff, 0xff, 0xa1, 0xff, 0xff,
    0xf4, 0x3f, 0xff, 0x16, 0xfb, 0x3f, 0xfe, 0xaf, 0xa3, 0xff, 0xdc, 0xf7, 0x4f, 0xfc, 0x45, 0x49, 0x63, 0x82, 0x16, 0x26, 0xf4, 0x79, 0x13, 0x69,
    0x27, 0x24, 0x44, 0x4f, 0x65, 0xe5, 0xa1, 0x63, 0x53, 0x44, 0xf7, 0x4e, 0x44, 0x44, 0x34, 0x34, 0x44, 0x53, 0x33, 0x74, 0x44, 0x55, 0x43, 0x54,
    0x43, 0x44, 0x44, 0x33, 0x53, 0x74, 0x24, 0x74, 0x43, 0x63, 0x44, 0x43, 0x53, 0x24, 0x53, 0x32, 0x33, 0x23, 0x93, 0x43, 0x63, 0x44, 0x43, 0x53,
    0x24, 0x54, 0x14, 0x23, 0x23, 0x94, 0x33, 0x63, 0x44, 0x43, 0x53, 0x23, 0x69, 0x23, 0x23, 0x33, 0x33, 0x44, 0x44, 0x44, 0x43, 0x44, 0x23, 0x67,
    0x34, 0x23, 0x34, 0x23, 0x5f, 0xf3, 0x33, 0x6d, 0x3f, 0x05, 0xff, 0x33, 0x36, 0x41, 0x84, 0xe7, 0x63, 0x53, 0x52, 0x64, 0x36, 0x42, 0x57, 0x43,
    0x5f, 0xff, 0xff, 0xff, 0xff, 0xff, 0xff, 0xff, 0xff, 0xff, 0xff, 0xff, 0xff, 0xff, 0xff, 0xff, 0xff, 0xff, 0xff, 0xff, 0xff, 0xff, 0xff, 0xff,
    0xff, 0xff, 0xff, 0xff, 0xff, 0xff, 0xff, 0xff, 0xff, 0x00, 0x44, 0xff, 0xff, 0xff, 0xff, 0xf6, 0x7f, 0xff, 0xd1, 0xfd, 0x1f, 0x31, 0x86, 0xf2,
    0x8f, 0xff, 0xb4, 0xfb, 0x3f, 0x04, 0x69, 0xf0, 0x32, 0x4f, 0xff, 0xb3, 0xfb, 0x3f, 0x13, 0x5b, 0xe3, 0x24, 0xff, 0xfb, 0x3f, 0xb3, 0xf1, 0x35,
    0x32, 0x7e, 0x9f, 0xff, 0xa3, 0xfb, 0x3f, 0x13, 0x5d, 0xe8, 0x85, 0x3f, 0x56, 0xf1, 0x31, 0xbe, 0x3f, 0x16, 0x62, 0x44, 0x18, 0x97, 0x72, 0xf7,
    0x4f, 0x12, 0x49, 0xe3, 0xf1, 0x73, 0x53, 0x33, 0x6b, 0x58, 0x2f, 0x83, 0xe4, 0x58, 0xc5, 0xef, 0x24, 0x15, 0x54, 0x26, 0x43, 0x24, 0x23, 0x44,
    0x74, 0xe4, 0x44, 0xf2, 0x4f, 0x04, 0xf2, 0x33, 0x45, 0x22, 0x83, 0x32, 0x41, 0x36, 0x38, 0x44, 0x37, 0x44, 0x4f, 0x24, 0x53, 0x74, 0x43, 0x93,
    0x43, 0x57, 0x23, 0x38, 0x23, 0x73, 0x32, 0x33, 0x26, 0x73, 0x53, 0x93, 0x63, 0x36, 0x73, 0x26, 0x83, 0x44, 0x37, 0x33, 0x38, 0x23, 0x73, 0x24,
    0x23, 0x26, 0x73, 0x53, 0x77, 0x43, 0x36, 0x73, 0x26, 0x83, 0x53, 0x33, 0x73, 0x36, 0x43, 0x64, 0x15, 0x23, 0x23, 0x12, 0x13, 0x33, 0x53, 0x77,
    0x43, 0x33, 0x12, 0x13, 0x33, 0x13, 0x22, 0x13, 0x43, 0x53, 0x33, 0x64, 0x33, 0x74, 0x45, 0x13, 0x34, 0x23, 0x34, 0x34, 0x34, 0x73, 0x14, 0x33,
    0x33, 0x34, 0x33, 0x13, 0x44, 0x34, 0x44, 0x3c, 0x54, 0x6b, 0x29, 0x3f, 0x97, 0x32, 0x93, 0xf1, 0x2f, 0x94, 0xb3, 0x21, 0x55, 0xa4, 0x83, 0xf8,
    0x83, 0x38, 0x3f, 0x12, 0xf9, 0x67, 0x53, 0x13, 0x87, 0x65, 0x75, 0x35, 0x25, 0x93, 0x45, 0x75, 0x35, 0x55, 0x35, 0x25, 0xf6, 0x23, 0x1f, 0xff,
    0xff, 0xff, 0xff, 0x52, 0xff, 0xff, 0xff, 0xff, 0xf8, 0x3f, 0xff, 0xff, 0xff, 0xff, 0x73, 0xff, 0xff, 0xff, 0xff, 0xf1, 0xaf, 0xff, 0xff, 0xff,
    0xff, 0x19, 0xff, 0xff, 0xff, 0xff, 0xf2, 0x7f, 0xff, 0xff, 0xff, 0xff, 0xff, 0xff, 0xff, 0xff, 0xff, 0xff, 0xff, 0xff, 0xff, 0xff, 0xff, 0xff,
    0xff, 0xff, 0xff, 0xff, 0xff, 0xff, 0xff, 0xff, 0xff, 0xff, 0xff, 0xff, 0x60, 0xff, 0xff, 0xff, 0xff, 0xff, 0xff, 0x21, 0xf5, 0x1f, 0xd1, 0xff,
    0xf2, 0x1f, 0xff, 0x63, 0xf3, 0x3f, 0xb3, 0x75, 0xff, 0x33, 0xff, 0xf5, 0x3f, 0x33, 0xfb, 0x36, 0x8f, 0xf1, 0x3f, 0xff, 0x63, 0xf3, 0x3f, 0xb3,
    0x59, 0xff, 0x13, 0xff, 0xf4, 0x4f, 0x24, 0xfa, 0x45, 0x32, 0x5f, 0xe4, 0xf8, 0x54, 0x54, 0xc4, 0x63, 0x82, 0x1d, 0xd5, 0xa5, 0x56, 0x63, 0xf7,
    0x87, 0x27, 0x3b, 0x39, 0x27, 0x24, 0xbc, 0x66, 0x13, 0x47, 0x39, 0x27, 0x1f, 0x15, 0x82, 0x82, 0xa4, 0xa1, 0x63, 0x5a, 0xb9, 0x32, 0x42, 0x83,
    0xa1, 0x63, 0xf1, 0x43, 0x23, 0x23, 0x23, 0x73, 0x54, 0x44, 0x34, 0x34, 0xf0, 0x6b, 0x72, 0x32, 0x41, 0x44, 0x43, 0x43, 0x47, 0x44, 0x83, 0x22,
    0x32, 0xc1, 0x35, 0x44, 0x34, 0x4d, 0x89, 0x82, 0x32, 0x41, 0x35, 0x44, 0x34, 0x47, 0x43, 0xe1, 0x32, 0xc1, 0x36, 0x34, 0x44, 0x3d, 0x31, 0x49,
    0x31, 0x42, 0x82, 0x36, 0x34, 0x44, 0x33, 0x23, 0x33, 0x71, 0x61, 0x32, 0x52, 0x51, 0x36, 0x34, 0x44, 0x39, 0x31, 0x93, 0x41, 0x91, 0x82, 0x36,
    0x34, 0x44, 0x32, 0x42, 0x33, 0x35, 0xa3, 0x25, 0x32, 0x36, 0x34, 0x44, 0x39, 0x32, 0x84, 0x32, 0x81, 0x64, 0x36, 0x34, 0x44, 0x31, 0x52, 0x33,
    0x58, 0x52, 0x44, 0x32, 0x44, 0x44, 0x44, 0x39, 0x45, 0x44, 0x36, 0x32, 0x37, 0x44, 0x44, 0x44, 0x31, 0x33, 0x44, 0xf1, 0x3b, 0x3f, 0xb9, 0xc5,
    0xc3, 0x46, 0xfb, 0x19, 0x6e, 0x5a, 0x3f, 0xab, 0xa7, 0xa4, 0x55, 0xfa, 0x38, 0x98, 0x97, 0x76, 0x35, 0x35, 0xe7, 0x33, 0x47, 0x63, 0x86, 0x35,
    0x35, 0x55, 0xff, 0x52, 0xff, 0xf7, 0x2f, 0x41, 0xff, 0xff, 0x74, 0x43, 0xff, 0xf0, 0x33, 0x2f, 0xff, 0xff, 0xc4, 0x52, 0xff, 0xe5, 0x22, 0xff,
    0xff, 0xfc, 0x21, 0x42, 0x2f, 0xfd, 0x31, 0x22, 0x3f, 0xff, 0xff, 0xbb, 0xff, 0xd6, 0x22, 0xff, 0xff, 0xfd, 0x41, 0x5f, 0xfd, 0x62, 0x2f, 0xff,
    0xff, 0xf6, 0x2f, 0xfe, 0x24, 0x3f, 0xff, 0xff, 0xf7, 0x1f, 0xfe, 0x8f, 0xff, 0xff, 0xff, 0xff, 0x96, 0xff, 0xff, 0xff, 0xff, 0xff, 0xff, 0xff,
    0xff, 0xff, 0xff, 0xff, 0xff, 0xff, 0xff, 0xff, 0xff, 0xff, 0x90, 0xff, 0xff, 0xff, 0xff, 0xff, 0xfe, 0x1e, 0x1f, 0x81, 0xff, 0x02, 0x86, 0xff,
    0xf8, 0x3c, 0x3f, 0x54, 0xfd, 0x37, 0x9f, 0xff, 0x63, 0xc4, 0xf5, 0x3f, 0xe3, 0x5b, 0xff, 0xf6, 0x3c, 0x3f, 0x53, 0xfe, 0x35, 0x32, 0x7f, 0xff,
    0x44, 0xb4, 0xf5, 0x3f, 0xe3, 0x5d, 0xcf, 0x66, 0xd2, 0xd7, 0xf1, 0xf1, 0x53, 0x86, 0x62, 0x44, 0x17, 0xf8, 0x4c, 0x3c, 0x8f, 0x15, 0x55, 0x72,
    0x78, 0x35, 0x33, 0x36, 0xf9, 0x3b, 0x4b, 0x9e, 0x59, 0x33, 0x14, 0x25, 0xf2, 0x41, 0x5e, 0x47, 0x45, 0x33, 0x35, 0x34, 0x4f, 0x02, 0x51, 0x3a,
    0x33, 0x14, 0x43, 0xf3, 0x33, 0x4e, 0x47, 0x43, 0x35, 0x33, 0x36, 0x3a, 0x32, 0x32, 0x42, 0x43, 0x42, 0x21, 0x42, 0x84, 0x39, 0x34, 0x36, 0x36,
    0x33, 0x23, 0x32, 0x45, 0x33, 0x37, 0x37, 0x61, 0x33, 0x32, 0x35, 0x34, 0x43, 0x82, 0x68, 0x34, 0x43, 0x74, 0x32, 0x42, 0x32, 0x45, 0x42, 0x37,
    0x37, 0x67, 0x32, 0x35, 0x33, 0x45, 0x72, 0x68, 0x35, 0x33, 0x74, 0x31, 0x52, 0x32, 0x36, 0x42, 0x36, 0x47, 0x31, 0x21, 0x33, 0x32, 0x35, 0x32,
    0x43, 0x33, 0x32, 0x32, 0x21, 0x34, 0x35, 0x33, 0x31, 0x43, 0x31, 0x33, 0x42, 0x36, 0x42, 0x44, 0x57, 0x33, 0x43, 0x32, 0x43, 0x42, 0x33, 0x43,
    0x41, 0x34, 0x43, 0x44, 0x43, 0x32, 0x91, 0x93, 0x36, 0x43, 0xb8, 0xf1, 0x2a, 0x3f, 0x22, 0xf9, 0x43, 0x38, 0x28, 0x33, 0x64, 0x3a, 0x9f, 0x13,
    0x94, 0xf0, 0x3f, 0x94, 0x34, 0x55, 0x55, 0x36, 0x45, 0x7c, 0x53, 0x47, 0x57, 0x53, 0x56, 0x53, 0x52, 0x5f, 0xff, 0xff, 0xff, 0xff, 0xff, 0xff,
    0xff, 0xff, 0xff, 0xff, 0xff, 0xff, 0xff, 0xff, 0xff, 0xff, 0xff, 0xff, 0xff, 0xff, 0xff, 0xff, 0xff, 0xff, 0xff, 0xff, 0xff, 0xff, 0xff, 0xff,
    0xff, 0xff, 0xff, 0xff, 0xff, 0xff, 0xff, 0xff, 0xff, 0xff, 0xff, 0xff, 0xff, 0xff, 0xff, 0xff, 0xff, 0xff, 0xff, 0xff, 0xff, 0xff, 0xff, 0xff,
    0xff, 0xf4, 0xff, 0xff, 0xff, 0xff, 0xff, 0x41, 0xf5, 0x1f, 0xff, 0xff, 0x11, 0xc6, 0xfa, 0x3f, 0x33, 0xff, 0xff, 0xe3, 0xa9, 0xf8, 0x3f, 0x34,
    0xff, 0xff, 0xd4, 0x8b, 0xf8, 0x3f, 0x33, 0xff, 0xff, 0xe3, 0x83, 0x27, 0xf6, 0x4f, 0x24, 0xff, 0xff, 0xd4, 0x8d, 0xcc, 0x4f, 0x2b, 0x57, 0x23,
    0xf6, 0xbf, 0x29, 0x62, 0x44, 0x17, 0xb5, 0xf1, 0xb7, 0x53, 0x3f, 0x89, 0xf1, 0xb3, 0x53, 0x33, 0x6a, 0x6e, 0xd8, 0x43, 0x3f, 0x98, 0xef, 0x64,
    0x15, 0xa3, 0xf0, 0x2f, 0x24, 0x2a, 0xc4, 0x74, 0xf0, 0x2f, 0xc3, 0x34, 0x4c, 0x63, 0x23, 0x33, 0xb2, 0x2b, 0xd4, 0x74, 0x93, 0x23, 0x33, 0x83,
    0x93, 0x43, 0x4c, 0x46, 0x13, 0x11, 0x13, 0xd5, 0x15, 0x21, 0x43, 0x63, 0x32, 0x33, 0x76, 0x13, 0x11, 0x13, 0x66, 0x83, 0x44, 0x35, 0x25, 0x46,
    0x43, 0x13, 0xb4, 0x83, 0x27, 0x43, 0x24, 0x23, 0x76, 0x43, 0x13, 0x56, 0x83, 0x53, 0x42, 0x53, 0x53, 0x12, 0x13, 0x16, 0xa4, 0x33, 0x34, 0x17,
    0x43, 0x15, 0x23, 0x73, 0x12, 0x13, 0x16, 0x43, 0x22, 0x13, 0x43, 0x53, 0x34, 0x43, 0x53, 0x34, 0x16, 0xa3, 0x34, 0x34, 0x13, 0x14, 0x33, 0x13,
    0x34, 0x73, 0x34, 0x16, 0x43, 0x44, 0x34, 0x44, 0x3b, 0x5f, 0x2a, 0xf1, 0x23, 0x29, 0x19, 0x8f, 0x25, 0xf9, 0x5a, 0x5f, 0x1b, 0xf1, 0x23, 0x38,
    0x28, 0x32, 0x3f, 0x12, 0x22, 0xf9, 0x67, 0x33, 0x35, 0x36, 0xd5, 0x35, 0x33, 0x45, 0x55, 0x52, 0x55, 0x36, 0x23, 0x35, 0x35, 0x25, 0xf4, 0x2f,
    0x01, 0xff, 0xfc, 0x2f, 0x21, 0x42, 0xff, 0x63, 0x32, 0xb4, 0x14, 0xff, 0xf8, 0x4c, 0x43, 0x3f, 0xf5, 0x52, 0x2a, 0xbf, 0xff, 0x66, 0xa5, 0x24,
    0xff, 0x43, 0x12, 0x23, 0x92, 0x23, 0x23, 0xff, 0xf4, 0x41, 0x2a, 0x21, 0x22, 0x4f, 0xf4, 0x62, 0x2a, 0x33, 0x31, 0x2f, 0xff, 0x38, 0xa5, 0x42,
    0xff, 0x46, 0x22, 0xa3, 0x36, 0xff, 0xf3, 0x31, 0x4a, 0x22, 0x32, 0x2f, 0xf5, 0x24, 0x3a, 0x42, 0x6f, 0xff, 0x42, 0x42, 0x9b, 0xff, 0x58, 0xb4,
    0x25, 0xff, 0xf5, 0x99, 0x41, 0x4f, 0xf7, 0x6f, 0xff, 0xfe, 0x6f, 0xff, 0xff, 0xff, 0xff, 0xff, 0xff, 0xff, 0xff, 0xff, 0xff, 0xff, 0xff, 0xff,
    0xff, 0xff, 0xc0, 0xff, 0xff, 0xff, 0xff, 0xff, 0x11, 0xf1, 0x5f, 0x82, 0xf8, 0x2d, 0x1f, 0xff, 0x73, 0xe7, 0xf6, 0x3f, 0x73, 0xc3, 0xd6, 0xff,
    0x23, 0xe3, 0x13, 0xf7, 0x3f, 0x73, 0xb3, 0xba, 0xff, 0x13, 0xd3, 0x23, 0xf6, 0x3f, 0x73, 0xc3, 0xac, 0xfd, 0x4f, 0x24, 0xf6, 0x3f, 0x73, 0xb4,
    0x94, 0x54, 0xf4, 0xd2, 0xf3, 0x45, 0x3d, 0x95, 0x38, 0x2d, 0x12, 0x79, 0x13, 0x4a, 0x4c, 0x3f, 0x33, 0x72, 0xc9, 0x72, 0x73, 0xc2, 0x45, 0xe2,
    0xb4, 0xb4, 0xf1, 0x48, 0x2b, 0xa3, 0x14, 0x25, 0x4b, 0x34, 0x5e, 0x2b, 0x63, 0x33, 0x4f, 0x23, 0x32, 0x41, 0x42, 0x69, 0x31, 0x44, 0x39, 0x64,
    0x44, 0x45, 0x52, 0x3d, 0x35, 0x33, 0x33, 0x53, 0x42, 0x32, 0x42, 0x22, 0x88, 0x21, 0x42, 0x86, 0x84, 0x42, 0x42, 0x32, 0x42, 0x3c, 0x45, 0x33,
    0x56, 0x22, 0x32, 0x84, 0x62, 0x3a, 0x43, 0x86, 0x31, 0x45, 0x32, 0x33, 0x33, 0x32, 0x87, 0x45, 0x43, 0x44, 0x51, 0x41, 0x82, 0x73, 0x39, 0x45,
    0x72, 0x31, 0x94, 0x32, 0x34, 0x23, 0x42, 0x77, 0x36, 0x42, 0x54, 0xa1, 0x64, 0x45, 0x48, 0x43, 0x33, 0x33, 0x32, 0x84, 0x32, 0x33, 0x33, 0x32,
    0x78, 0x36, 0x42, 0x36, 0x21, 0x71, 0x37, 0x35, 0x49, 0x33, 0x43, 0x42, 0x45, 0x43, 0x42, 0x33, 0x42, 0x32, 0x3c, 0x36, 0x42, 0x72, 0x93, 0x45,
    0xc9, 0xf2, 0x2f, 0x43, 0xf0, 0x25, 0xa3, 0x64, 0x27, 0x28, 0x45, 0x4b, 0xbf, 0x04, 0xf3, 0x4e, 0x25, 0xa3, 0x64, 0x35, 0x46, 0x63, 0x77, 0xe5,
    0x35, 0x77, 0x26, 0x64, 0x35, 0x44, 0xff, 0xf4, 0x1f, 0xff, 0xfd, 0x3f, 0xff, 0xff, 0xff, 0xff, 0x13, 0xff, 0xff, 0xff, 0xff, 0xf1, 0x3f, 0xff,
    0xff, 0xff, 0xff, 0xff, 0xff, 0xff, 0xff, 0xff, 0xff, 0xff, 0xff, 0xff, 0xff, 0xff, 0xff, 0xff, 0xff, 0xff, 0xff, 0xff, 0xff, 0xff, 0xff, 0xff,
    0xff, 0xff, 0xff, 0xff, 0xff, 0xff, 0xff, 0xff, 0xff, 0xff, 0xff, 0xff, 0xff, 0xff, 0xff, 0xff, 0xfc, 0xff, 0xff, 0xff, 0xff, 0xff, 0xff, 0xff,
    0xf7, 0x1f, 0xff, 0xfe, 0x1f, 0xff, 0x61, 0xff, 0xfd, 0x5f, 0x84, 0xff, 0xff, 0xc3, 0xff, 0xf3, 0x4f, 0xff, 0xb7, 0xf8, 0x3f, 0xff, 0xfc, 0x3f,
    0xff, 0x43, 0xff, 0xfa, 0x32, 0x3f, 0x83, 0xff, 0xff, 0xd3, 0xff, 0xf3, 0x3f, 0xff, 0xb3, 0x13, 0xf8, 0x3f, 0xff, 0xfc, 0x4f, 0xff, 0x33, 0xff,
    0xff, 0x03, 0xaf, 0x13, 0x16, 0xf8, 0x75, 0x41, 0x96, 0x38, 0x21, 0xe5, 0x45, 0x4f, 0x11, 0xe5, 0xf8, 0x6e, 0xaf, 0x12, 0x44, 0xfa, 0x47, 0x33,
    0x59, 0x27, 0x24, 0xb7, 0x27, 0x3f, 0x11, 0xf1, 0x3f, 0xa4, 0xdb, 0xe4, 0x53, 0xfb, 0x28, 0x25, 0x4a, 0x16, 0x35, 0x98, 0x28, 0x2e, 0x3f, 0x22,
    0xfb, 0x3c, 0xf8, 0x44, 0x49, 0x3d, 0x42, 0x32, 0x33, 0x43, 0x44, 0x43, 0x43, 0x49, 0x32, 0x32, 0x32, 0x3d, 0x44, 0x47, 0x4d, 0x47, 0x49, 0x2f,
    0x33, 0x74, 0x44, 0x4d, 0x84, 0x18, 0x43, 0x33, 0x54, 0x43, 0x44, 0x88, 0x32, 0x23, 0x43, 0x74, 0x43, 0x84, 0x33, 0x74, 0x74, 0x83, 0x23, 0xa6,
    0x73, 0x53, 0x2f, 0x13, 0x23, 0x31, 0x84, 0x42, 0x36, 0x34, 0x44, 0x38, 0xe1, 0x32, 0x67, 0x35, 0x33, 0x23, 0x31, 0x67, 0x33, 0x23, 0x34, 0x31,
    0x23, 0x3a, 0x67, 0x35, 0x32, 0xf1, 0x24, 0x23, 0x17, 0x53, 0x33, 0x63, 0x44, 0x43, 0x87, 0x16, 0x13, 0x26, 0x73, 0x53, 0x24, 0x23, 0x16, 0x73,
    0x24, 0x23, 0x26, 0x53, 0xa3, 0x12, 0x13, 0x33, 0x53, 0x23, 0x34, 0x33, 0x15, 0x23, 0x13, 0x93, 0x33, 0x63, 0x44, 0x43, 0x83, 0x5a, 0x23, 0x12,
    0x13, 0x33, 0x53, 0x15, 0x23, 0x13, 0x12, 0x13, 0x33, 0x15, 0x23, 0x27, 0x43, 0xa3, 0x34, 0x34, 0x34, 0x23, 0x34, 0x33, 0x13, 0x34, 0x15, 0x64,
    0x34, 0x44, 0x44, 0x43, 0x85, 0x85, 0x23, 0x34, 0x34, 0x34, 0x13, 0x34, 0x13, 0x34, 0x33, 0x13, 0x34, 0x23, 0x14, 0x33, 0xaf, 0x92, 0xf1, 0x19,
    0x3d, 0x5f, 0xb9, 0xf1, 0x3f, 0x91, 0x92, 0xf1, 0x19, 0x33, 0x29, 0x24, 0x4f, 0x83, 0xf1, 0x28, 0x4b, 0x6f, 0xab, 0xe4, 0xf8, 0x38, 0x2f, 0x12,
    0x83, 0x33, 0x81, 0x65, 0x53, 0x52, 0x56, 0x52, 0x55, 0x58, 0x89, 0x63, 0x53, 0x5f, 0x08, 0x95, 0x35, 0x25, 0x55, 0x65, 0x34, 0x55, 0x53, 0x45,
    0x33, 0x11, 0xff, 0xff, 0xff, 0xff, 0xff, 0xff, 0xff, 0x13, 0xff, 0xff, 0xff, 0xff, 0xff, 0xff, 0xfe, 0x41, 0x3f, 0xff, 0xff, 0xff, 0xff, 0xff,
    0xff, 0xd5, 0x13, 0xff, 0xff, 0xff, 0xff, 0xff, 0xff, 0xfc, 0x21, 0x22, 0x2f, 0xff, 0xff, 0xff, 0xff, 0xff, 0xff, 0xd3, 0x32, 0xff, 0xff, 0xff,
    0xff, 0xff, 0xff, 0xfc, 0x34, 0x2f, 0xff, 0xff, 0xff, 0xff, 0xff, 0xff, 0xc3, 0x33, 0xff, 0xff, 0xff, 0xff, 0xff, 0xff, 0xfc, 0x8f, 0xff, 0xff,
    0xff, 0xff, 0xff, 0xff, 0xf0, 0x5f, 0xff, 0xff, 0xff, 0xff, 0xff, 0xff, 0xff, 0xff, 0xff, 0xff, 0xff, 0xff, 0xff, 0xff, 0xff, 0xff, 0xff, 0xff,
    0xff, 0xff, 0xff, 0x70, 0xff, 0xff, 0xff, 0xff, 0xff, 0xf0, 0x1f, 0x21, 0xff, 0xff, 0xf6, 0x1f, 0xff, 0x43, 0xe4, 0xfe, 0x5f, 0xff, 0x03, 0xfe,
    0x3f, 0x13, 0xf0, 0x3f, 0xd8, 0xff, 0xd4, 0xfe, 0x3f, 0x03, 0xf0, 0x3f, 0xd9, 0xff, 0xd3, 0xfe, 0x3f, 0x03, 0xf0, 0x3f, 0xd3, 0x25, 0xff, 0xb4,
    0xfe, 0x34, 0xe2, 0xf1, 0x2f, 0x56, 0xae, 0x55, 0x53, 0xdf, 0x15, 0x38, 0x4e, 0x2f, 0x12, 0xf7, 0x46, 0x13, 0xd7, 0x28, 0x2c, 0x65, 0x57, 0x28,
    0x4c, 0x4e, 0x4f, 0x85, 0x32, 0x4b, 0x82, 0x82, 0xb5, 0x93, 0x82, 0x5f, 0x04, 0xe4, 0x43, 0x44, 0x74, 0x77, 0xb3, 0x23, 0x23, 0x23, 0x33, 0x44,
    0x3a, 0x33, 0x23, 0x44, 0xf0, 0x44, 0x37, 0x42, 0x36, 0x38, 0x45, 0x8b, 0x83, 0x72, 0x36, 0x33, 0x43, 0x42, 0x22, 0x36, 0x37, 0x36, 0x32, 0x67,
    0x32, 0x37, 0x33, 0x23, 0x35, 0x31, 0x4b, 0xf2, 0x33, 0x73, 0x23, 0x53, 0x44, 0x83, 0x47, 0x43, 0x26, 0x73, 0x23, 0x73, 0x24, 0x27, 0x19, 0xa7,
    0x19, 0x33, 0x73, 0x23, 0x53, 0x34, 0x93, 0x47, 0x43, 0x23, 0x12, 0x13, 0x33, 0x23, 0x64, 0x15, 0x23, 0x13, 0x28, 0xa3, 0x5a, 0x23, 0x64, 0x23,
    0x53, 0x24, 0x33, 0x43, 0x43, 0x14, 0x33, 0x23, 0x34, 0x33, 0x24, 0x45, 0x13, 0x34, 0x13, 0x63, 0xb5, 0x94, 0x24, 0x45, 0x24, 0x34, 0x23, 0x34,
    0x34, 0x43, 0x29, 0x2f, 0x13, 0xb2, 0x92, 0xcc, 0xf1, 0x4b, 0x3a, 0x3f, 0x24, 0x33, 0x82, 0xf1, 0x3a, 0x48, 0x3a, 0x32, 0xad, 0x5a, 0x59, 0x3f,
    0x15, 0x34, 0x56, 0x53, 0x56, 0x76, 0x57, 0x74, 0x3b, 0x99, 0x78, 0x57, 0x53, 0x5f, 0xff, 0xff, 0x52, 0xff, 0xff, 0x13, 0xff, 0xff, 0xfa, 0x2f,
    0xff, 0xf1, 0x3f, 0xff, 0xff, 0x93, 0xff, 0xff, 0x13, 0xff, 0xff, 0xf8, 0x3f, 0xff, 0xff, 0xff, 0xff, 0x6a, 0xff, 0xff, 0xff, 0xff, 0xf6, 0x9f,
    0xff, 0xff, 0xff, 0xff, 0x77, 0xff, 0xff, 0xff, 0xff, 0xff, 0xff, 0xff, 0xff, 0xff, 0xff, 0xff, 0xff, 0xff, 0xff, 0xff, 0xff, 0xff, 0xff, 0xff,
    0xff, 0xff, 0xff, 0xff, 0xff, 0xff, 0xff, 0xff, 0xf7, 0xff, 0xff, 0xff, 0xff, 0xd6, 0xff, 0xd1, 0xf9, 0x1d, 0x28, 0x6f, 0x69, 0xff, 0xa3, 0xf7,
    0x3b, 0x37, 0x9f, 0x3b, 0xff, 0x93, 0xf7, 0x3c, 0x35, 0xbf, 0x23, 0x27, 0xff, 0x93, 0xf6, 0x3c, 0x35, 0x32, 0x7f, 0x1d, 0xff, 0x74, 0xf6, 0x3c,
    0x35, 0xdf, 0x16, 0x24, 0x45, 0x72, 0x66, 0x38, 0x21, 0x6f, 0x02, 0xd6, 0x62, 0x44, 0x1c, 0x35, 0x42, 0x75, 0x34, 0x92, 0x72, 0x44, 0xf0, 0x2c,
    0x83, 0x53, 0x33, 0xf4, 0x42, 0x84, 0x34, 0xa1, 0x63, 0x53, 0xe3, 0xbf, 0x24, 0x15, 0xf4, 0x31, 0x42, 0xa3, 0x44, 0x43, 0x43, 0x44, 0x45, 0x43,
    0x42, 0x6f, 0x23, 0x34, 0x63, 0x93, 0x22, 0x2b, 0x33, 0x54, 0x43, 0x44, 0x24, 0x74, 0x32, 0x28, 0x43, 0x93, 0x43, 0x46, 0x83, 0x45, 0x15, 0x21,
    0x23, 0x63, 0x44, 0x43, 0x23, 0x93, 0x46, 0x23, 0x26, 0x83, 0x44, 0x36, 0x83, 0x34, 0x83, 0x23, 0x63, 0x44, 0x43, 0x23, 0x93, 0x27, 0x33, 0x26,
    0x83, 0x53, 0x23, 0x22, 0x13, 0x43, 0x24, 0x33, 0x34, 0x13, 0x63, 0x44, 0x43, 0x23, 0x33, 0x34, 0x14, 0x54, 0x13, 0x22, 0x13, 0x43, 0x53, 0x23,
    0x44, 0x34, 0x23, 0x34, 0x34, 0x14, 0x44, 0x44, 0x43, 0x23, 0x34, 0x23, 0x23, 0x54, 0x23, 0x44, 0x34, 0x44, 0x3f, 0x13, 0xf1, 0x3f, 0xb2, 0xf0,
    0x2c, 0x3f, 0x94, 0xf1, 0x3f, 0x13, 0xfa, 0x4e, 0x2b, 0x4f, 0x96, 0x53, 0x56, 0x53, 0x56, 0x63, 0x53, 0x56, 0x43, 0x55, 0x78, 0x53, 0x52, 0x5f,
    0xff, 0xff, 0xff, 0xff, 0xff, 0xff, 0xff, 0xff, 0xff, 0xff, 0xff, 0xff, 0xff, 0xff, 0xff, 0xff, 0xff, 0xff, 0xff, 0xff, 0xff, 0xff, 0xff, 0xff,
    0xff, 0xff, 0xff, 0xff, 0xff, 0xff, 0xff, 0xff, 0xff, 0xff, 0xff, 0xff, 0xff, 0xff, 0xff, 0xff, 0xff, 0xff, 0xff, 0xff, 0xff, 0xff, 0xff, 0xff,
    0xff, 0xff, 0x10, 0xff, 0xff, 0xff, 0xff, 0x54, 0xf7, 0x1d, 0x1d, 0x1f, 0x82, 0xd1, 0xf9, 0x1f, 0x27, 0xf4, 0x3b, 0x3b, 0x3f, 0x63, 0xc3, 0xf7,
    0x3f, 0x08, 0xf4, 0x3b, 0x4a, 0x3f, 0x73, 0xb3, 0xf7, 0x3f, 0x03, 0x24, 0xf3, 0x3c, 0x3b, 0x3f, 0x63, 0xc3, 0xf6, 0x3f, 0x03, 0x24, 0xf3, 0x3b,
    0x4a, 0x4f, 0x63, 0xb4, 0xf6, 0x3f, 0x19, 0x6e, 0x2d, 0x2c, 0x85, 0x38, 0x2d, 0x12, 0x6f, 0x03, 0xa4, 0x86, 0xe2, 0xc3, 0xb8, 0x72, 0x73, 0xc2,
    0x44, 0xf0, 0x2b, 0x39, 0x6c, 0x4b, 0x4a, 0x93, 0x14, 0x25, 0x4b, 0x34, 0x4e, 0x3b, 0x2b, 0xe4, 0x43, 0x44, 0x83, 0xb3, 0x14, 0x43, 0x96, 0x44,
    0x44, 0x54, 0x33, 0xa4, 0x26, 0xe4, 0x23, 0x63, 0x3c, 0x72, 0x14, 0x28, 0x68, 0x44, 0x24, 0x74, 0x23, 0xb2, 0x28, 0x53, 0x63, 0x23, 0x73, 0x2c,
    0x94, 0x38, 0x63, 0x14, 0x53, 0x23, 0x93, 0x28, 0x67, 0x23, 0x37, 0x43, 0x23, 0x73, 0x25, 0x25, 0x84, 0x57, 0x23, 0x19, 0x43, 0x23, 0x93, 0x37,
    0x57, 0x33, 0x37, 0x43, 0x23, 0x64, 0x32, 0x53, 0x84, 0x33, 0x33, 0x33, 0x28, 0x43, 0x23, 0x33, 0x34, 0x17, 0x63, 0x73, 0x33, 0x14, 0x33, 0x24,
    0x45, 0x24, 0x43, 0x83, 0x34, 0x34, 0x24, 0x54, 0x34, 0x23, 0x34, 0x23, 0x23, 0xa3, 0x64, 0x33, 0x29, 0x3b, 0x3b, 0x8f, 0x22, 0xf4, 0x3f, 0x02,
    0x58, 0xc4, 0x33, 0x83, 0xa5, 0xa9, 0xf0, 0x4f, 0x34, 0xe2, 0x58, 0xb5, 0x34, 0x57, 0x77, 0x7c, 0x53, 0x57, 0x72, 0x66, 0x43, 0x54, 0x4a, 0x7f,
    0xff, 0xff, 0xff, 0xff, 0xff, 0xff, 0xff, 0xff, 0xff, 0xff, 0xff, 0xff, 0xff, 0xff, 0xff, 0xff, 0xff, 0xff, 0xff, 0xff, 0xff, 0xff, 0xff, 0xff,
    0xff, 0xff, 0xff, 0xff, 0xff, 0xff, 0xff, 0xff, 0xff, 0xff, 0xff, 0xff, 0xff, 0xff, 0xff, 0xff, 0xff, 0xff, 0xff, 0xff, 0xff, 0xff, 0xff, 0xff,
    0xff, 0xff, 0xff, 0xff, 0xff, 0xff, 0xe0, 0xff, 0xff, 0xff, 0xff, 0xff, 0xf0, 0x19, 0x5b, 0x6f, 0xff, 0xe4, 0x78, 0x7a, 0xff, 0xfd, 0x37, 0x96,
    0xcf, 0xff, 0xb3, 0x73, 0x24, 0x54, 0x54, 0xff, 0xfb, 0x37, 0xa5, 0x91, 0x35, 0x53, 0xf8, 0x6f, 0x13, 0xa1, 0x35, 0xe3, 0x72, 0xfa, 0x4f, 0x12,
    0xa2, 0x35, 0xe2, 0x82, 0xfb, 0x3e, 0x47, 0x53, 0x54, 0x55, 0x23, 0x24, 0x82, 0x51, 0x74, 0xe4, 0x32, 0x23, 0x53, 0x44, 0x74, 0x23, 0x24, 0x33,
    0x23, 0x24, 0x74, 0x43, 0x74, 0x27, 0x44, 0x43, 0x93, 0x28, 0x26, 0x13, 0x33, 0x32, 0x33, 0x26, 0x73, 0x26, 0x44, 0x53, 0x94, 0x18, 0x26, 0x73,
    0x24, 0x23, 0x26, 0x73, 0x2e, 0x53, 0x33, 0x33, 0x26, 0x43, 0x12, 0x13, 0x33, 0x15, 0x23, 0x23, 0x12, 0x13, 0x33, 0x4b, 0x63, 0x34, 0x23, 0x23,
    0x73, 0x34, 0x33, 0x13, 0x34, 0x23, 0x34, 0x33, 0x58, 0x8f, 0x03, 0x45, 0xf1, 0x19, 0x3f, 0x15, 0x32, 0x39, 0xe3, 0x54, 0xf1, 0x28, 0x3f, 0x15,
    0x8a, 0x43, 0x55, 0x37, 0x53, 0x45, 0x57, 0x53, 0x58, 0x5f, 0xf0, 0x1f, 0xff, 0xff, 0xff, 0xff, 0xff, 0xff, 0xff, 0xff, 0xff, 0xff, 0xff, 0xff,
    0xff, 0xff, 0xff, 0xff, 0xff, 0xff, 0xff, 0xff, 0xff, 0xff, 0xff, 0xff, 0xff, 0xff, 0xff, 0xff, 0xff, 0xff, 0xff, 0xff, 0xff, 0xff, 0xff, 0xfc,
    0xff, 0xff, 0xff, 0xff, 0xfb, 0x4f, 0xff, 0x22, 0xe6, 0xff, 0xd7, 0xff, 0xe3, 0xd9, 0xff, 0xa9, 0xff, 0xd4, 0xbb, 0xff, 0x93, 0x24, 0xff, 0xe3,
    0xb3, 0x27, 0xff, 0x8a, 0xff, 0xc4, 0xbd, 0xd5, 0x61, 0x8e, 0x2f, 0x85, 0xf1, 0xc6, 0x24, 0x41, 0x77, 0x43, 0x6a, 0x23, 0x2f, 0xa3, 0xf0, 0xe3,
    0x53, 0x33, 0x68, 0x34, 0x48, 0x53, 0x2f, 0xb2, 0xef, 0x84, 0x15, 0x44, 0x23, 0x35, 0x33, 0x23, 0x53, 0x92, 0x51, 0x74, 0x34, 0x55, 0xf8, 0x33,
    0x44, 0x22, 0x36, 0x42, 0x85, 0x34, 0x32, 0x32, 0x47, 0x41, 0x45, 0x6b, 0x39, 0x34, 0x36, 0x47, 0x42, 0x85, 0x32, 0x61, 0x33, 0x33, 0x23, 0x31,
    0x36, 0x21, 0x39, 0x68, 0x34, 0x44, 0x49, 0x32, 0x75, 0x42, 0x67, 0x32, 0x42, 0x31, 0x36, 0x78, 0x68, 0x35, 0x33, 0x43, 0x34, 0x32, 0x39, 0x42,
    0x31, 0x21, 0x33, 0x31, 0x52, 0x31, 0x33, 0x31, 0x67, 0x32, 0x21, 0x34, 0x35, 0x33, 0x33, 0x43, 0x42, 0x47, 0x43, 0x33, 0x43, 0x31, 0x33, 0x41,
    0x33, 0x43, 0x37, 0x34, 0x43, 0x44, 0x43, 0xf1, 0x4d, 0x4f, 0x11, 0x92, 0xf1, 0x24, 0x2f, 0x94, 0xf1, 0x5b, 0x5f, 0x12, 0x83, 0xe2, 0x61, 0xf9,
    0x65, 0x35, 0x87, 0x95, 0x34, 0x55, 0x64, 0x35, 0x33, 0x11, 0x45, 0x35, 0x25, 0xff, 0xff, 0xfd, 0x3f, 0xff, 0xff, 0xff, 0x54, 0x13, 0xff, 0xff,
    0xff, 0xf4, 0x51, 0x3f, 0xff, 0xff, 0xff, 0x32, 0x12, 0x22, 0xff, 0xff, 0xff, 0xf4, 0x33, 0x2f, 0xff, 0xff, 0xff, 0x33, 0x42, 0xff, 0xff, 0xff,
    0xf3, 0x33, 0x3f, 0xff, 0xff, 0xff, 0x38, 0xff, 0xff, 0xff, 0xf6, 0x5f, 0xff, 0xff, 0xff, 0xff, 0xff, 0xff, 0xff, 0xff, 0xff, 0xff, 0xff, 0xff,
    0x60, 0xff, 0xfd, 0x4f, 0xff, 0xff, 0xa1, 0xff, 0xa7, 0xf6, 0x1f, 0xff, 0xe4, 0xff, 0x88, 0xf4, 0x4f, 0xe5, 0xfa, 0x3f, 0xf8, 0x32, 0x4f, 0x43,
    0xfd, 0x8f, 0x83, 0xff, 0x83, 0x24, 0xf4, 0x3f, 0xd9, 0xf7, 0x3f, 0xf9, 0x9f, 0x33, 0xfd, 0x32, 0x58, 0xf1, 0x31, 0x6f, 0x87, 0x85, 0xf1, 0x2f,
    0x56, 0xa8, 0xf1, 0x24, 0x4f, 0xa4, 0x95, 0xf1, 0x2f, 0x74, 0x61, 0x38, 0xe4, 0x53, 0xfb, 0x2b, 0x4e, 0x4f, 0x85, 0x32, 0x4f, 0x34, 0x44, 0x93,
    0xd4, 0x24, 0x26, 0xe4, 0x43, 0x44, 0x74, 0x77, 0x93, 0x74, 0x44, 0x4d, 0x84, 0x22, 0x28, 0x43, 0x74, 0x23, 0x63, 0x84, 0x58, 0x76, 0x73, 0x53,
    0x2f, 0x13, 0x23, 0x32, 0x72, 0x32, 0x67, 0x32, 0x37, 0x33, 0x23, 0x35, 0x31, 0x47, 0x67, 0x35, 0x32, 0xf1, 0x24, 0x23, 0x17, 0x33, 0x26, 0x73,
    0x23, 0x73, 0x24, 0x27, 0x19, 0x63, 0x12, 0x13, 0x33, 0x53, 0x23, 0x34, 0x33, 0x15, 0x23, 0x13, 0x73, 0x23, 0x12, 0x13, 0x33, 0x23, 0x64, 0x15,
    0x23, 0x13, 0x28, 0x63, 0x34, 0x34, 0x34, 0x23, 0x34, 0x33, 0x13, 0x34, 0x13, 0x64, 0x23, 0x34, 0x33, 0x24, 0x45, 0x13, 0x34, 0x13, 0x63, 0x7f,
    0x92, 0xf1, 0x19, 0x2c, 0x3f, 0x13, 0xb2, 0x92, 0xc7, 0xf8, 0x3f, 0x12, 0x82, 0xb4, 0xf1, 0x3a, 0x48, 0x3a, 0x22, 0x65, 0x35, 0x25, 0x65, 0x25,
    0x55, 0x67, 0x85, 0x35, 0x67, 0x65, 0x77, 0x33, 0xff, 0xff, 0xff, 0xff, 0x92, 0xff, 0xff, 0xff, 0xff, 0x92, 0xff, 0xff, 0xff, 0xff, 0x83, 0xff,
    0xff, 0xff, 0xff, 0x73, 0xff, 0xff, 0xff, 0xff, 0x1a, 0xff, 0xff, 0xff, 0xff, 0x19, 0xff, 0xff, 0xff, 0xff, 0x27, 0xff, 0xff, 0xff, 0xff, 0xff,
    0xff, 0xff, 0xff, 0xff, 0xff, 0xff, 0xff, 0xff, 0xff, 0xff, 0xff, 0xff, 0xff, 0xff, 0xff, 0xff, 0xff, 0x00, 0xff, 0xff, 0xff, 0xff, 0xff, 0x55,
    0xff, 0x65, 0xfb, 0x1f, 0x85, 0xf0, 0x5f, 0x67, 0xff, 0x48, 0xf8, 0x3f, 0x67, 0xd7, 0xf4, 0x32, 0x3f, 0xf4, 0x9f, 0x73, 0xf6, 0x31, 0x4b, 0x32,
    0x3f, 0x53, 0x13, 0xff, 0x43, 0x24, 0xf7, 0x3f, 0x68, 0xc3, 0x13, 0xf9, 0x3f, 0xf4, 0xaf, 0x63, 0xf7, 0x7f, 0x13, 0xbf, 0x17, 0x77, 0x54, 0xa1,
    0x38, 0xf1, 0x22, 0x85, 0x38, 0x4f, 0x13, 0x17, 0xf0, 0x6a, 0x57, 0x2a, 0x23, 0x8f, 0x12, 0x44, 0xf3, 0x4f, 0x03, 0x45, 0xe7, 0xb3, 0x82, 0x75,
    0x38, 0xe4, 0x44, 0xf3, 0x4e, 0x45, 0xa3, 0xb4, 0x54, 0x23, 0x24, 0x12, 0x23, 0x53, 0xe3, 0xa4, 0x33, 0x34, 0x44, 0xf0, 0x44, 0x46, 0xd5, 0x37,
    0x32, 0x32, 0x41, 0x74, 0x4a, 0xd5, 0x42, 0x34, 0x26, 0x36, 0x37, 0x44, 0x43, 0xf1, 0x43, 0x32, 0x24, 0x18, 0x26, 0x44, 0x9f, 0x15, 0x33, 0x45,
    0x41, 0x43, 0x67, 0x35, 0x33, 0xf1, 0x43, 0x24, 0x23, 0x18, 0x2e, 0x9f, 0x15, 0x33, 0x44, 0x51, 0x43, 0x67, 0x35, 0x33, 0x33, 0x43, 0x34, 0x31,
    0x51, 0x41, 0x66, 0xba, 0x33, 0x43, 0x35, 0x32, 0x54, 0xa3, 0x31, 0x21, 0x33, 0x35, 0x33, 0x33, 0x43, 0x43, 0x31, 0x33, 0x32, 0x3a, 0x8c, 0x33,
    0x43, 0x34, 0x42, 0x36, 0x21, 0x64, 0x33, 0x43, 0x43, 0x43, 0xf8, 0x19, 0x34, 0x83, 0x23, 0xcf, 0x83, 0x72, 0x94, 0xf9, 0x3f, 0x82, 0x74, 0x57,
    0x8c, 0xf8, 0x37, 0x28, 0x5f, 0x86, 0x52, 0x52, 0x55, 0x56, 0x3a, 0x5f, 0x05, 0x25, 0x26, 0x55, 0x55, 0x85, 0x35, 0x25, 0xff, 0xe1, 0xff, 0xff,
    0xff, 0xff, 0xff, 0xff, 0xfd, 0x41, 0x4f, 0xff, 0xff, 0xff, 0xfd, 0xbf, 0xff, 0xff, 0xff, 0xfc, 0x22, 0x32, 0x3f, 0xff, 0xff, 0xff, 0xfb, 0x33,
    0x31, 0x2f, 0xff, 0xff, 0xff, 0xfb, 0x33, 0x6f, 0xff, 0xff, 0xff, 0xfb, 0x42, 0x6f, 0xff, 0xff, 0xff, 0xfb, 0x42, 0x5f, 0xff, 0xff, 0xff, 0xff,
    0xff, 0xff, 0xff, 0xff, 0xff, 0xff, 0xff, 0xff, 0xff, 0xff, 0xff, 0xff, 0xff, 0xff, 0xff, 0xd0, 0xff, 0xff, 0xff, 0xff, 0xff, 0xa1, 0xf5, 0x1d,
    0x1f, 0x71, 0xff, 0xff, 0xf8, 0x4f, 0x33, 0xb3, 0xf5, 0x3f, 0xff, 0xb5, 0xf7, 0x3f, 0x33, 0xb4, 0xf4, 0x3f, 0xff, 0xa8, 0xf5, 0x3f, 0x43, 0xb3,
    0xf4, 0x3f, 0xff, 0xa9, 0xf4, 0x3f, 0x34, 0xa4, 0xf4, 0x3f, 0xff, 0xa3, 0x25, 0x5f, 0x13, 0x16, 0xc1, 0xd8, 0xef, 0x0f, 0x3f, 0x7a, 0x5f, 0x12,
    0x44, 0xb2, 0xc9, 0xe5, 0x55, 0xf5, 0x95, 0x66, 0x13, 0x5e, 0x45, 0x3a, 0x3b, 0xac, 0x59, 0x3f, 0x66, 0x96, 0x32, 0x4f, 0x04, 0x44, 0x83, 0x63,
    0x44, 0xf0, 0x28, 0xa8, 0x39, 0x45, 0xa8, 0x76, 0x37, 0x44, 0x42, 0xc1, 0x36, 0x3f, 0x03, 0x23, 0x24, 0x34, 0x2c, 0x64, 0x44, 0x34, 0x68, 0x46,
    0x73, 0x53, 0x2c, 0x13, 0x73, 0xa3, 0x12, 0x33, 0x23, 0x53, 0x2c, 0x22, 0x33, 0x43, 0x53, 0x63, 0x14, 0x46, 0x73, 0x53, 0x25, 0x25, 0x13, 0x73,
    0x86, 0x53, 0x23, 0x53, 0x25, 0x25, 0x14, 0x23, 0x43, 0x53, 0x14, 0x19, 0x33, 0x12, 0x13, 0x33, 0x53, 0x32, 0x53, 0x23, 0x64, 0x87, 0x43, 0x23,
    0x53, 0x32, 0x53, 0x15, 0x23, 0x43, 0x53, 0x23, 0x28, 0x33, 0x34, 0x34, 0x34, 0x24, 0x43, 0x24, 0x45, 0x83, 0x14, 0x33, 0x24, 0x34, 0x24, 0x43,
    0x13, 0x34, 0x44, 0x34, 0x23, 0x63, 0x4f, 0x92, 0xb3, 0xb9, 0x32, 0x92, 0xa3, 0xb1, 0x95, 0xa3, 0xc4, 0xf8, 0x4a, 0x3a, 0xa3, 0x38, 0x39, 0x4a,
    0x28, 0x22, 0x29, 0x4a, 0x75, 0x35, 0x25, 0x67, 0x77, 0xb3, 0x45, 0x75, 0x77, 0x55, 0x43, 0x35, 0x87, 0xff, 0xff, 0xff, 0xfe, 0x2f, 0xff, 0xff,
    0xff, 0xff, 0x72, 0xff, 0xff, 0xff, 0xff, 0xf6, 0x3f, 0xff, 0xff, 0xff, 0xff, 0x53, 0xff, 0xff, 0xff, 0xff, 0xea, 0xff, 0xff, 0xff, 0xff, 0xe9,
    0xff, 0xff, 0xff, 0xff, 0xf0, 0x7f, 0xff, 0xff, 0xff, 0xff, 0xff, 0xff, 0xff, 0xff, 0xff, 0xff, 0xff, 0xff, 0xff, 0xff, 0xff, 0xff, 0xff, 0xff,
    0xff, 0xff, 0xff, 0xff, 0xff, 0xff, 0xf1, 0xff, 0xff, 0xff, 0xf2, 0x1f, 0xa1, 0xf5, 0x1f, 0xfe, 0x3f, 0x83, 0xf2, 0x4f, 0xfd, 0x3f, 0x83, 0xf3,
    0x3f, 0xfd, 0x3f, 0x93, 0xf2, 0x3f, 0xfd, 0x3f, 0x84, 0xf2, 0x3f, 0xf2, 0xef, 0x0c, 0x4f, 0x13, 0x18, 0x53, 0x57, 0xe5, 0x55, 0xb5, 0xf1, 0x24,
    0x4f, 0x25, 0xc5, 0x93, 0xa6, 0xe4, 0x53, 0xf3, 0xa2, 0x8a, 0x83, 0xf4, 0x44, 0x43, 0x33, 0x44, 0x4a, 0x32, 0x32, 0x43, 0x42, 0xc6, 0x37, 0x44,
    0x42, 0x34, 0x26, 0x36, 0x31, 0x23, 0x32, 0x35, 0x32, 0xc4, 0x67, 0x35, 0x33, 0x45, 0x41, 0x43, 0x65, 0x32, 0x35, 0x32, 0x52, 0x54, 0x67, 0x35,
    0x33, 0x44, 0x51, 0x43, 0x74, 0x32, 0x35, 0x33, 0x25, 0x35, 0x31, 0x21, 0x33, 0x35, 0x32, 0x54, 0xa3, 0x31, 0x43, 0x32, 0x43, 0x42, 0x44, 0x35,
    0x33, 0x43, 0x43, 0x42, 0x36, 0x21, 0x64, 0x32, 0x92, 0xa3, 0xb5, 0xf9, 0x27, 0x29, 0x43, 0x38, 0x39, 0x4a, 0x12, 0x2f, 0x83, 0x72, 0x85, 0x34,
    0x57, 0x57, 0x73, 0x33, 0x53, 0x52, 0x55, 0x54, 0x6f, 0xff, 0x32, 0xff, 0xff, 0xff, 0x12, 0xff, 0xff, 0xff, 0x03, 0xff, 0xff, 0xfe, 0x3f, 0xff,
    0xff, 0x8a, 0xff, 0xff, 0xf8, 0x9f, 0xff, 0xff, 0x97, 0xff, 0xff, 0xff, 0xff, 0xff, 0xff, 0xff, 0xff, 0xff, 0xff, 0xff, 0xff, 0xff, 0xff, 0xff,
    0xff, 0xff, 0x60, 0xff, 0xff, 0x34, 0xff, 0xff, 0x51, 0x47, 0xff, 0xff, 0x23, 0x28, 0xff, 0xff, 0x23, 0x23, 0x24, 0xff, 0xff, 0x13, 0x23, 0x24,
    0x83, 0x32, 0xff, 0xf0, 0x33, 0x97, 0x32, 0x66, 0xf3, 0x6f, 0x04, 0x87, 0xd4, 0xf5, 0x4f, 0x03, 0x98, 0xd3, 0xf6, 0x3e, 0x3b, 0x84, 0x44, 0x83,
    0x94, 0x44, 0x54, 0x34, 0x26, 0x63, 0x74, 0x2c, 0x64, 0x24, 0x74, 0x32, 0x28, 0x36, 0x73, 0x2c, 0x22, 0x33, 0x23, 0x93, 0x37, 0x23, 0x36, 0x73,
    0x25, 0x25, 0x14, 0x23, 0x23, 0x93, 0x27, 0x33, 0x23, 0x22, 0x13, 0x33, 0x32, 0x53, 0x15, 0x23, 0x23, 0x33, 0x34, 0x13, 0x73, 0x23, 0x44, 0x33,
    0x24, 0x43, 0x13, 0x34, 0x23, 0x34, 0x23, 0x23, 0x64, 0x3f, 0x12, 0xb1, 0x93, 0xf0, 0x2c, 0x4f, 0x04, 0xa2, 0x84, 0xe2, 0xb7, 0x53, 0x46, 0x75,
    0x57, 0x43, 0x55, 0x7f, 0xff, 0xff, 0xff, 0xff, 0xff, 0xff, 0xff, 0xff, 0xff, 0xff, 0xff, 0xff, 0xff, 0xff, 0xff, 0xff, 0xff, 0xff, 0xff, 0xff,
    0xff, 0xff, 0xff, 0xff, 0xff, 0xff, 0xff, 0xff, 0xff, 0xf5, 0xff, 0xff, 0xff, 0x11, 0xf8, 0x5f, 0x05, 0xfa, 0x3f, 0x67, 0xd7, 0xf9, 0x3f, 0x63,
    0x14, 0xb3, 0x23, 0xf9, 0x3f, 0x68, 0xc3, 0x13, 0xf9, 0x3f, 0x77, 0xf1, 0x3b, 0xf1, 0x22, 0x85, 0x38, 0x4f, 0x13, 0x17, 0xf1, 0x24, 0x4f, 0x34,
    0xf0, 0x34, 0x5e, 0x44, 0x4f, 0x34, 0xe4, 0x5a, 0x3a, 0x43, 0x33, 0x44, 0x4f, 0x04, 0x44, 0x6d, 0x54, 0x23, 0x42, 0x63, 0x63, 0x74, 0x44, 0x3f,
    0x15, 0x33, 0x45, 0x41, 0x43, 0x67, 0x35, 0x33, 0xf1, 0x53, 0x34, 0x45, 0x14, 0x36, 0x73, 0x53, 0x33, 0x34, 0x33, 0x53, 0x25, 0x4a, 0x33, 0x12,
    0x13, 0x33, 0x53, 0x33, 0x34, 0x33, 0x44, 0x23, 0x62, 0x16, 0x43, 0x34, 0x34, 0x34, 0x3f, 0x83, 0x72, 0x94, 0xf9, 0x3f, 0x83, 0x72, 0x85, 0xf8,
    0x65, 0x25, 0x26, 0x55, 0x55, 0x85, 0x35, 0x25, 0xff, 0xff, 0xff, 0xfc, 0x41, 0x4f, 0xff, 0xf5, 0xbf, 0xff, 0xf4, 0x22, 0x32, 0x3f, 0xff, 0xf3,
    0x33, 0x31, 0x2f, 0xff, 0xf3, 0x33, 0x6f, 0xff, 0xf3, 0x42, 0x6f, 0xff, 0xf3, 0x42, 0x5f, 0xff, 0xff, 0xff, 0xff, 0xff, 0xff, 0xff, 0xff, 0xff,
    0xff, 0xb0, 0xff, 0xff, 0xff, 0xff, 0xfa, 0x1f, 0xff, 0xd5, 0xff, 0xd4, 0xff, 0xfb, 0x7f, 0xfd, 0x3f, 0xff, 0xa3, 0x23, 0xff, 0xd3, 0xff, 0xfb,
    0x31, 0x3f, 0xfd, 0x3f, 0xff, 0xf0, 0x3c, 0x54, 0x54, 0xf1, 0x1e, 0x5f, 0x95, 0xeb, 0x72, 0x73, 0xf1, 0x1f, 0x13, 0xfb, 0x3d, 0xb8, 0x28, 0x2e,
    0x3f, 0x22, 0xfc, 0x2c, 0xc3, 0x23, 0x23, 0x23, 0xd4, 0x44, 0x74, 0xd4, 0x84, 0x82, 0xf1, 0x83, 0x22, 0x34, 0x37, 0x44, 0x38, 0x43, 0x37, 0x48,
    0x47, 0x32, 0x3a, 0xe1, 0x32, 0x67, 0x35, 0x33, 0x23, 0x31, 0x67, 0x34, 0x23, 0x33, 0x31, 0x23, 0x3a, 0x71, 0x61, 0x32, 0x67, 0x35, 0x32, 0x42,
    0x31, 0x67, 0x33, 0x42, 0x31, 0x65, 0x3a, 0x35, 0xa2, 0x31, 0x21, 0x33, 0x35, 0x31, 0x52, 0x31, 0x31, 0x21, 0x33, 0x32, 0x52, 0x31, 0x74, 0x3a,
    0x58, 0x52, 0x33, 0x43, 0x43, 0x41, 0x33, 0x41, 0x33, 0x43, 0x32, 0x33, 0x41, 0x31, 0x43, 0x3b, 0xf1, 0x3f, 0x91, 0x92, 0xf1, 0x29, 0x23, 0x29,
    0x24, 0x6e, 0x4f, 0x83, 0x82, 0xf1, 0x38, 0x23, 0x38, 0x16, 0x88, 0x95, 0x35, 0x25, 0x55, 0x65, 0x34, 0x65, 0x43, 0x45, 0x33, 0x11, 0xff, 0xff,
    0xff, 0xe3, 0xff, 0xff, 0xff, 0xc4, 0x13, 0xff, 0xff, 0xff, 0xb5, 0x13, 0xff, 0xff, 0xff, 0xa2, 0x12, 0x22, 0xff, 0xff, 0xff, 0xb3, 0x32, 0xff,
    0xff, 0xff, 0xa3, 0x42, 0xff, 0xff, 0xff, 0xa3, 0x33, 0xff, 0xff, 0xff, 0xa8, 0xff, 0xff, 0xff, 0xd5, 0xff, 0xff, 0xff, 0xff, 0xff, 0xff, 0xff,
    0xff, 0xff, 0xff, 0xff, 0x10, 0xff, 0xff, 0xff, 0xff, 0xff, 0x71, 0xfa, 0x1f, 0x21, 0xfc, 0x2d, 0x1f, 0xff, 0x93, 0xf8, 0x3f, 0x03, 0xfa, 0x3c,
    0x3d, 0x6f, 0xf4, 0x3f, 0x83, 0xf0, 0x4f, 0xa3, 0xb3, 0xba, 0xff, 0x23, 0xf9, 0x3f, 0x03, 0xfa, 0x3c, 0x3a, 0xcf, 0xf0, 0x3f, 0x84, 0xe4, 0xfa,
    0x3b, 0x49, 0x45, 0x4f, 0x4e, 0xf0, 0xc1, 0xf2, 0xc5, 0x38, 0x2d, 0x12, 0x79, 0x13, 0x4a, 0x4e, 0x55, 0x5b, 0x2f, 0x1c, 0x72, 0x73, 0xc2, 0x45,
    0xe2, 0xb4, 0xc5, 0x93, 0xa3, 0xee, 0x31, 0x42, 0x54, 0xb3, 0x45, 0xe2, 0xba, 0x28, 0xa8, 0x3c, 0x2f, 0x43, 0x14, 0x43, 0x96, 0x44, 0x44, 0x55,
    0x23, 0xf3, 0x32, 0x32, 0x43, 0x42, 0xc3, 0x32, 0x33, 0x3c, 0x21, 0x42, 0x86, 0x84, 0x42, 0x42, 0x32, 0x42, 0x3e, 0x31, 0x23, 0x32, 0x35, 0x32,
    0xc1, 0x61, 0x31, 0x11, 0x3e, 0x43, 0x86, 0x31, 0x45, 0x32, 0x33, 0x33, 0x32, 0x87, 0x65, 0x32, 0x35, 0x32, 0x52, 0x51, 0x64, 0x31, 0x3c, 0x45,
    0x72, 0x31, 0x94, 0x32, 0x34, 0x23, 0x42, 0x77, 0x74, 0x32, 0x35, 0x33, 0x25, 0x32, 0x31, 0x21, 0x31, 0x6b, 0x43, 0x33, 0x33, 0x32, 0x84, 0x32,
    0x33, 0x33, 0x32, 0x78, 0x31, 0x43, 0x32, 0x43, 0x42, 0x44, 0x32, 0x33, 0x41, 0x6b, 0x33, 0x43, 0x42, 0x45, 0x43, 0x42, 0x33, 0x42, 0x32, 0x3c,
    0x32, 0x92, 0xa3, 0xb2, 0xf2, 0xbf, 0x22, 0xf4, 0x3f, 0x02, 0x5a, 0x33, 0x83, 0x94, 0xa2, 0xf1, 0x22, 0x9f, 0x04, 0xf3, 0x4e, 0x25, 0xa3, 0x45,
    0x75, 0x77, 0x65, 0x36, 0x23, 0x95, 0x35, 0x77, 0x26, 0x64, 0x35, 0x44, 0xff, 0xff, 0x61, 0x42, 0xff, 0xf9, 0x3f, 0xff, 0xff, 0x14, 0x33, 0xff,
    0xf9, 0x3f, 0xff, 0xff, 0x05, 0x24, 0xff, 0xf9, 0x3f, 0xff, 0xff, 0x02, 0x12, 0x24, 0xff, 0xff, 0xff, 0xff, 0xc5, 0x42, 0xff, 0xff, 0xff, 0xff,
    0xc2, 0x23, 0x22, 0xff, 0xff, 0xff, 0xff, 0xcb, 0xff, 0xff, 0xff, 0xff, 0xd4, 0x14, 0xff, 0xff, 0xff, 0xff, 0xff, 0xff, 0xff, 0xff, 0xff, 0xff,
    0xff, 0xff, 0xff, 0xff, 0xff, 0xff, 0xff, 0xff, 0xff, 0xff, 0xff, 0xf6, 0xff, 0xff, 0xff, 0xff, 0xfa, 0x2f, 0x92, 0xa1, 0xd2, 0xe2, 0xf8, 0x2a,
    0x2d, 0x1e, 0x2f, 0x91, 0xa2, 0xd2, 0xd2, 0xf8, 0x2a, 0x2d, 0x23, 0xb4, 0x54, 0xd2, 0xa4, 0xa4, 0x95, 0x73, 0xb4, 0x86, 0x99, 0x23, 0x13, 0x24,
    0x2d, 0x27, 0x56, 0x25, 0x29, 0x13, 0x22, 0x25, 0x24, 0x18, 0x25, 0x65, 0x27, 0x15, 0x36, 0x21, 0x16, 0x22, 0x56, 0x25, 0x22, 0x34, 0x18, 0x23,
    0x55, 0x21, 0x16, 0x22, 0x21, 0x27, 0x12, 0x12, 0x74, 0x18, 0x23, 0x13, 0x24, 0x21, 0x25, 0x22, 0x15, 0x24, 0x12, 0x14, 0x13, 0x14, 0x27, 0x14,
    0x14, 0x23, 0x21, 0x24, 0x23, 0x14, 0x33, 0x22, 0x26, 0x24, 0x26, 0x24, 0x23, 0x63, 0x73, 0xd3, 0x86, 0x85, 0x24, 0x45, 0x46, 0x52, 0x45, 0x63,
    0x23, 0x6f, 0xff, 0xc2, 0xff, 0xfe, 0x15, 0x2f, 0xff, 0xc5, 0x32, 0xff, 0xfc, 0x21, 0x32, 0x2f, 0xff, 0xc2, 0x26, 0xff, 0xfd, 0x13, 0x4f, 0xff,
    0xff, 0xff, 0xff, 0xff, 0xff, 0xff, 0xff, 0xff, 0xff, 0xff, 0x30, 0xff, 0xff, 0xff, 0xd2, 0xfb, 0x2f, 0x02, 0xfc, 0x2f, 0x01, 0xfc, 0x2e, 0x2f,
    0xc2, 0x3d, 0x1c, 0x4b, 0x4b, 0x4c, 0x39, 0xf1, 0x25, 0x27, 0x26, 0x23, 0x17, 0x18, 0x25, 0x27, 0x26, 0x13, 0x24, 0x56, 0x25, 0x27, 0x22, 0x36,
    0x23, 0x21, 0x27, 0x16, 0x12, 0x32, 0x21, 0x55, 0x23, 0x15, 0x24, 0x16, 0x11, 0x42, 0x21, 0x13, 0x24, 0x23, 0x14, 0x33, 0x34, 0x21, 0x24, 0x12,
    0x14, 0x23, 0x23, 0xf5, 0x26, 0x22, 0x36, 0x55, 0x24, 0x25, 0x44, 0x32, 0x44, 0xff, 0xff, 0xff, 0xff, 0xff, 0xff, 0xff, 0xff, 0xff, 0xff, 0xff,
    0xff, 0xff, 0xff, 0xff, 0xff, 0xf3, 0xff, 0xf0, 0x3c, 0x47, 0x88, 0x66, 0x24, 0x37, 0x13, 0x34, 0x27, 0x26, 0x21, 0x53, 0x28, 0x25, 0x51, 0x24,
    0x12, 0x51, 0x27, 0x13, 0x24, 0xb8, 0x54, 0x26, 0x46, 0x63, 0x23, 0x23, 0x36, 0x22, 0x32, 0x23, 0x24, 0x23, 0x12, 0x72, 0x1a, 0x23, 0x14, 0x12,
    0x22, 0x14, 0x24, 0x23, 0x26, 0x22, 0x23, 0x33, 0x23, 0x93, 0xc6, 0x65, 0xaf, 0x72, 0xfb, 0x2f, 0xff, 0xff, 0xff, 0xff, 0xff, 0xff, 0xff, 0xff,
    0x40, 0xff, 0xff, 0xff, 0x32, 0xa2, 0x91, 0xf3, 0x29, 0x29, 0x2f, 0x22, 0xa1, 0x92, 0xf2, 0x29, 0x29, 0x27, 0xb3, 0x91, 0xa7, 0xa4, 0x73, 0x8f,
    0x22, 0x49, 0x55, 0xf2, 0x23, 0x94, 0x69, 0x36, 0x14, 0x23, 0x25, 0x22, 0x37, 0x55, 0x22, 0x25, 0x21, 0x12, 0x77, 0x13, 0x24, 0x22, 0x25, 0x21,
    0x14, 0x13, 0x17, 0x14, 0x23, 0x22, 0x25, 0x21, 0x26, 0x27, 0x23, 0x64, 0x73, 0x88, 0x24, 0x46, 0x55, 0x63, 0x2f, 0x51, 0x51, 0xd1, 0xf3, 0x44,
    0x2c, 0x1f, 0x32, 0x11, 0x11, 0x22, 0xc1, 0xf3, 0xab, 0x2f, 0x44, 0x14, 0x48, 0xfd, 0x14, 0x6f, 0xf0, 0x1f, 0xff, 0xff, 0xff, 0xff, 0xff, 0xe0,
    0xe2, 0xff, 0xf6, 0x5f, 0xff, 0x32, 0x22, 0xff, 0x22, 0xf0, 0x22, 0x2f, 0xf1, 0x2f, 0x42, 0xff, 0x21, 0xf3, 0x2f, 0xf2, 0x26, 0x53, 0x67, 0x57,
    0x32, 0xa5, 0x82, 0x37, 0x85, 0x51, 0x95, 0x25, 0x24, 0x26, 0x25, 0x23, 0x23, 0x12, 0x24, 0x25, 0x26, 0x24, 0x25, 0x17, 0x22, 0x22, 0x22, 0x25,
    0x24, 0x17, 0x25, 0x24, 0x17, 0x22, 0x61, 0x26, 0x24, 0x17, 0x25, 0x24, 0x12, 0x32, 0x22, 0x43, 0x26, 0x24, 0x26, 0x25, 0x24, 0x12, 0x32, 0x22,
    0x25, 0x27, 0x14, 0x25, 0x35, 0x24, 0x12, 0x14, 0x22, 0x25, 0x27, 0x15, 0xf6, 0x26, 0x42, 0x42, 0x71, 0x65, 0x44, 0x24, 0x44, 0x63, 0x22, 0x71,
    0xff, 0xa2, 0xff, 0xff, 0xff, 0xff, 0xff, 0xff, 0xff, 0xff, 0xff, 0xff, 0xff, 0xff, 0xff, 0xff, 0xff, 0xff, 0xff, 0xff, 0xe0, 0xff, 0xff, 0xff,
    0x12, 0xa2, 0xfc, 0x2b, 0x1f, 0xd1, 0xb2, 0xfb, 0x2b, 0x2f, 0x49, 0x2a, 0x35, 0x24, 0x67, 0x49, 0x3e, 0x49, 0x32, 0x52, 0x21, 0x52, 0x42, 0x49,
    0x22, 0x71, 0x22, 0xb1, 0x52, 0x32, 0x31, 0x82, 0x23, 0x43, 0x22, 0x32, 0x52, 0x21, 0x82, 0x14, 0x35, 0x12, 0x32, 0x52, 0x22, 0x71, 0x21, 0x62,
    0x12, 0x12, 0x32, 0x52, 0x22, 0x62, 0x21, 0x62, 0x32, 0x57, 0x48, 0x35, 0x27, 0x65, 0x66, 0x54, 0x35, 0xff, 0xff, 0xff, 0xff, 0xff, 0xff, 0xff,
    0xff, 0xff, 0xff, 0xff, 0xff, 0xff, 0xff, 0xff, 0x40, 0xff, 0xff, 0xff, 0xf5, 0x2f, 0xf7, 0x1f, 0xf7, 0x2f, 0xf6, 0x23, 0xf4, 0x5a, 0x4f, 0x54,
    0x9f, 0x02, 0x72, 0x42, 0x52, 0x61, 0x81, 0x82, 0x22, 0x71, 0x45, 0x62, 0x72, 0x21, 0x82, 0x32, 0x12, 0x71, 0x23, 0x22, 0x21, 0x82, 0x31, 0x52,
    0x41, 0x14, 0x22, 0x22, 0x71, 0x41, 0x43, 0x32, 0x12, 0x41, 0x32, 0x62, 0x4d, 0x26, 0x48, 0x65, 0x24, 0x44, 0x66, 0xff, 0xff, 0xff, 0xff, 0xff,
    0xff, 0xff, 0xff, 0xff, 0xff, 0xff, 0xff, 0xff, 0xff, 0x20, 0xff, 0xc2, 0xff, 0xff, 0xff, 0xfc, 0x5f, 0xff, 0xff, 0xa2, 0xfc, 0x22, 0x2f, 0xff,
    0x02, 0xf1, 0x2f, 0x62, 0xfc, 0x22, 0x2f, 0xff, 0x02, 0xf0, 0x2f, 0x62, 0xff, 0x12, 0xff, 0xf0, 0x2f, 0x12, 0xf5, 0x2f, 0xf0, 0x2f, 0xff, 0x12,
    0xf1, 0x2a, 0xb6, 0x67, 0x53, 0x67, 0x56, 0x34, 0x91, 0xc4, 0x53, 0x63, 0x17, 0x97, 0x85, 0x82, 0x37, 0x84, 0x52, 0x92, 0xb4, 0x82, 0x44, 0x39,
    0x23, 0x15, 0x35, 0x23, 0x25, 0x24, 0x26, 0x25, 0x22, 0x23, 0x12, 0x1b, 0x26, 0x32, 0x25, 0x24, 0x25, 0x39, 0x13, 0x24, 0x26, 0x23, 0x26, 0x24,
    0x25, 0x17, 0x21, 0x22, 0x22, 0x29, 0x28, 0x22, 0x26, 0x24, 0x25, 0x25, 0x36, 0x23, 0x27, 0x13, 0x17, 0x25, 0x24, 0x17, 0x21, 0x63, 0x55, 0x29,
    0x21, 0x17, 0x25, 0x25, 0x23, 0x55, 0x23, 0x22, 0x32, 0x13, 0x17, 0x25, 0x24, 0x12, 0x32, 0x21, 0x44, 0x65, 0x1a, 0x21, 0x17, 0x25, 0x25, 0x23,
    0x13, 0x24, 0x23, 0x21, 0x42, 0x13, 0x26, 0x25, 0x24, 0x12, 0x32, 0x21, 0x26, 0x29, 0x15, 0x14, 0x21, 0x26, 0x25, 0x25, 0x23, 0x14, 0x23, 0x23,
    0x21, 0x23, 0x23, 0x25, 0x35, 0x24, 0x12, 0x14, 0x21, 0x26, 0x29, 0x23, 0x24, 0x21, 0x25, 0x35, 0x25, 0x23, 0x23, 0xc1, 0x74, 0xf6, 0x26, 0x32,
    0x53, 0x8c, 0x3f, 0x74, 0x24, 0x42, 0x43, 0x56, 0x54, 0x42, 0x44, 0x45, 0x34, 0x38, 0x42, 0x45, 0x54, 0x42, 0x5f, 0xff, 0xf8, 0x2f, 0xff, 0xff,
    0xff, 0xff, 0xff, 0xff, 0xff, 0xff, 0xff, 0xff, 0xff, 0xff, 0xff, 0xff, 0xff, 0xff, 0xff, 0xff, 0xff, 0xff, 0xff, 0xff, 0xff, 0xff, 0xff, 0xff,
    0xff, 0xff, 0xff, 0xff, 0xff, 0xff, 0xff, 0xff, 0xff, 0xff, 0xff, 0xff, 0xff, 0xff, 0xff, 0x80, 0xff, 0xff, 0xff, 0xff, 0xff, 0xff, 0xb2, 0xff,
    0x12, 0xff, 0x72, 0xf2, 0x2f, 0xf0, 0x2f, 0xf8, 0x2f, 0x12, 0xff, 0x12, 0xff, 0x72, 0xf1, 0x2f, 0xf1, 0x2f, 0xf7, 0x26, 0xb6, 0x67, 0x53, 0x62,
    0xb6, 0xf5, 0x79, 0x78, 0x58, 0x24, 0x3c, 0x49, 0x19, 0xd2, 0x31, 0x53, 0x52, 0x32, 0x52, 0x42, 0x52, 0x72, 0x31, 0xd2, 0x31, 0xd1, 0x32, 0x42,
    0x62, 0x32, 0x62, 0x42, 0x52, 0x72, 0x22, 0xd1, 0x32, 0x83, 0x62, 0x32, 0x71, 0x31, 0x72, 0x52, 0x52, 0x62, 0x35, 0x53, 0x62, 0x65, 0x52, 0x32,
    0x23, 0x21, 0x31, 0x72, 0x52, 0x52, 0x13, 0x22, 0x26, 0x45, 0x52, 0x61, 0x32, 0x42, 0x32, 0x14, 0x21, 0x32, 0x62, 0x52, 0x56, 0x22, 0x22, 0x81,
    0x32, 0x42, 0x61, 0x42, 0x32, 0x32, 0x12, 0x32, 0x32, 0x53, 0x52, 0x51, 0x12, 0x41, 0x32, 0x81, 0x42, 0x32, 0x62, 0x3c, 0x17, 0x4f, 0x72, 0x63,
    0x37, 0x23, 0x67, 0x24, 0x42, 0x43, 0x56, 0x54, 0x42, 0x54, 0x45, 0x36, 0x24, 0x4f, 0xff, 0xff, 0xff, 0xff, 0xff, 0xf1, 0x3f, 0xff, 0xff, 0xb5,
    0xff, 0xff, 0xfa, 0x12, 0x2f, 0xff, 0xff, 0x5a, 0xff, 0xff, 0xf4, 0xaf, 0xff, 0xff, 0xff, 0xff, 0xff, 0xff, 0xff, 0xff, 0xff, 0xff, 0xff, 0xff,
    0xff, 0xff, 0xf2, 0xff, 0xff, 0xff, 0xff, 0xff, 0xff, 0xf7, 0x2f, 0xff, 0xff, 0x81, 0xff, 0xff, 0xf8, 0x2f, 0xff, 0xff, 0x72, 0x12, 0xff, 0xf1,
    0xf1, 0x5d, 0x23, 0xae, 0x73, 0x41, 0x6f, 0x24, 0xb5, 0x39, 0xf0, 0x55, 0x32, 0x62, 0x52, 0x62, 0x61, 0x12, 0x22, 0x72, 0x89, 0x52, 0x32, 0x22,
    0x42, 0x42, 0x71, 0x72, 0x3c, 0x52, 0x89, 0x62, 0x26, 0x52, 0x31, 0x82, 0x62, 0x22, 0x33, 0x32, 0x52, 0x92, 0x32, 0x72, 0x21, 0x12, 0x72, 0x31,
    0x82, 0x13, 0x22, 0x21, 0x52, 0x42, 0x51, 0x82, 0x52, 0x13, 0x22, 0x22, 0x92, 0x32, 0x71, 0x14, 0x22, 0x21, 0x51, 0x52, 0x42, 0x82, 0x56, 0x22,
    0x22, 0x92, 0x32, 0x62, 0x12, 0x41, 0x32, 0x33, 0x42, 0x42, 0x82, 0x54, 0x41, 0x42, 0x72, 0x58, 0x36, 0x3f, 0x4a, 0x72, 0x64, 0xa7, 0x65, 0x45,
    0x43, 0x42, 0x4c, 0x54, 0x47, 0x7f, 0xff, 0xff, 0xff, 0xff, 0xff, 0xff, 0xff, 0xff, 0xff, 0xff, 0xff, 0xff, 0xff, 0xff, 0xff, 0xff, 0xff, 0xff,
    0xff, 0xff, 0xff, 0xff, 0xff, 0xff, 0xff, 0xff, 0xff, 0xff, 0xff, 0xff, 0xd0, 0xff, 0xff, 0xff, 0xff, 0xff, 0xff, 0xff, 0xff, 0xfd, 0x2f, 0x52,
    0xf2, 0x2f, 0x82, 0xff, 0xfd, 0x2f, 0x52, 0xf2, 0x2f, 0x92, 0xff, 0xfd, 0x2f, 0x51, 0xf3, 0x1f, 0x92, 0xff, 0xfd, 0x2f, 0x42, 0xf2, 0x2f, 0x92,
    0xff, 0xf0, 0x53, 0x63, 0x15, 0xd2, 0x25, 0xa5, 0x53, 0xc8, 0xf0, 0x73, 0x41, 0x78, 0x24, 0x43, 0x3b, 0x43, 0x49, 0x57, 0x2b, 0x9f, 0x15, 0x53,
    0x25, 0x25, 0x24, 0x25, 0x3c, 0x25, 0x24, 0x24, 0x24, 0x24, 0x23, 0x25, 0x48, 0x96, 0x23, 0x22, 0x24, 0x24, 0x26, 0x24, 0x25, 0x24, 0x18, 0x25,
    0x23, 0x25, 0x23, 0x25, 0x21, 0x25, 0x58, 0x97, 0x22, 0x65, 0x23, 0x17, 0x25, 0x25, 0x21, 0x56, 0x25, 0x22, 0x26, 0x23, 0x16, 0x21, 0x25, 0x21,
    0x29, 0x23, 0x28, 0x22, 0x11, 0x27, 0x23, 0x17, 0x25, 0x25, 0x21, 0x21, 0x27, 0x16, 0x12, 0x26, 0x23, 0x16, 0x21, 0x16, 0x67, 0x25, 0x22, 0x32,
    0x22, 0x29, 0x23, 0x26, 0x25, 0x25, 0x21, 0x15, 0x24, 0x16, 0x12, 0x27, 0x13, 0x25, 0x21, 0x18, 0x11, 0x27, 0x25, 0x21, 0x42, 0x22, 0x29, 0x23,
    0x25, 0x35, 0x25, 0x21, 0x14, 0x33, 0x34, 0x22, 0x27, 0x13, 0x24, 0x22, 0x23, 0x24, 0x27, 0x25, 0x21, 0x24, 0x14, 0x27, 0x25, 0xf7, 0x2f, 0x52,
    0x27, 0x14, 0x72, 0xc9, 0x73, 0x64, 0xa7, 0x54, 0x42, 0x54, 0x52, 0x42, 0x44, 0x27, 0x15, 0x45, 0x42, 0x4b, 0x55, 0x47, 0x7f, 0xff, 0xff, 0xff,
    0xff, 0xff, 0xff, 0xff, 0xff, 0xff, 0xff, 0xff, 0xff, 0xff, 0xff, 0xff, 0xff, 0xff, 0xff, 0xff, 0xff, 0xff, 0xff, 0xff, 0xff, 0xff, 0xff, 0xff,
    0xff, 0xff, 0xff, 0xff, 0xff, 0xff, 0xff, 0xff, 0xff, 0xff, 0xff, 0xff, 0xff, 0xff, 0xff, 0xff, 0xff, 0xff, 0xfa, 0xff, 0xff, 0xff, 0xf6, 0x4f,
    0xff, 0xf5, 0x2d, 0x6b, 0x2f, 0xff, 0x62, 0xd2, 0x23, 0xa2, 0xff, 0xf7, 0x1d, 0x8a, 0x1f, 0xff, 0x62, 0x22, 0xa4, 0x12, 0x92, 0xff, 0xda, 0x23,
    0x54, 0x52, 0x29, 0x7f, 0x07, 0x34, 0x16, 0x94, 0x33, 0x64, 0x22, 0x79, 0xf1, 0x55, 0x32, 0x62, 0x42, 0x62, 0x25, 0x52, 0x29, 0x79, 0x62, 0x32,
    0x22, 0x42, 0x52, 0x52, 0x52, 0x25, 0x52, 0x29, 0x79, 0x72, 0x26, 0x52, 0x32, 0x62, 0x52, 0x23, 0x53, 0x42, 0x32, 0x92, 0x32, 0x82, 0x21, 0x12,
    0x72, 0x32, 0x62, 0x61, 0x39, 0x42, 0x52, 0x72, 0x52, 0x23, 0x22, 0x22, 0x92, 0x32, 0x71, 0x52, 0x56, 0x52, 0x52, 0x72, 0x52, 0x14, 0x22, 0x22,
    0x92, 0x32, 0x72, 0x42, 0x52, 0x22, 0x52, 0x52, 0x72, 0x52, 0x12, 0x41, 0x42, 0x72, 0x42, 0x77, 0x66, 0x67, 0x97, 0x36, 0x4a, 0x52, 0x71, 0x14,
    0x84, 0x85, 0xb5, 0x54, 0x77, 0xff, 0xff, 0xff, 0xff, 0xff, 0xff, 0xff, 0xff, 0xff, 0xff, 0xff, 0xff, 0xff, 0xff, 0xff, 0xff, 0xff, 0xff, 0xff,
    0xff, 0xff, 0xff, 0xff, 0xff, 0xff, 0xff, 0xff, 0xff, 0xff, 0xff, 0xff, 0x90, 0xff, 0xff, 0xff, 0xff, 0xff, 0xfc, 0x4f, 0xff, 0xff, 0xff, 0xff,
    0xd6, 0xc4, 0xf3, 0x1f, 0x42, 0xfc, 0x2f, 0x91, 0xff, 0x72, 0x23, 0xa6, 0xf0, 0x5f, 0x22, 0xfd, 0x1f, 0x92, 0xff, 0x68, 0x92, 0x22, 0xe2, 0xf7,
    0x1f, 0xd2, 0xf8, 0x2f, 0xf7, 0x32, 0x29, 0x22, 0x2b, 0x7f, 0x42, 0x92, 0xf2, 0x2f, 0x82, 0xf2, 0x34, 0x44, 0x47, 0x13, 0x51, 0x63, 0xf1, 0x7d,
    0x22, 0x53, 0x4d, 0x66, 0x4a, 0x39, 0x45, 0x26, 0x26, 0x62, 0x26, 0x21, 0x21, 0x38, 0x31, 0x31, 0x7b, 0x43, 0x53, 0x3b, 0x78, 0x38, 0x49, 0x42,
    0x22, 0x31, 0x34, 0x32, 0x62, 0x21, 0x38, 0x75, 0x25, 0xf2, 0x25, 0x26, 0x25, 0x11, 0x22, 0x26, 0x35, 0x26, 0x53, 0x1c, 0xc1, 0x21, 0x13, 0x17,
    0x26, 0x12, 0x47, 0x63, 0x3a, 0x18, 0x25, 0x25, 0x23, 0xc4, 0x26, 0x25, 0x63, 0x2b, 0x11, 0x22, 0x61, 0x23, 0x28, 0x24, 0x27, 0x16, 0x22, 0x3d,
    0x56, 0x25, 0x25, 0x22, 0x23, 0x33, 0x24, 0x27, 0x15, 0x22, 0x33, 0x57, 0x2b, 0x22, 0x29, 0x23, 0x28, 0x22, 0x12, 0x7d, 0x21, 0x27, 0x16, 0x16,
    0x12, 0x15, 0x24, 0x23, 0x22, 0x32, 0x12, 0x12, 0x72, 0x67, 0x2a, 0x22, 0x24, 0x15, 0x22, 0x24, 0x14, 0x22, 0x14, 0x13, 0x1d, 0x15, 0x24, 0x16,
    0x15, 0x22, 0x15, 0x15, 0x23, 0x21, 0x42, 0x12, 0x14, 0x13, 0x12, 0x2c, 0x28, 0x32, 0x23, 0x33, 0x23, 0x23, 0x33, 0x22, 0x26, 0x2d, 0x14, 0x33,
    0x34, 0x34, 0x22, 0x23, 0x34, 0x23, 0x21, 0x23, 0x22, 0x26, 0x22, 0x2d, 0xb3, 0xd3, 0xd3, 0x8e, 0xfb, 0x3f, 0x41, 0x73, 0x83, 0x3d, 0x86, 0xb5,
    0x43, 0x45, 0x6f, 0x15, 0x24, 0x24, 0x34, 0x54, 0x34, 0x24, 0x35, 0x56, 0x53, 0xff, 0x11, 0xff, 0xff, 0xff, 0xff, 0xff, 0x21, 0xff, 0xff, 0xff,
    0xff, 0xff, 0xff, 0xff, 0xff, 0xff, 0xff, 0xff, 0xff, 0xff, 0xff, 0xff, 0xff, 0xff, 0xff, 0xff, 0xff, 0xff, 0xff, 0xff, 0xff, 0xff, 0xff, 0xff,
    0xff, 0xff, 0xff, 0xff, 0xff, 0xff, 0xff, 0xff, 0xff, 0xff, 0xff, 0xff, 0xff, 0xff, 0xff, 0xff, 0xff, 0xff, 0xff, 0xff, 0xff, 0xff, 0xff, 0x50,
    0xff, 0xff, 0xc2, 0xff, 0x13, 0xff, 0xf1, 0x4c, 0x5f, 0xd8, 0xf0, 0x2c, 0x2b, 0x7a, 0x22, 0x2f, 0x52, 0x52, 0x43, 0xf0, 0x2c, 0x2a, 0x22, 0x49,
    0x23, 0x1f, 0x61, 0x42, 0x63, 0xe2, 0xc2, 0xa5, 0x22, 0xd1, 0xf6, 0x23, 0x27, 0x3d, 0x2c, 0x2b, 0x33, 0x2c, 0x2f, 0x52, 0x51, 0x25, 0x12, 0x3b,
    0x2c, 0xf4, 0x23, 0x95, 0x32, 0xd5, 0xb3, 0xa3, 0xbf, 0x52, 0x39, 0x45, 0x1b, 0x72, 0x64, 0xa2, 0x42, 0x63, 0xf5, 0x23, 0x13, 0x21, 0x13, 0x23,
    0x17, 0x23, 0x15, 0x28, 0x3b, 0x22, 0x28, 0x2a, 0x19, 0x23, 0x13, 0x21, 0x22, 0x22, 0x23, 0x13, 0x23, 0x24, 0x29, 0x23, 0x36, 0x12, 0x29, 0x27,
    0x48, 0x24, 0x43, 0x12, 0x61, 0x53, 0x22, 0x14, 0x1a, 0x22, 0x55, 0x21, 0x1a, 0x27, 0x12, 0x27, 0x22, 0x45, 0x12, 0x43, 0x21, 0x23, 0x22, 0x14,
    0x15, 0x14, 0x22, 0x13, 0x24, 0x21, 0x15, 0x14, 0x27, 0x15, 0x24, 0x22, 0x17, 0x22, 0x25, 0x15, 0x21, 0x21, 0x14, 0x23, 0x24, 0x22, 0x14, 0x23,
    0x21, 0x23, 0x24, 0x27, 0x14, 0x33, 0x23, 0x16, 0x32, 0x25, 0x14, 0x32, 0x34, 0xc3, 0x23, 0x62, 0xc8, 0xd3, 0x94, 0x24, 0xd5, 0x42, 0x44, 0x24,
    0x44, 0x42, 0x4a, 0x52, 0x45, 0x67, 0x33, 0x52, 0x5f, 0xff, 0xff, 0x82, 0xe1, 0xff, 0xff, 0xff, 0xff, 0xff, 0xff, 0xff, 0xff, 0xff, 0xff, 0xff,
    0xff, 0xff, 0xff, 0xff, 0xff, 0xff, 0xff, 0xff, 0xff, 0xff, 0xff, 0xff, 0xff, 0xff, 0xff, 0xff, 0xff, 0xff, 0xff, 0xff, 0xff, 0xff, 0xc0, 0xff,
    0xff, 0xff, 0xd2, 0xf8, 0x2f, 0x41, 0xf9, 0x2f, 0x32, 0xf8, 0x2f, 0x32, 0xf8, 0x26, 0x52, 0x64, 0x54, 0xc7, 0x62, 0x44, 0x73, 0xb8, 0x13, 0x22,
    0x52, 0x24, 0x24, 0x26, 0x3b, 0x12, 0x71, 0x25, 0x22, 0x28, 0x29, 0x26, 0x23, 0x16, 0x22, 0x29, 0x27, 0x28, 0x22, 0x16, 0x22, 0x1a, 0x26, 0x24,
    0x14, 0x22, 0x25, 0x22, 0x15, 0x14, 0x26, 0x23, 0x33, 0x22, 0x24, 0x23, 0x23, 0x24, 0x26, 0xd3, 0x73, 0xc8, 0x43, 0x45, 0x46, 0x42, 0x42, 0x2f,
    0xfe, 0x1f, 0xfe, 0x1f, 0xfe, 0x1f, 0xfd, 0x2f, 0xf6, 0x8f, 0xf7, 0x6f, 0xff, 0xff, 0xff, 0xff, 0xff, 0xff, 0xff, 0x50, 0xb2, 0xff, 0xf1, 0x4f,
    0xfe, 0x22, 0x2b, 0x2a, 0x2f, 0x32, 0x31, 0xc2, 0x92, 0xf8, 0x1c, 0x2a, 0x1f, 0x72, 0xc2, 0x92, 0x22, 0x75, 0x26, 0x34, 0x25, 0x29, 0x23, 0x66,
    0x23, 0x46, 0x14, 0x37, 0x53, 0x42, 0x32, 0x42, 0x35, 0x52, 0x29, 0x52, 0x41, 0x31, 0x62, 0x25, 0x52, 0x29, 0x52, 0x62, 0x81, 0x23, 0x63, 0x32,
    0x32, 0x62, 0x52, 0x92, 0x2a, 0x32, 0x52, 0x61, 0x42, 0x41, 0x52, 0x46, 0x52, 0x52, 0x52, 0x42, 0x33, 0x32, 0x52, 0x22, 0x52, 0x53, 0x42, 0x4d,
    0x56, 0x67, 0x16, 0x64, 0x34, 0x74, 0x85, 0x34, 0xff, 0xff, 0xff, 0xff, 0xff, 0xff, 0xff, 0xff, 0xff, 0xff, 0xff, 0xff, 0xff, 0xff, 0xff, 0xff,
    0xff, 0xff, 0x30, 0xff, 0xff, 0xff, 0xff, 0xff, 0xff, 0xb2, 0xf8, 0x2f, 0x42, 0xa2, 0xa1, 0xf4, 0x1f, 0x92, 0xf4, 0x29, 0x2a, 0x2f, 0x32, 0xf8,
    0x2f, 0x42, 0xa1, 0xa2, 0xf3, 0x2f, 0x82, 0xf4, 0x29, 0x2a, 0x26, 0x52, 0x64, 0x54, 0xca, 0xb3, 0x92, 0xa6, 0x62, 0x44, 0x73, 0xbb, 0xa4, 0x74,
    0x88, 0x13, 0x22, 0x52, 0x24, 0x24, 0x26, 0x3f, 0x32, 0x49, 0x65, 0xb1, 0x27, 0x12, 0x52, 0x22, 0x82, 0xf4, 0x23, 0x95, 0x69, 0x26, 0x23, 0x16,
    0x22, 0x29, 0x2a, 0x36, 0x14, 0x23, 0x26, 0x22, 0x37, 0x28, 0x22, 0x16, 0x22, 0x1a, 0x29, 0x55, 0x22, 0x25, 0x22, 0x12, 0x76, 0x24, 0x14, 0x22,
    0x25, 0x22, 0x15, 0x14, 0x29, 0x13, 0x24, 0x22, 0x25, 0x22, 0x14, 0x13, 0x16, 0x23, 0x33, 0x22, 0x24, 0x23, 0x23, 0x24, 0x29, 0x14, 0x23, 0x22,
    0x25, 0x22, 0x26, 0x26, 0xd3, 0x73, 0xca, 0x23, 0x64, 0x74, 0x88, 0x43, 0x45, 0x46, 0x42, 0x42, 0x27, 0x24, 0x46, 0x56, 0x62, 0x2f, 0xfe, 0x1f,
    0x81, 0x51, 0xd1, 0xff, 0xe1, 0xf6, 0x44, 0x2c, 0x1f, 0xfe, 0x1f, 0x62, 0x11, 0x11, 0x22, 0xc1, 0xff, 0xd2, 0xf6, 0xab, 0x2f, 0xf6, 0x8f, 0x84,
    0x14, 0x48, 0xff, 0x76, 0xff, 0x31, 0x46, 0xff, 0xff, 0xf3, 0x1f, 0xff, 0xff, 0xff, 0xff, 0xff, 0xff, 0xff, 0xff, 0xff, 0xff, 0xff, 0xfb, 0xf9,
    0x1a, 0x2f, 0xb5, 0x75, 0xf0, 0x26, 0x22, 0x26, 0x22, 0x2f, 0x02, 0x72, 0x22, 0x52, 0x31, 0xf1, 0x1b, 0x26, 0x13, 0x1f, 0x02, 0xa2, 0xa2, 0x4d,
    0x2a, 0x2a, 0x4b, 0x49, 0x38, 0xf1, 0x24, 0x25, 0x23, 0x24, 0x27, 0x18, 0x22, 0x27, 0x13, 0x25, 0x24, 0x56, 0x22, 0x18, 0x21, 0x26, 0x24, 0x21,
    0x27, 0x12, 0x18, 0x21, 0x26, 0x24, 0x15, 0x24, 0x12, 0x27, 0x12, 0x27, 0x14, 0x14, 0x33, 0x22, 0x26, 0x22, 0x27, 0x14, 0xd3, 0x83, 0x27, 0x15,
    0x52, 0x45, 0x64, 0x27, 0x1f, 0xff, 0xff, 0xff, 0xff, 0xff, 0xff, 0xff, 0xff, 0xff, 0xff, 0xff, 0xff, 0xff, 0xff, 0xf3, 0xff, 0xff, 0xff, 0xff,
    0xa2, 0xff, 0xf1, 0x2f, 0xff, 0x02, 0xff, 0xf0, 0x21, 0x28, 0x32, 0x46, 0x53, 0xc2, 0x36, 0xb4, 0x72, 0xb4, 0x34, 0x23, 0x24, 0x22, 0x24, 0x23,
    0x26, 0x35, 0x24, 0x19, 0x22, 0x25, 0x21, 0x28, 0x25, 0x28, 0x24, 0x22, 0x16, 0x21, 0x29, 0x24, 0x26, 0x62, 0x22, 0x16, 0x21, 0x1a, 0x25, 0x16,
    0x14, 0x43, 0x25, 0x21, 0x15, 0x14, 0x24, 0x25, 0x25, 0x33, 0x24, 0x22, 0x23, 0x24, 0x24, 0x26, 0x94, 0x72, 0xf3, 0x85, 0x12, 0x54, 0x54, 0x24,
    0x24, 0xf1, 0x1f, 0xff, 0xff, 0xff, 0xff, 0xff, 0xff, 0xff, 0xff, 0xff, 0xff, 0xff, 0xff, 0xff, 0xff, 0xff, 0xff, 0x90, 0xb2, 0xff, 0xff, 0xf9,
    0x4f, 0xff, 0xff, 0x72, 0x22, 0xf6, 0x2b, 0x2f, 0xa2, 0xf3, 0x23, 0x1f, 0x62, 0xc2, 0xfa, 0x1f, 0x81, 0xf7, 0x1c, 0x2f, 0xa2, 0xf6, 0x2f, 0x62,
    0xc2, 0xfa, 0x21, 0x27, 0x52, 0x64, 0x54, 0xa3, 0x42, 0x56, 0x64, 0xa2, 0x36, 0x62, 0x35, 0x73, 0x93, 0x61, 0x46, 0x83, 0x94, 0x34, 0x23, 0x24,
    0x23, 0x24, 0x24, 0x24, 0x23, 0x55, 0x24, 0x35, 0x23, 0x25, 0x25, 0x24, 0x13, 0x16, 0x22, 0x25, 0x23, 0x25, 0x22, 0x55, 0x24, 0x26, 0x22, 0x27,
    0x15, 0x26, 0x28, 0x12, 0x16, 0x22, 0x26, 0x22, 0x36, 0x34, 0x27, 0x12, 0x18, 0x24, 0x25, 0x29, 0x21, 0x16, 0x22, 0x26, 0x23, 0xa5, 0x22, 0x32,
    0x12, 0x18, 0x25, 0x14, 0x24, 0x15, 0x21, 0x25, 0x22, 0x27, 0x15, 0x61, 0x24, 0x21, 0x42, 0x12, 0x27, 0x15, 0x24, 0x23, 0x33, 0x22, 0x24, 0x23,
    0x27, 0x15, 0x22, 0x22, 0x23, 0x21, 0x23, 0x22, 0x26, 0x34, 0x24, 0xd3, 0x73, 0x27, 0x15, 0x62, 0x71, 0x73, 0x81, 0x66, 0x43, 0x45, 0x45, 0x27,
    0x16, 0x45, 0x43, 0x55, 0x63, 0x4f, 0xff, 0xff, 0xff, 0xff, 0xff, 0xff, 0xff, 0xff, 0xff, 0xff, 0xff, 0xff, 0xff, 0xff, 0xff, 0xff, 0xff, 0xff,
    0xff, 0xff, 0xff, 0xff, 0xff, 0xff, 0xff, 0xff, 0xff, 0xff, 0xff, 0xff, 0xff, 0xf1, 0xff, 0xff, 0x53, 0xff, 0x98, 0xd2, 0xf6, 0x24, 0x3c, 0x2f,
    0x52, 0x63, 0xc1, 0xf5, 0x27, 0x3a, 0x26, 0x34, 0x44, 0x12, 0x51, 0x23, 0x95, 0x52, 0x63, 0xb3, 0x76, 0x22, 0x23, 0x13, 0x22, 0x26, 0x42, 0x94,
    0xc1, 0x21, 0x28, 0x32, 0x94, 0x11, 0x22, 0x61, 0x21, 0x29, 0x23, 0x23, 0x25, 0x2b, 0x21, 0x1a, 0x22, 0x25, 0x24, 0x2a, 0x22, 0x15, 0x14, 0x22,
    0x25, 0x25, 0x28, 0x32, 0x23, 0x24, 0x22, 0x25, 0x26, 0xb3, 0xc4, 0x78, 0x86, 0xa6, 0x5f, 0xc2, 0xff, 0xc2, 0xff, 0xff, 0xff, 0xff, 0xff, 0xff,
    0xff, 0xff, 0xff, 0xff, 0xff, 0xff, 0xff, 0xfa, 0xff, 0xff, 0xff, 0x11, 0xff, 0xff, 0xff, 0x13, 0xff, 0xff, 0x95, 0xff, 0x03, 0xff, 0xf4, 0x23,
    0x8f, 0x52, 0xfb, 0x2f, 0x02, 0x22, 0xfd, 0x88, 0x3f, 0xf5, 0x23, 0x24, 0x3f, 0x42, 0xfc, 0x1f, 0x12, 0x22, 0xfc, 0x24, 0x36, 0x5f, 0xf5, 0x12,
    0x27, 0x2f, 0x42, 0xfb, 0x2f, 0x42, 0xfb, 0x26, 0x35, 0x13, 0x2f, 0xf3, 0x22, 0x28, 0x2f, 0x32, 0xfb, 0x2f, 0x32, 0xfc, 0x27, 0x34, 0x22, 0x2f,
    0xaa, 0x31, 0x25, 0x21, 0x55, 0x36, 0x2b, 0x5a, 0x8d, 0x66, 0x65, 0x51, 0x25, 0x12, 0x46, 0x73, 0x41, 0xa9, 0x4b, 0x48, 0x24, 0x3c, 0x49, 0x9b,
    0x78, 0x47, 0x4b, 0x55, 0x65, 0x32, 0xa2, 0x42, 0x42, 0x54, 0x32, 0x52, 0x42, 0x52, 0x72, 0x42, 0x52, 0xb1, 0x12, 0x22, 0x63, 0x52, 0x22, 0x42,
    0x42, 0x64, 0x35, 0x22, 0x22, 0x22, 0x42, 0x92, 0x52, 0x22, 0x55, 0x32, 0x62, 0x42, 0x52, 0x72, 0x22, 0x71, 0x9c, 0x42, 0x62, 0x22, 0x52, 0x22,
    0x83, 0xa2, 0x26, 0x52, 0x72, 0x62, 0x22, 0x52, 0x12, 0x31, 0x72, 0x52, 0x52, 0x62, 0x21, 0x82, 0x72, 0x33, 0x32, 0x42, 0x71, 0x21, 0x62, 0x22,
    0x92, 0x23, 0x62, 0x11, 0x12, 0x72, 0x72, 0x62, 0x21, 0x66, 0x21, 0x72, 0x52, 0x52, 0x13, 0x22, 0x21, 0x82, 0x71, 0x52, 0x42, 0x32, 0x23, 0x21,
    0x21, 0x62, 0x21, 0xa2, 0x15, 0x52, 0x12, 0x92, 0x72, 0x71, 0x21, 0x81, 0x12, 0x22, 0x62, 0x52, 0x56, 0x22, 0x22, 0x71, 0x81, 0x51, 0x52, 0x32,
    0x14, 0x21, 0x22, 0x52, 0x21, 0x51, 0x42, 0x11, 0x32, 0x42, 0x12, 0x92, 0x72, 0x71, 0x22, 0x32, 0x42, 0x22, 0x53, 0x52, 0x51, 0x12, 0x41, 0x32,
    0x62, 0x82, 0x33, 0x42, 0x32, 0x12, 0x32, 0x22, 0x42, 0x32, 0x32, 0x42, 0x11, 0x42, 0x32, 0x22, 0x72, 0x82, 0x71, 0x2c, 0x4f, 0x72, 0x64, 0x89,
    0xf4, 0x17, 0x37, 0x3c, 0x22, 0x36, 0x3a, 0x92, 0x71, 0x34, 0x24, 0x65, 0x44, 0x25, 0x44, 0x66, 0xb4, 0x34, 0x24, 0x35, 0x54, 0x64, 0x24, 0x32,
    0x44, 0x67, 0xff, 0xff, 0xff, 0xff, 0xff, 0xff, 0xff, 0xff, 0xff, 0xff, 0xff, 0x11, 0x31, 0xff, 0xff, 0xff, 0xff, 0xff, 0x99, 0xff, 0xff, 0xff,
    0xff, 0xff, 0x72, 0x13, 0x12, 0xff, 0xff, 0xff, 0xff, 0xff, 0x72, 0x21, 0x31, 0xff, 0xff, 0xff, 0xff, 0xff, 0x72, 0x52, 0xff, 0xff, 0xff, 0xff,
    0xff, 0x81, 0x51, 0xff, 0xff, 0xff, 0xff, 0xff, 0xff, 0xff, 0xff, 0xff, 0xff, 0xff, 0xff, 0xff, 0xff, 0xff, 0xff, 0xff, 0xff, 0xff, 0xff, 0xff,
    0xff, 0x70, 0xf9, 0x2f, 0xff, 0xff, 0xf9, 0x4c, 0x5f, 0xf4, 0x3f, 0xb4, 0xff, 0x07, 0xa2, 0x22, 0xf5, 0x29, 0x8e, 0x26, 0x7f, 0xd2, 0x24, 0x92,
    0x31, 0xf6, 0x19, 0x24, 0x3e, 0x25, 0x22, 0x4f, 0xc5, 0x22, 0xd1, 0xf6, 0x27, 0x26, 0x3d, 0x25, 0x52, 0x2f, 0xc3, 0x32, 0xc2, 0xf5, 0x28, 0x27,
    0x3c, 0x26, 0x33, 0x2f, 0xf4, 0x23, 0x95, 0x32, 0xd9, 0x12, 0x51, 0x22, 0xbe, 0x25, 0x34, 0x1f, 0x52, 0x39, 0x45, 0x1b, 0xbb, 0x2a, 0xf0, 0x24,
    0x53, 0x2f, 0x52, 0x31, 0x32, 0x11, 0x32, 0x31, 0x72, 0x31, 0xa2, 0x64, 0x92, 0xf1, 0x22, 0x22, 0x24, 0x29, 0x19, 0x23, 0x13, 0x21, 0x22, 0x22,
    0x23, 0x13, 0x23, 0x28, 0x28, 0x3a, 0x25, 0x19, 0x22, 0x65, 0x26, 0x48, 0x24, 0x43, 0x12, 0x61, 0x53, 0x22, 0x18, 0x29, 0x22, 0x36, 0x13, 0x48,
    0x22, 0x11, 0x27, 0x26, 0x12, 0x27, 0x22, 0x45, 0x12, 0x43, 0x21, 0x23, 0x22, 0x18, 0x1a, 0x21, 0x55, 0x22, 0x12, 0x27, 0x22, 0x29, 0x26, 0x15,
    0x24, 0x22, 0x17, 0x22, 0x25, 0x15, 0x21, 0x21, 0x18, 0x15, 0x14, 0x21, 0x13, 0x24, 0x22, 0x15, 0x24, 0x22, 0x29, 0x26, 0x14, 0x33, 0x23, 0x16,
    0x32, 0x25, 0x14, 0x32, 0x38, 0x23, 0x24, 0x21, 0x14, 0x23, 0x22, 0x14, 0x33, 0x24, 0x27, 0x27, 0xd3, 0x94, 0x24, 0xd8, 0xc2, 0x23, 0x63, 0xd4,
    0xa9, 0x52, 0x45, 0x67, 0x33, 0x52, 0x59, 0x42, 0x43, 0x24, 0x45, 0x52, 0x47, 0x7f, 0xfa, 0x2e, 0x1f, 0xff, 0xff, 0xff, 0xff, 0xff, 0xe1, 0x31,
    0xff, 0xff, 0xff, 0xf7, 0x9f, 0xff, 0xff, 0xff, 0x52, 0x13, 0x12, 0xff, 0xff, 0xff, 0xf5, 0x22, 0x13, 0x1f, 0xff, 0xff, 0xff, 0x52, 0x52, 0xff,
    0xff, 0xff, 0xf6, 0x15, 0x1f, 0xff, 0xff, 0xff, 0xff, 0xff, 0xff, 0xff, 0xff, 0xff, 0xff, 0xff, 0xff, 0xff, 0xff, 0xff, 0xe0, 0xff, 0x21, 0xff,
    0x45, 0xff, 0x22, 0x22, 0xff, 0x12, 0x22, 0xff, 0x52, 0xff, 0x52, 0x3f, 0x35, 0x41, 0x54, 0xf4, 0x36, 0x14, 0xc2, 0x82, 0x25, 0x52, 0xc2, 0x82,
    0x15, 0x52, 0x43, 0x61, 0x82, 0x13, 0x63, 0x35, 0x52, 0x23, 0x22, 0x2a, 0x41, 0x32, 0x42, 0x14, 0x22, 0x46, 0x61, 0x42, 0x32, 0x12, 0x41, 0x52,
    0x22, 0x62, 0x36, 0x36, 0x56, 0x62, 0x44, 0x54, 0x74, 0xff, 0xff, 0xff, 0xff, 0xff, 0xff, 0xff, 0xff, 0xff, 0xff, 0xff, 0xff, 0xff, 0xf7, 0xff,
    0xff, 0xff, 0xff, 0xff, 0xff, 0xfe, 0x2f, 0xff, 0xfa, 0x4f, 0x72, 0xff, 0xff, 0x96, 0xf7, 0x1f, 0xff, 0xf9, 0x13, 0x3f, 0x52, 0xff, 0xff, 0x92,
    0x15, 0x8d, 0x46, 0x55, 0x24, 0x69, 0x6f, 0x16, 0x51, 0x28, 0xb5, 0x83, 0xe3, 0x97, 0xf2, 0x71, 0x32, 0xe2, 0x22, 0x33, 0x52, 0x21, 0x52, 0x42,
    0x31, 0xf1, 0x25, 0x26, 0x27, 0x5a, 0x13, 0x23, 0x22, 0x26, 0x22, 0x2b, 0x13, 0x2e, 0x27, 0x17, 0x25, 0x68, 0x56, 0x22, 0x27, 0x13, 0x34, 0x32,
    0x23, 0x5a, 0x18, 0x26, 0x25, 0x22, 0x37, 0x21, 0x27, 0x12, 0x22, 0x32, 0x21, 0x43, 0x51, 0x22, 0x6a, 0x18, 0x21, 0x32, 0x22, 0x12, 0x77, 0x15,
    0x24, 0x12, 0x21, 0x42, 0x21, 0x16, 0x21, 0x21, 0x22, 0x2e, 0x27, 0x11, 0x42, 0x22, 0x14, 0x12, 0x27, 0x14, 0x33, 0x22, 0x21, 0x23, 0x22, 0x16,
    0x23, 0x23, 0x2e, 0x26, 0x21, 0x24, 0x13, 0x26, 0x27, 0xd2, 0x22, 0x62, 0x52, 0x73, 0x3e, 0x83, 0x63, 0x99, 0x51, 0x53, 0x22, 0x54, 0x43, 0x55,
    0x3e, 0x65, 0x46, 0x63, 0x2b, 0x26, 0x2f, 0xff, 0xff, 0x11, 0xc8, 0xff, 0xff, 0xf2, 0x1d, 0x6f, 0xff, 0xff, 0x31, 0xff, 0xff, 0xff, 0x62, 0xff,
    0xff, 0xfe, 0x8f, 0xff, 0xff, 0xf0, 0x6f, 0xff, 0xff, 0xff, 0xff, 0xff, 0xff, 0xff, 0xff, 0xff, 0xff, 0xff, 0xff, 0xff, 0xff, 0xff, 0xff, 0x00,
    0xff, 0xff, 0xff, 0xff, 0xff, 0xff, 0xff, 0xfe, 0x2f, 0xff, 0xff, 0x91, 0xf7, 0x4f, 0xff, 0xff, 0x64, 0xf6, 0x4f, 0xff, 0xff, 0x74, 0xf6, 0x3f,
    0xff, 0xff, 0x74, 0xf6, 0x4f, 0xff, 0xff, 0x64, 0xf5, 0x5f, 0xff, 0xff, 0x64, 0x4f, 0x56, 0x67, 0x74, 0xf2, 0xc6, 0x5f, 0x14, 0xf5, 0x4a, 0x49,
    0x3f, 0x48, 0xa3, 0xf0, 0x5f, 0x44, 0xc3, 0xa2, 0xf6, 0x5c, 0x2e, 0xf0, 0x45, 0x14, 0x51, 0x63, 0x41, 0x55, 0x47, 0x75, 0x51, 0x64, 0xbf, 0x14,
    0x34, 0x24, 0x55, 0x23, 0x34, 0x29, 0x85, 0x34, 0x55, 0x34, 0x44, 0x76, 0x23, 0x44, 0x24, 0x64, 0x74, 0x39, 0x94, 0x34, 0x64, 0x24, 0x64, 0x58,
    0x84, 0x24, 0x64, 0x55, 0x49, 0x34, 0x24, 0x34, 0x64, 0x24, 0x65, 0x48, 0x93, 0x24, 0x64, 0x44, 0xa4, 0x35, 0x24, 0x34, 0x64, 0x15, 0x74, 0x43,
    0x23, 0x13, 0x54, 0x14, 0x64, 0x34, 0x43, 0x54, 0x25, 0x24, 0x34, 0x64, 0x14, 0x84, 0x43, 0x55, 0x34, 0x25, 0x45, 0x24, 0x45, 0x44, 0x14, 0x44,
    0x35, 0x45, 0x14, 0x84, 0x45, 0x18, 0x15, 0x3c, 0x35, 0x1f, 0x01, 0x51, 0x64, 0xc2, 0x48, 0x44, 0xf5, 0x3c, 0x3f, 0x53, 0xa5, 0xc2, 0x48, 0x45,
    0x91, 0x85, 0xa5, 0x91, 0x93, 0x97, 0xa3, 0x48, 0x46, 0x74, 0x58, 0x68, 0x64, 0x67, 0x6a, 0x65, 0x48, 0x4f, 0xff, 0xff, 0xff, 0xff, 0xff, 0xff,
    0xff, 0xff, 0xff, 0xff, 0xff, 0xff, 0xff, 0xff, 0xff, 0xff, 0xff, 0xff, 0xff, 0xff, 0xff, 0xff, 0xff, 0xff, 0xff, 0xff, 0xff, 0xff, 0xff, 0xff,
    0xff, 0xff, 0xff, 0xff, 0xff, 0xff, 0xff, 0xff, 0xff, 0xff, 0xff, 0xff, 0xff, 0xff, 0xff, 0xff, 0xff, 0xff, 0xff, 0xff, 0xff, 0xff, 0xff, 0xff,
    0xf2};

inline constexpr KnText kWeekday[] = {{98, 30, 0},    {114, 30, 195}, {114, 30, 423}, {88, 30, 651},
                                      {89, 30, 826}, {83, 30, 1004}, {76, 30, 1169}};

inline constexpr KnText kGregorianMonth[] = {{68, 30, 1320}, {74, 30, 1459},  {78, 30, 1618}, {67, 30, 1766},
                                             {38, 30, 1895}, {63, 30, 1972},  {49, 30, 2089}, {63, 30, 2197},
                                             {94, 30, 2330}, {107, 30, 2529}, {91, 30, 2747}, {90, 30, 2925}};

inline constexpr KnText kMasa[] = {{42, 30, 3104}, {68, 30, 3206}, {56, 30, 3349}, {68, 30, 3487},
                                   {68, 30, 3619}, {87, 30, 3753}, {94, 30, 3940}, {66, 30, 4131},
                                   {94, 30, 4252}, {51, 30, 4442}, {61, 30, 4564}, {76, 30, 4688}};

inline constexpr KnText kSamvatsara[] = {
    {60, 30, 4845},   {58, 30, 4978},  {40, 30, 5101},   {117, 30, 5188}, {102, 30, 5428}, {90, 30, 5649},
    {81, 30, 5827},  {49, 30, 5995}, {57, 30, 6096},  {51, 30, 6212}, {57, 30, 6311},  {96, 30, 6430},
    {76, 30, 6625},  {62, 30, 6788}, {41, 30, 6915},  {91, 30, 7013}, {74, 30, 7201},  {62, 30, 7361},
    {78, 30, 7476},  {55, 30, 7633}, {90, 30, 7752},  {91, 30, 7927}, {80, 30, 8105},  {51, 30, 8270},
    {35, 30, 8379},  {64, 30, 8449}, {68, 30, 8578},  {49, 30, 8716}, {66, 30, 8815},  {93, 30, 8957},
    {97, 30, 9139},  {69, 30, 9339}, {59, 30, 9481},  {72, 30, 9595}, {39, 30, 9730},  {82, 30, 9821},
    {102, 30, 9991}, {62, 30, 10204}, {90, 30, 10334},  {82, 30, 10522}, {66, 30, 10693},  {55, 30, 10841},
    {60, 30, 10947},  {91, 30, 11075}, {119, 30, 11252}, {81, 30, 11498}, {106, 30, 11662}, {68, 30, 11885},
    {57, 30, 12014},  {34, 30, 12134}, {63, 30, 12202},  {95, 30, 12331}, {77, 30, 12517},  {47, 30, 12676},
    {79, 30, 12771},  {83, 30, 12925}, {125, 30, 13100}, {56, 30, 13361}, {78, 30, 13479},  {64, 30, 13641}};

inline constexpr KnText kTithi[] = {{54, 30, 13776}, {52, 30, 13893}, {48, 30, 14006}, {73, 30, 14105},
                                    {78, 30, 14252}, {41, 30, 14413}, {63, 30, 14505}, {70, 30, 14641},
                                    {62, 30, 14791}, {60, 30, 14917}, {75, 30, 15038}, {64, 30, 15189},
                                    {99, 30, 15323}, {87, 30, 15531}, {75, 30, 15707}, {109, 30, 15867}};

inline constexpr KnText kPaksha[] = {{77, 30, 16086}, {77, 30, 16252}};

inline constexpr KnText kPakshaShort[] = {{34, 27, 16426}, {33, 27, 16504}};

inline constexpr KnText kNakshatra[] = {
    {57, 30, 16589},  {55, 30, 16710},  {57, 30, 16827},  {82, 30, 16949}, {84, 30, 17119},  {65, 30, 17300},
    {96, 30, 17416},  {51, 30, 17616},  {75, 30, 17738},  {60, 30, 17892}, {135, 30, 18007}, {129, 30, 18293},
    {39, 30, 18560},  {48, 30, 18639},  {46, 30, 18731},  {65, 30, 18828}, {98, 30, 18953},  {56, 30, 19140},
    {62, 30, 19278},  {123, 30, 19398}, {117, 30, 19646}, {58, 30, 19881}, {57, 30, 20000},  {68, 30, 20129},
    {127, 30, 20274}, {120, 30, 20531}, {59, 30, 20772}};

inline constexpr KnText kNakshatraLabel[] = {
    {47, 27, 20892},  {46, 27, 21002},  {47, 27, 21105}, {67, 27, 21211}, {71, 27, 21361},  {55, 27, 21519},
    {82, 27, 21618},  {42, 27, 21787},  {61, 27, 21891}, {50, 27, 22030}, {113, 27, 22127}, {109, 27, 22370},
    {33, 27, 22606},  {39, 27, 22675},  {37, 27, 22756}, {54, 27, 22840}, {82, 27, 22950},  {46, 27, 23108},
    {52, 27, 23224},  {101, 27, 23326}, {97, 27, 23533}, {48, 27, 23733}, {48, 27, 23835},  {56, 27, 23943},
    {105, 27, 24069}, {101, 27, 24278}, {48, 27, 24481}};

inline constexpr KnText kYoga[] = {{74, 30, 24587}, {46, 30, 24749}, {118, 30, 24845}, {79, 30, 25075}, {79, 30, 25241},
                                   {81, 30, 25404}, {78, 30, 25566}, {36, 30, 25718},  {51, 30, 25801}, {46, 30, 25901},
                                   {43, 30, 25995}, {48, 30, 26094}, {83, 30, 26195},  {71, 30, 26361}, {41, 30, 26500},
                                   {38, 30, 26584}, {93, 30, 26667}, {109, 30, 26860}, {58, 30, 27077}, {35, 30, 27199},
                                   {38, 30, 27271}, {52, 30, 27355}, {43, 30, 27467},  {40, 30, 27557}, {48, 30, 27644},
                                   {53, 30, 27741}, {59, 30, 27848}};

inline constexpr KnText kKarana[] = {{39, 30, 27988}, {67, 30, 28065}, {61, 30, 28196}, {52, 30, 28312},
                                     {49, 30, 28422}, {58, 30, 28524}, {43, 30, 28643}, {55, 30, 28742},
                                     {92, 30, 28852}, {43, 30, 29044}, {79, 30, 29129}};

inline constexpr KnText kSpecial[] = {
    {1, 30, 29296},   {81, 30, 29298},  {146, 30, 29458}, {151, 30, 29749}, {140, 30, 30059}, {143, 30, 30338},
    {139, 30, 30651}, {216, 30, 30929}, {151, 30, 31348}, {126, 30, 31641}, {137, 30, 31899}, {93, 30, 32167},
    {117, 30, 32352}, {131, 30, 32593}, {143, 30, 32850}, {144, 30, 33136}, {93, 30, 33415},  {75, 30, 33603},
    {75, 30, 33754},  {109, 30, 33914}, {143, 30, 34133}};

inline constexpr KnText kLabel[] = {
    {67, 27, 34428},  {45, 27, 34571},  {28, 27, 34662},  {41, 27, 34729},  {54, 27, 34824},
    {41, 27, 34941},  {38, 27, 35025},  {120, 27, 35098}, {90, 27, 35344},  {84, 27, 35523},
    {126, 27, 35677}, {85, 27, 35923},  {153, 27, 36085}, {100, 27, 36384}, {45, 27, 36599},
    {49, 27, 36692},  {89, 27, 36795},  {41, 27, 36983},  {47, 27, 37076},  {87, 27, 37172},
    {44, 27, 37358},  {166, 27, 37448}, {119, 27, 37802}, {37, 27, 38061},  {98, 27, 38135}};

inline constexpr KnText kTitle[] = {{110, 37, 38328}};

}  // namespace kn
